2024-09-24 18:39:12,232 [Worker-4: Loading available Gradle versions] INFO  o.e.b.c.i.u.g.PublishedGradleVersions - Gradle version information cache is up-to-date. Trying to read.
2024-09-24 18:39:40,387 [Worker-2: Building] INFO  o.e.m.c.i.l.LifecycleMappingFactory - Using org.eclipse.m2e.jdt.JarLifecycleMapping lifecycle mapping for MavenProject: org.cibertec:jpa_sesion02:0.0.1-SNAPSHOT @ F:\ARCHIVOS\INSTITUTO CIBERTEC CLASES\LENGUAJE DE PROGRAMACI覰 II\CLASES LPII\SESI覰 04 LPII\LPII_Sesi髇_04\jpa_sesion02\jpa_sesion02\pom.xml.
2024-09-24 18:39:42,753 [Worker-2: Building] INFO  o.a.m.s.f.DefaultMavenResourcesFiltering - Copying 1 resource from src\main\resources to target\classes
2024-09-24 18:39:42,763 [Worker-2: Building] INFO  o.a.m.s.f.DefaultMavenResourcesFiltering - skip non existing resourceDirectory F:\ARCHIVOS\INSTITUTO CIBERTEC CLASES\LENGUAJE DE PROGRAMACI覰 II\CLASES LPII\SESI覰 04 LPII\LPII_Sesi髇_04\jpa_sesion02\jpa_sesion02\src\test\resources
2024-09-24 18:40:35,077 [Worker-0: Launching Executing clean in F__ARCHIVOS_INSTITUTO CIBERTEC CLASES_LENGUAJE DE PROGRAMACI覰 II_CLASES LPII_SESI覰 04 LPII_LPII_Sesi髇_04_jpa_sesion02_jpa_sesion02] INFO  o.eclipse.m2e.core.internal.Bundles - getClasspathEntries(Bundle=org.eclipse.m2e.maven.runtime_3.9.500.20231113-2345 [629])
2024-09-24 18:40:35,078 [Worker-0: Launching Executing clean in F__ARCHIVOS_INSTITUTO CIBERTEC CLASES_LENGUAJE DE PROGRAMACI覰 II_CLASES LPII_SESI覰 04 LPII_LPII_Sesi髇_04_jpa_sesion02_jpa_sesion02] INFO  o.eclipse.m2e.core.internal.Bundles - 	Entry: C:\eclipse IDE\plugins\org.eclipse.m2e.maven.runtime_3.9.500.20231113-2345
2024-09-24 18:40:35,079 [Worker-0: Launching Executing clean in F__ARCHIVOS_INSTITUTO CIBERTEC CLASES_LENGUAJE DE PROGRAMACI覰 II_CLASES LPII_SESI覰 04 LPII_LPII_Sesi髇_04_jpa_sesion02_jpa_sesion02] INFO  o.eclipse.m2e.core.internal.Bundles - 	Entry: C:\eclipse IDE\plugins\org.eclipse.m2e.maven.runtime_3.9.500.20231113-2345\jars\aopalliance-1.0.jar
2024-09-24 18:40:35,079 [Worker-0: Launching Executing clean in F__ARCHIVOS_INSTITUTO CIBERTEC CLASES_LENGUAJE DE PROGRAMACI覰 II_CLASES LPII_SESI覰 04 LPII_LPII_Sesi髇_04_jpa_sesion02_jpa_sesion02] INFO  o.eclipse.m2e.core.internal.Bundles - 	Entry: C:\eclipse IDE\plugins\org.eclipse.m2e.maven.runtime_3.9.500.20231113-2345\jars\guice-5.1.0.jar
2024-09-24 18:40:35,079 [Worker-0: Launching Executing clean in F__ARCHIVOS_INSTITUTO CIBERTEC CLASES_LENGUAJE DE PROGRAMACI覰 II_CLASES LPII_SESI覰 04 LPII_LPII_Sesi髇_04_jpa_sesion02_jpa_sesion02] INFO  o.eclipse.m2e.core.internal.Bundles - 	Entry: C:\eclipse IDE\plugins\org.eclipse.m2e.maven.runtime_3.9.500.20231113-2345\jars\httpclient-4.5.14.jar
2024-09-24 18:40:35,079 [Worker-0: Launching Executing clean in F__ARCHIVOS_INSTITUTO CIBERTEC CLASES_LENGUAJE DE PROGRAMACI覰 II_CLASES LPII_SESI覰 04 LPII_LPII_Sesi髇_04_jpa_sesion02_jpa_sesion02] INFO  o.eclipse.m2e.core.internal.Bundles - 	Entry: C:\eclipse IDE\plugins\org.eclipse.m2e.maven.runtime_3.9.500.20231113-2345\jars\httpcore-4.4.16.jar
2024-09-24 18:40:35,079 [Worker-0: Launching Executing clean in F__ARCHIVOS_INSTITUTO CIBERTEC CLASES_LENGUAJE DE PROGRAMACI覰 II_CLASES LPII_SESI覰 04 LPII_LPII_Sesi髇_04_jpa_sesion02_jpa_sesion02] INFO  o.eclipse.m2e.core.internal.Bundles - 	Entry: C:\eclipse IDE\plugins\org.eclipse.m2e.maven.runtime_3.9.500.20231113-2345\jars\jansi-2.4.0.jar
2024-09-24 18:40:35,079 [Worker-0: Launching Executing clean in F__ARCHIVOS_INSTITUTO CIBERTEC CLASES_LENGUAJE DE PROGRAMACI覰 II_CLASES LPII_SESI覰 04 LPII_LPII_Sesi髇_04_jpa_sesion02_jpa_sesion02] INFO  o.eclipse.m2e.core.internal.Bundles - 	Entry: C:\eclipse IDE\plugins\org.eclipse.m2e.maven.runtime_3.9.500.20231113-2345\jars\jcl-over-slf4j-1.7.36.jar
2024-09-24 18:40:35,080 [Worker-0: Launching Executing clean in F__ARCHIVOS_INSTITUTO CIBERTEC CLASES_LENGUAJE DE PROGRAMACI覰 II_CLASES LPII_SESI覰 04 LPII_LPII_Sesi髇_04_jpa_sesion02_jpa_sesion02] INFO  o.eclipse.m2e.core.internal.Bundles - 	Entry: C:\eclipse IDE\plugins\org.eclipse.m2e.maven.runtime_3.9.500.20231113-2345\jars\maven-artifact-3.9.5.jar
2024-09-24 18:40:35,080 [Worker-0: Launching Executing clean in F__ARCHIVOS_INSTITUTO CIBERTEC CLASES_LENGUAJE DE PROGRAMACI覰 II_CLASES LPII_SESI覰 04 LPII_LPII_Sesi髇_04_jpa_sesion02_jpa_sesion02] INFO  o.eclipse.m2e.core.internal.Bundles - 	Entry: C:\eclipse IDE\plugins\org.eclipse.m2e.maven.runtime_3.9.500.20231113-2345\jars\maven-builder-support-3.9.5.jar
2024-09-24 18:40:35,080 [Worker-0: Launching Executing clean in F__ARCHIVOS_INSTITUTO CIBERTEC CLASES_LENGUAJE DE PROGRAMACI覰 II_CLASES LPII_SESI覰 04 LPII_LPII_Sesi髇_04_jpa_sesion02_jpa_sesion02] INFO  o.eclipse.m2e.core.internal.Bundles - 	Entry: C:\eclipse IDE\plugins\org.eclipse.m2e.maven.runtime_3.9.500.20231113-2345\jars\maven-compat-3.9.5.jar
2024-09-24 18:40:35,080 [Worker-0: Launching Executing clean in F__ARCHIVOS_INSTITUTO CIBERTEC CLASES_LENGUAJE DE PROGRAMACI覰 II_CLASES LPII_SESI覰 04 LPII_LPII_Sesi髇_04_jpa_sesion02_jpa_sesion02] INFO  o.eclipse.m2e.core.internal.Bundles - 	Entry: C:\eclipse IDE\plugins\org.eclipse.m2e.maven.runtime_3.9.500.20231113-2345\jars\maven-core-3.9.5.jar
2024-09-24 18:40:35,081 [Worker-0: Launching Executing clean in F__ARCHIVOS_INSTITUTO CIBERTEC CLASES_LENGUAJE DE PROGRAMACI覰 II_CLASES LPII_SESI覰 04 LPII_LPII_Sesi髇_04_jpa_sesion02_jpa_sesion02] INFO  o.eclipse.m2e.core.internal.Bundles - 	Entry: C:\eclipse IDE\plugins\org.eclipse.m2e.maven.runtime_3.9.500.20231113-2345\jars\maven-embedder-3.9.5.jar
2024-09-24 18:40:35,081 [Worker-0: Launching Executing clean in F__ARCHIVOS_INSTITUTO CIBERTEC CLASES_LENGUAJE DE PROGRAMACI覰 II_CLASES LPII_SESI覰 04 LPII_LPII_Sesi髇_04_jpa_sesion02_jpa_sesion02] INFO  o.eclipse.m2e.core.internal.Bundles - 	Entry: C:\eclipse IDE\plugins\org.eclipse.m2e.maven.runtime_3.9.500.20231113-2345\jars\maven-model-3.9.5.jar
2024-09-24 18:40:35,081 [Worker-0: Launching Executing clean in F__ARCHIVOS_INSTITUTO CIBERTEC CLASES_LENGUAJE DE PROGRAMACI覰 II_CLASES LPII_SESI覰 04 LPII_LPII_Sesi髇_04_jpa_sesion02_jpa_sesion02] INFO  o.eclipse.m2e.core.internal.Bundles - 	Entry: C:\eclipse IDE\plugins\org.eclipse.m2e.maven.runtime_3.9.500.20231113-2345\jars\maven-model-builder-3.9.5.jar
2024-09-24 18:40:35,081 [Worker-0: Launching Executing clean in F__ARCHIVOS_INSTITUTO CIBERTEC CLASES_LENGUAJE DE PROGRAMACI覰 II_CLASES LPII_SESI覰 04 LPII_LPII_Sesi髇_04_jpa_sesion02_jpa_sesion02] INFO  o.eclipse.m2e.core.internal.Bundles - 	Entry: C:\eclipse IDE\plugins\org.eclipse.m2e.maven.runtime_3.9.500.20231113-2345\jars\maven-plugin-api-3.9.5.jar
2024-09-24 18:40:35,081 [Worker-0: Launching Executing clean in F__ARCHIVOS_INSTITUTO CIBERTEC CLASES_LENGUAJE DE PROGRAMACI覰 II_CLASES LPII_SESI覰 04 LPII_LPII_Sesi髇_04_jpa_sesion02_jpa_sesion02] INFO  o.eclipse.m2e.core.internal.Bundles - 	Entry: C:\eclipse IDE\plugins\org.eclipse.m2e.maven.runtime_3.9.500.20231113-2345\jars\maven-repository-metadata-3.9.5.jar
2024-09-24 18:40:35,081 [Worker-0: Launching Executing clean in F__ARCHIVOS_INSTITUTO CIBERTEC CLASES_LENGUAJE DE PROGRAMACI覰 II_CLASES LPII_SESI覰 04 LPII_LPII_Sesi髇_04_jpa_sesion02_jpa_sesion02] INFO  o.eclipse.m2e.core.internal.Bundles - 	Entry: C:\eclipse IDE\plugins\org.eclipse.m2e.maven.runtime_3.9.500.20231113-2345\jars\maven-resolver-api-1.9.16.jar
2024-09-24 18:40:35,082 [Worker-0: Launching Executing clean in F__ARCHIVOS_INSTITUTO CIBERTEC CLASES_LENGUAJE DE PROGRAMACI覰 II_CLASES LPII_SESI覰 04 LPII_LPII_Sesi髇_04_jpa_sesion02_jpa_sesion02] INFO  o.eclipse.m2e.core.internal.Bundles - 	Entry: C:\eclipse IDE\plugins\org.eclipse.m2e.maven.runtime_3.9.500.20231113-2345\jars\maven-resolver-connector-basic-1.9.16.jar
2024-09-24 18:40:35,082 [Worker-0: Launching Executing clean in F__ARCHIVOS_INSTITUTO CIBERTEC CLASES_LENGUAJE DE PROGRAMACI覰 II_CLASES LPII_SESI覰 04 LPII_LPII_Sesi髇_04_jpa_sesion02_jpa_sesion02] INFO  o.eclipse.m2e.core.internal.Bundles - 	Entry: C:\eclipse IDE\plugins\org.eclipse.m2e.maven.runtime_3.9.500.20231113-2345\jars\maven-resolver-impl-1.9.16.jar
2024-09-24 18:40:35,082 [Worker-0: Launching Executing clean in F__ARCHIVOS_INSTITUTO CIBERTEC CLASES_LENGUAJE DE PROGRAMACI覰 II_CLASES LPII_SESI覰 04 LPII_LPII_Sesi髇_04_jpa_sesion02_jpa_sesion02] INFO  o.eclipse.m2e.core.internal.Bundles - 	Entry: C:\eclipse IDE\plugins\org.eclipse.m2e.maven.runtime_3.9.500.20231113-2345\jars\maven-resolver-named-locks-1.9.16.jar
2024-09-24 18:40:35,082 [Worker-0: Launching Executing clean in F__ARCHIVOS_INSTITUTO CIBERTEC CLASES_LENGUAJE DE PROGRAMACI覰 II_CLASES LPII_SESI覰 04 LPII_LPII_Sesi髇_04_jpa_sesion02_jpa_sesion02] INFO  o.eclipse.m2e.core.internal.Bundles - 	Entry: C:\eclipse IDE\plugins\org.eclipse.m2e.maven.runtime_3.9.500.20231113-2345\jars\maven-resolver-provider-3.9.5.jar
2024-09-24 18:40:35,082 [Worker-0: Launching Executing clean in F__ARCHIVOS_INSTITUTO CIBERTEC CLASES_LENGUAJE DE PROGRAMACI覰 II_CLASES LPII_SESI覰 04 LPII_LPII_Sesi髇_04_jpa_sesion02_jpa_sesion02] INFO  o.eclipse.m2e.core.internal.Bundles - 	Entry: C:\eclipse IDE\plugins\org.eclipse.m2e.maven.runtime_3.9.500.20231113-2345\jars\maven-resolver-spi-1.9.16.jar
2024-09-24 18:40:35,083 [Worker-0: Launching Executing clean in F__ARCHIVOS_INSTITUTO CIBERTEC CLASES_LENGUAJE DE PROGRAMACI覰 II_CLASES LPII_SESI覰 04 LPII_LPII_Sesi髇_04_jpa_sesion02_jpa_sesion02] INFO  o.eclipse.m2e.core.internal.Bundles - 	Entry: C:\eclipse IDE\plugins\org.eclipse.m2e.maven.runtime_3.9.500.20231113-2345\jars\maven-resolver-transport-file-1.9.16.jar
2024-09-24 18:40:35,083 [Worker-0: Launching Executing clean in F__ARCHIVOS_INSTITUTO CIBERTEC CLASES_LENGUAJE DE PROGRAMACI覰 II_CLASES LPII_SESI覰 04 LPII_LPII_Sesi髇_04_jpa_sesion02_jpa_sesion02] INFO  o.eclipse.m2e.core.internal.Bundles - 	Entry: C:\eclipse IDE\plugins\org.eclipse.m2e.maven.runtime_3.9.500.20231113-2345\jars\maven-resolver-transport-http-1.9.16.jar
2024-09-24 18:40:35,083 [Worker-0: Launching Executing clean in F__ARCHIVOS_INSTITUTO CIBERTEC CLASES_LENGUAJE DE PROGRAMACI覰 II_CLASES LPII_SESI覰 04 LPII_LPII_Sesi髇_04_jpa_sesion02_jpa_sesion02] INFO  o.eclipse.m2e.core.internal.Bundles - 	Entry: C:\eclipse IDE\plugins\org.eclipse.m2e.maven.runtime_3.9.500.20231113-2345\jars\maven-resolver-transport-wagon-1.9.16.jar
2024-09-24 18:40:35,083 [Worker-0: Launching Executing clean in F__ARCHIVOS_INSTITUTO CIBERTEC CLASES_LENGUAJE DE PROGRAMACI覰 II_CLASES LPII_SESI覰 04 LPII_LPII_Sesi髇_04_jpa_sesion02_jpa_sesion02] INFO  o.eclipse.m2e.core.internal.Bundles - 	Entry: C:\eclipse IDE\plugins\org.eclipse.m2e.maven.runtime_3.9.500.20231113-2345\jars\maven-resolver-util-1.9.16.jar
2024-09-24 18:40:35,083 [Worker-0: Launching Executing clean in F__ARCHIVOS_INSTITUTO CIBERTEC CLASES_LENGUAJE DE PROGRAMACI覰 II_CLASES LPII_SESI覰 04 LPII_LPII_Sesi髇_04_jpa_sesion02_jpa_sesion02] INFO  o.eclipse.m2e.core.internal.Bundles - 	Entry: C:\eclipse IDE\plugins\org.eclipse.m2e.maven.runtime_3.9.500.20231113-2345\jars\maven-settings-3.9.5.jar
2024-09-24 18:40:35,084 [Worker-0: Launching Executing clean in F__ARCHIVOS_INSTITUTO CIBERTEC CLASES_LENGUAJE DE PROGRAMACI覰 II_CLASES LPII_SESI覰 04 LPII_LPII_Sesi髇_04_jpa_sesion02_jpa_sesion02] INFO  o.eclipse.m2e.core.internal.Bundles - 	Entry: C:\eclipse IDE\plugins\org.eclipse.m2e.maven.runtime_3.9.500.20231113-2345\jars\maven-settings-builder-3.9.5.jar
2024-09-24 18:40:35,084 [Worker-0: Launching Executing clean in F__ARCHIVOS_INSTITUTO CIBERTEC CLASES_LENGUAJE DE PROGRAMACI覰 II_CLASES LPII_SESI覰 04 LPII_LPII_Sesi髇_04_jpa_sesion02_jpa_sesion02] INFO  o.eclipse.m2e.core.internal.Bundles - 	Entry: C:\eclipse IDE\plugins\org.eclipse.m2e.maven.runtime_3.9.500.20231113-2345\jars\maven-shared-utils-3.3.4.jar
2024-09-24 18:40:35,084 [Worker-0: Launching Executing clean in F__ARCHIVOS_INSTITUTO CIBERTEC CLASES_LENGUAJE DE PROGRAMACI覰 II_CLASES LPII_SESI覰 04 LPII_LPII_Sesi髇_04_jpa_sesion02_jpa_sesion02] INFO  o.eclipse.m2e.core.internal.Bundles - 	Entry: C:\eclipse IDE\plugins\org.eclipse.m2e.maven.runtime_3.9.500.20231113-2345\jars\org.eclipse.sisu.inject-0.3.5.jar
2024-09-24 18:40:35,084 [Worker-0: Launching Executing clean in F__ARCHIVOS_INSTITUTO CIBERTEC CLASES_LENGUAJE DE PROGRAMACI覰 II_CLASES LPII_SESI覰 04 LPII_LPII_Sesi髇_04_jpa_sesion02_jpa_sesion02] INFO  o.eclipse.m2e.core.internal.Bundles - 	Entry: C:\eclipse IDE\plugins\org.eclipse.m2e.maven.runtime_3.9.500.20231113-2345\jars\org.eclipse.sisu.plexus-0.3.5.jar
2024-09-24 18:40:35,084 [Worker-0: Launching Executing clean in F__ARCHIVOS_INSTITUTO CIBERTEC CLASES_LENGUAJE DE PROGRAMACI覰 II_CLASES LPII_SESI覰 04 LPII_LPII_Sesi髇_04_jpa_sesion02_jpa_sesion02] INFO  o.eclipse.m2e.core.internal.Bundles - 	Entry: C:\eclipse IDE\plugins\org.eclipse.m2e.maven.runtime_3.9.500.20231113-2345\jars\plexus-build-api-0.0.7.jar
2024-09-24 18:40:35,085 [Worker-0: Launching Executing clean in F__ARCHIVOS_INSTITUTO CIBERTEC CLASES_LENGUAJE DE PROGRAMACI覰 II_CLASES LPII_SESI覰 04 LPII_LPII_Sesi髇_04_jpa_sesion02_jpa_sesion02] INFO  o.eclipse.m2e.core.internal.Bundles - 	Entry: C:\eclipse IDE\plugins\org.eclipse.m2e.maven.runtime_3.9.500.20231113-2345\jars\plexus-cipher-2.0.jar
2024-09-24 18:40:35,085 [Worker-0: Launching Executing clean in F__ARCHIVOS_INSTITUTO CIBERTEC CLASES_LENGUAJE DE PROGRAMACI覰 II_CLASES LPII_SESI覰 04 LPII_LPII_Sesi髇_04_jpa_sesion02_jpa_sesion02] INFO  o.eclipse.m2e.core.internal.Bundles - 	Entry: C:\eclipse IDE\plugins\org.eclipse.m2e.maven.runtime_3.9.500.20231113-2345\jars\plexus-classworlds-2.7.0.jar
2024-09-24 18:40:35,085 [Worker-0: Launching Executing clean in F__ARCHIVOS_INSTITUTO CIBERTEC CLASES_LENGUAJE DE PROGRAMACI覰 II_CLASES LPII_SESI覰 04 LPII_LPII_Sesi髇_04_jpa_sesion02_jpa_sesion02] INFO  o.eclipse.m2e.core.internal.Bundles - 	Entry: C:\eclipse IDE\plugins\org.eclipse.m2e.maven.runtime_3.9.500.20231113-2345\jars\plexus-component-annotations-2.1.0.jar
2024-09-24 18:40:35,085 [Worker-0: Launching Executing clean in F__ARCHIVOS_INSTITUTO CIBERTEC CLASES_LENGUAJE DE PROGRAMACI覰 II_CLASES LPII_SESI覰 04 LPII_LPII_Sesi髇_04_jpa_sesion02_jpa_sesion02] INFO  o.eclipse.m2e.core.internal.Bundles - 	Entry: C:\eclipse IDE\plugins\org.eclipse.m2e.maven.runtime_3.9.500.20231113-2345\jars\plexus-interpolation-1.26.jar
2024-09-24 18:40:35,085 [Worker-0: Launching Executing clean in F__ARCHIVOS_INSTITUTO CIBERTEC CLASES_LENGUAJE DE PROGRAMACI覰 II_CLASES LPII_SESI覰 04 LPII_LPII_Sesi髇_04_jpa_sesion02_jpa_sesion02] INFO  o.eclipse.m2e.core.internal.Bundles - 	Entry: C:\eclipse IDE\plugins\org.eclipse.m2e.maven.runtime_3.9.500.20231113-2345\jars\plexus-sec-dispatcher-2.0.jar
2024-09-24 18:40:35,086 [Worker-0: Launching Executing clean in F__ARCHIVOS_INSTITUTO CIBERTEC CLASES_LENGUAJE DE PROGRAMACI覰 II_CLASES LPII_SESI覰 04 LPII_LPII_Sesi髇_04_jpa_sesion02_jpa_sesion02] INFO  o.eclipse.m2e.core.internal.Bundles - 	Entry: C:\eclipse IDE\plugins\org.eclipse.m2e.maven.runtime_3.9.500.20231113-2345\jars\plexus-utils-3.5.1.jar
2024-09-24 18:40:35,086 [Worker-0: Launching Executing clean in F__ARCHIVOS_INSTITUTO CIBERTEC CLASES_LENGUAJE DE PROGRAMACI覰 II_CLASES LPII_SESI覰 04 LPII_LPII_Sesi髇_04_jpa_sesion02_jpa_sesion02] INFO  o.eclipse.m2e.core.internal.Bundles - 	Entry: C:\eclipse IDE\plugins\org.eclipse.m2e.maven.runtime_3.9.500.20231113-2345\jars\wagon-file-3.5.3.jar
2024-09-24 18:40:35,086 [Worker-0: Launching Executing clean in F__ARCHIVOS_INSTITUTO CIBERTEC CLASES_LENGUAJE DE PROGRAMACI覰 II_CLASES LPII_SESI覰 04 LPII_LPII_Sesi髇_04_jpa_sesion02_jpa_sesion02] INFO  o.eclipse.m2e.core.internal.Bundles - 	Entry: C:\eclipse IDE\plugins\org.eclipse.m2e.maven.runtime_3.9.500.20231113-2345\jars\wagon-http-3.5.3.jar
2024-09-24 18:40:35,086 [Worker-0: Launching Executing clean in F__ARCHIVOS_INSTITUTO CIBERTEC CLASES_LENGUAJE DE PROGRAMACI覰 II_CLASES LPII_SESI覰 04 LPII_LPII_Sesi髇_04_jpa_sesion02_jpa_sesion02] INFO  o.eclipse.m2e.core.internal.Bundles - 	Entry: C:\eclipse IDE\plugins\org.eclipse.m2e.maven.runtime_3.9.500.20231113-2345\jars\wagon-http-shared-3.5.3.jar
2024-09-24 18:40:35,087 [Worker-0: Launching Executing clean in F__ARCHIVOS_INSTITUTO CIBERTEC CLASES_LENGUAJE DE PROGRAMACI覰 II_CLASES LPII_SESI覰 04 LPII_LPII_Sesi髇_04_jpa_sesion02_jpa_sesion02] INFO  o.eclipse.m2e.core.internal.Bundles - 	Entry: C:\eclipse IDE\plugins\org.eclipse.m2e.maven.runtime_3.9.500.20231113-2345\jars\wagon-provider-api-3.5.3.jar
2024-09-24 18:40:35,088 [Worker-0: Launching Executing clean in F__ARCHIVOS_INSTITUTO CIBERTEC CLASES_LENGUAJE DE PROGRAMACI覰 II_CLASES LPII_SESI覰 04 LPII_LPII_Sesi髇_04_jpa_sesion02_jpa_sesion02] INFO  o.eclipse.m2e.core.internal.Bundles - getClasspathEntries(Bundle=com.google.guava_32.1.3.jre [12])
2024-09-24 18:40:35,088 [Worker-0: Launching Executing clean in F__ARCHIVOS_INSTITUTO CIBERTEC CLASES_LENGUAJE DE PROGRAMACI覰 II_CLASES LPII_SESI覰 04 LPII_LPII_Sesi髇_04_jpa_sesion02_jpa_sesion02] INFO  o.eclipse.m2e.core.internal.Bundles - 	Entry: C:\eclipse IDE\plugins\com.google.guava_32.1.3.jre.jar
2024-09-24 18:40:35,088 [Worker-0: Launching Executing clean in F__ARCHIVOS_INSTITUTO CIBERTEC CLASES_LENGUAJE DE PROGRAMACI覰 II_CLASES LPII_SESI覰 04 LPII_LPII_Sesi髇_04_jpa_sesion02_jpa_sesion02] INFO  o.eclipse.m2e.core.internal.Bundles - getClasspathEntries(Bundle=slf4j.api_2.0.9 [989])
2024-09-24 18:40:35,089 [Worker-0: Launching Executing clean in F__ARCHIVOS_INSTITUTO CIBERTEC CLASES_LENGUAJE DE PROGRAMACI覰 II_CLASES LPII_SESI覰 04 LPII_LPII_Sesi髇_04_jpa_sesion02_jpa_sesion02] INFO  o.eclipse.m2e.core.internal.Bundles - 	Entry: C:\eclipse IDE\plugins\slf4j.api_2.0.9.jar
2024-09-24 18:40:35,089 [Worker-0: Launching Executing clean in F__ARCHIVOS_INSTITUTO CIBERTEC CLASES_LENGUAJE DE PROGRAMACI覰 II_CLASES LPII_SESI覰 04 LPII_LPII_Sesi髇_04_jpa_sesion02_jpa_sesion02] INFO  o.eclipse.m2e.core.internal.Bundles - getClasspathEntries(Bundle=jakarta.inject.jakarta.inject-api_1.0.5 [29])
2024-09-24 18:40:35,089 [Worker-0: Launching Executing clean in F__ARCHIVOS_INSTITUTO CIBERTEC CLASES_LENGUAJE DE PROGRAMACI覰 II_CLASES LPII_SESI覰 04 LPII_LPII_Sesi髇_04_jpa_sesion02_jpa_sesion02] INFO  o.eclipse.m2e.core.internal.Bundles - 	Entry: C:\eclipse IDE\plugins\jakarta.inject.jakarta.inject-api_1.0.5.jar
2024-09-24 18:40:35,089 [Worker-0: Launching Executing clean in F__ARCHIVOS_INSTITUTO CIBERTEC CLASES_LENGUAJE DE PROGRAMACI覰 II_CLASES LPII_SESI覰 04 LPII_LPII_Sesi髇_04_jpa_sesion02_jpa_sesion02] INFO  o.eclipse.m2e.core.internal.Bundles - getClasspathEntries(Bundle=jakarta.annotation-api_1.3.5 [24])
2024-09-24 18:40:35,089 [Worker-0: Launching Executing clean in F__ARCHIVOS_INSTITUTO CIBERTEC CLASES_LENGUAJE DE PROGRAMACI覰 II_CLASES LPII_SESI覰 04 LPII_LPII_Sesi髇_04_jpa_sesion02_jpa_sesion02] INFO  o.eclipse.m2e.core.internal.Bundles - 	Entry: C:\eclipse IDE\plugins\jakarta.annotation-api_1.3.5.jar
2024-09-24 18:40:35,089 [Worker-0: Launching Executing clean in F__ARCHIVOS_INSTITUTO CIBERTEC CLASES_LENGUAJE DE PROGRAMACI覰 II_CLASES LPII_SESI覰 04 LPII_LPII_Sesi髇_04_jpa_sesion02_jpa_sesion02] INFO  o.eclipse.m2e.core.internal.Bundles - getClasspathEntries(Bundle=org.apache.commons.cli_1.6.0 [71])
2024-09-24 18:40:35,090 [Worker-0: Launching Executing clean in F__ARCHIVOS_INSTITUTO CIBERTEC CLASES_LENGUAJE DE PROGRAMACI覰 II_CLASES LPII_SESI覰 04 LPII_LPII_Sesi髇_04_jpa_sesion02_jpa_sesion02] INFO  o.eclipse.m2e.core.internal.Bundles - 	Entry: C:\eclipse IDE\plugins\org.apache.commons.cli_1.6.0.jar
2024-09-24 18:40:35,090 [Worker-0: Launching Executing clean in F__ARCHIVOS_INSTITUTO CIBERTEC CLASES_LENGUAJE DE PROGRAMACI覰 II_CLASES LPII_SESI覰 04 LPII_LPII_Sesi髇_04_jpa_sesion02_jpa_sesion02] INFO  o.eclipse.m2e.core.internal.Bundles - getClasspathEntries(Bundle=org.apache.commons.commons-codec_1.16.0 [75])
2024-09-24 18:40:35,090 [Worker-0: Launching Executing clean in F__ARCHIVOS_INSTITUTO CIBERTEC CLASES_LENGUAJE DE PROGRAMACI覰 II_CLASES LPII_SESI覰 04 LPII_LPII_Sesi髇_04_jpa_sesion02_jpa_sesion02] INFO  o.eclipse.m2e.core.internal.Bundles - 	Entry: C:\eclipse IDE\plugins\org.apache.commons.commons-codec_1.16.0.jar
2024-09-24 18:40:35,090 [Worker-0: Launching Executing clean in F__ARCHIVOS_INSTITUTO CIBERTEC CLASES_LENGUAJE DE PROGRAMACI覰 II_CLASES LPII_SESI覰 04 LPII_LPII_Sesi髇_04_jpa_sesion02_jpa_sesion02] INFO  o.eclipse.m2e.core.internal.Bundles - getClasspathEntries(Bundle=org.apache.commons.lang3_3.13.0 [82])
2024-09-24 18:40:35,090 [Worker-0: Launching Executing clean in F__ARCHIVOS_INSTITUTO CIBERTEC CLASES_LENGUAJE DE PROGRAMACI覰 II_CLASES LPII_SESI覰 04 LPII_LPII_Sesi髇_04_jpa_sesion02_jpa_sesion02] INFO  o.eclipse.m2e.core.internal.Bundles - 	Entry: C:\eclipse IDE\plugins\org.apache.commons.lang3_3.13.0.jar
2024-09-24 18:40:35,090 [Worker-0: Launching Executing clean in F__ARCHIVOS_INSTITUTO CIBERTEC CLASES_LENGUAJE DE PROGRAMACI覰 II_CLASES LPII_SESI覰 04 LPII_LPII_Sesi髇_04_jpa_sesion02_jpa_sesion02] INFO  o.eclipse.m2e.core.internal.Bundles - getClasspathEntries(Bundle=com.google.guava.failureaccess_1.0.2 [13])
2024-09-24 18:40:35,091 [Worker-0: Launching Executing clean in F__ARCHIVOS_INSTITUTO CIBERTEC CLASES_LENGUAJE DE PROGRAMACI覰 II_CLASES LPII_SESI覰 04 LPII_LPII_Sesi髇_04_jpa_sesion02_jpa_sesion02] INFO  o.eclipse.m2e.core.internal.Bundles - 	Entry: C:\eclipse IDE\plugins\com.google.guava.failureaccess_1.0.2.jar
2024-09-24 18:40:35,098 [Worker-0: Launching Executing clean in F__ARCHIVOS_INSTITUTO CIBERTEC CLASES_LENGUAJE DE PROGRAMACI覰 II_CLASES LPII_SESI覰 04 LPII_LPII_Sesi髇_04_jpa_sesion02_jpa_sesion02] INFO  o.e.m.i.launch.MavenLaunchDelegate - Run build in "F:\ARCHIVOS\INSTITUTO CIBERTEC CLASES\LENGUAJE DE PROGRAMACI覰 II\CLASES LPII\SESI覰 04 LPII\LPII_Sesi髇_04\jpa_sesion02\jpa_sesion02":
2024-09-24 18:40:35,103 [Worker-0: Launching Executing clean in F__ARCHIVOS_INSTITUTO CIBERTEC CLASES_LENGUAJE DE PROGRAMACI覰 II_CLASES LPII_SESI覰 04 LPII_LPII_Sesi髇_04_jpa_sesion02_jpa_sesion02] INFO  o.e.m.i.launch.MavenLaunchDelegate -  mvn  -B -Dstyle.color=always clean
2024-09-24 18:40:43,579 [Worker-8: Updating Maven Project] INFO  o.e.m.c.i.p.ProjectConfigurationManager - Update started
2024-09-24 18:40:43,814 [Worker-8: Updating Maven Project] INFO  o.e.m.c.i.l.LifecycleMappingFactory - Using org.eclipse.m2e.jdt.JarLifecycleMapping lifecycle mapping for MavenProject: org.cibertec:jpa_sesion02:0.0.1-SNAPSHOT @ F:\ARCHIVOS\INSTITUTO CIBERTEC CLASES\LENGUAJE DE PROGRAMACI覰 II\CLASES LPII\SESI覰 04 LPII\LPII_Sesi髇_04\jpa_sesion02\jpa_sesion02\pom.xml.
2024-09-24 18:40:44,325 [Worker-8: Updating Maven Project] INFO  o.e.m.j.i.AbstractJavaProjectConfigurator - Adding source folder /jpa_sesion02/src/main/java
2024-09-24 18:40:44,327 [Worker-8: Updating Maven Project] INFO  o.e.m.j.i.AbstractJavaProjectConfigurator - Adding resource folder /jpa_sesion02/src/main/resources
2024-09-24 18:40:44,327 [Worker-8: Updating Maven Project] INFO  o.e.m.j.i.AbstractJavaProjectConfigurator - Adding source folder /jpa_sesion02/src/test/java
2024-09-24 18:40:44,328 [Worker-8: Updating Maven Project] INFO  o.e.m.j.i.AbstractJavaProjectConfigurator - Adding resource folder /jpa_sesion02/src/test/resources
2024-09-24 18:40:44,965 [Worker-8: Updating Maven Project] INFO  o.e.m.c.i.p.ProjectConfigurationManager - Update completed for 1 poms: local refresh takes 0.00 sec, refresh facades takes 0.00 sec, update config takes 0.00 sec 
2024-09-24 18:40:46,754 [Worker-7: Building] INFO  o.a.m.s.f.DefaultMavenResourcesFiltering - Copying 1 resource from src\main\resources to target\classes
2024-09-24 18:40:46,763 [Worker-7: Building] INFO  o.a.m.s.f.DefaultMavenResourcesFiltering - skip non existing resourceDirectory F:\ARCHIVOS\INSTITUTO CIBERTEC CLASES\LENGUAJE DE PROGRAMACI覰 II\CLASES LPII\SESI覰 04 LPII\LPII_Sesi髇_04\jpa_sesion02\jpa_sesion02\src\test\resources
2024-09-24 18:42:03,642 [Worker-11: Launching FrmLogin] INFO  o.a.m.s.f.DefaultMavenResourcesFiltering - Copying 1 resource from src\main\resources to target\classes
2024-09-24 18:42:03,649 [Worker-11: Launching FrmLogin] INFO  o.a.m.s.f.DefaultMavenResourcesFiltering - skip non existing resourceDirectory F:\ARCHIVOS\INSTITUTO CIBERTEC CLASES\LENGUAJE DE PROGRAMACI覰 II\CLASES LPII\SESI覰 04 LPII\LPII_Sesi髇_04\jpa_sesion02\jpa_sesion02\src\test\resources
2024-09-24 18:49:37,812 [Worker-5: Building] INFO  o.a.m.s.f.DefaultMavenResourcesFiltering - Copying 1 resource from src\main\resources to target\classes
2024-09-24 18:49:37,815 [Worker-5: Building] INFO  o.a.m.s.f.DefaultMavenResourcesFiltering - skip non existing resourceDirectory F:\ARCHIVOS\INSTITUTO CIBERTEC CLASES\LENGUAJE DE PROGRAMACI覰 II\CLASES LPII\SESI覰 04 LPII\LPII_Sesi髇_04\jpa_sesion02\jpa_sesion02\src\test\resources
2024-09-24 18:49:51,222 [Worker-19: Building] INFO  o.a.m.s.f.DefaultMavenResourcesFiltering - Copying 1 resource from src\main\resources to target\classes
2024-09-24 18:49:51,225 [Worker-19: Building] INFO  o.a.m.s.f.DefaultMavenResourcesFiltering - skip non existing resourceDirectory F:\ARCHIVOS\INSTITUTO CIBERTEC CLASES\LENGUAJE DE PROGRAMACI覰 II\CLASES LPII\SESI覰 04 LPII\LPII_Sesi髇_04\jpa_sesion02\jpa_sesion02\src\test\resources
2024-09-24 18:50:20,903 [Worker-5: Building] INFO  o.a.m.s.f.DefaultMavenResourcesFiltering - Copying 1 resource from src\main\resources to target\classes
2024-09-24 18:50:20,905 [Worker-5: Building] INFO  o.a.m.s.f.DefaultMavenResourcesFiltering - skip non existing resourceDirectory F:\ARCHIVOS\INSTITUTO CIBERTEC CLASES\LENGUAJE DE PROGRAMACI覰 II\CLASES LPII\SESI覰 04 LPII\LPII_Sesi髇_04\jpa_sesion02\jpa_sesion02\src\test\resources
2024-09-24 18:51:17,651 [Worker-5: Building] INFO  o.a.m.s.f.DefaultMavenResourcesFiltering - Copying 1 resource from src\main\resources to target\classes
2024-09-24 18:51:17,654 [Worker-5: Building] INFO  o.a.m.s.f.DefaultMavenResourcesFiltering - skip non existing resourceDirectory F:\ARCHIVOS\INSTITUTO CIBERTEC CLASES\LENGUAJE DE PROGRAMACI覰 II\CLASES LPII\SESI覰 04 LPII\LPII_Sesi髇_04\jpa_sesion02\jpa_sesion02\src\test\resources
2024-09-24 18:52:05,396 [Worker-19: Building] INFO  o.a.m.s.f.DefaultMavenResourcesFiltering - Copying 1 resource from src\main\resources to target\classes
2024-09-24 18:52:05,398 [Worker-19: Building] INFO  o.a.m.s.f.DefaultMavenResourcesFiltering - skip non existing resourceDirectory F:\ARCHIVOS\INSTITUTO CIBERTEC CLASES\LENGUAJE DE PROGRAMACI覰 II\CLASES LPII\SESI覰 04 LPII\LPII_Sesi髇_04\jpa_sesion02\jpa_sesion02\src\test\resources
2024-09-24 18:52:48,791 [Worker-18: Building] INFO  o.a.m.s.f.DefaultMavenResourcesFiltering - Copying 1 resource from src\main\resources to target\classes
2024-09-24 18:52:48,795 [Worker-18: Building] INFO  o.a.m.s.f.DefaultMavenResourcesFiltering - skip non existing resourceDirectory F:\ARCHIVOS\INSTITUTO CIBERTEC CLASES\LENGUAJE DE PROGRAMACI覰 II\CLASES LPII\SESI覰 04 LPII\LPII_Sesi髇_04\jpa_sesion02\jpa_sesion02\src\test\resources
2024-09-24 18:53:16,456 [Worker-5: Building] INFO  o.a.m.s.f.DefaultMavenResourcesFiltering - Copying 1 resource from src\main\resources to target\classes
2024-09-24 18:53:16,458 [Worker-5: Building] INFO  o.a.m.s.f.DefaultMavenResourcesFiltering - skip non existing resourceDirectory F:\ARCHIVOS\INSTITUTO CIBERTEC CLASES\LENGUAJE DE PROGRAMACI覰 II\CLASES LPII\SESI覰 04 LPII\LPII_Sesi髇_04\jpa_sesion02\jpa_sesion02\src\test\resources
2024-09-24 18:55:06,696 [Worker-5: Building] INFO  o.a.m.s.f.DefaultMavenResourcesFiltering - Copying 1 resource from src\main\resources to target\classes
2024-09-24 18:55:06,698 [Worker-5: Building] INFO  o.a.m.s.f.DefaultMavenResourcesFiltering - skip non existing resourceDirectory F:\ARCHIVOS\INSTITUTO CIBERTEC CLASES\LENGUAJE DE PROGRAMACI覰 II\CLASES LPII\SESI覰 04 LPII\LPII_Sesi髇_04\jpa_sesion02\jpa_sesion02\src\test\resources
2024-09-24 18:56:38,230 [Worker-15: Building] INFO  o.e.m.c.i.l.LifecycleMappingFactory - Using org.eclipse.m2e.jdt.JarLifecycleMapping lifecycle mapping for MavenProject: org.cibertec:jpa_sesion02:0.0.1-SNAPSHOT @ F:\ARCHIVOS\INSTITUTO CIBERTEC CLASES\LENGUAJE DE PROGRAMACI覰 II\CLASES LPII\SESI覰 04 LPII\LPII_Sesi髇_04\jpa_sesion02\jpa_sesion02\pom.xml.
2024-09-24 18:56:38,417 [Worker-15: Building] INFO  o.a.m.s.f.DefaultMavenResourcesFiltering - Copying 1 resource from src\main\resources to target\classes
2024-09-24 18:56:38,421 [Worker-15: Building] INFO  o.a.m.s.f.DefaultMavenResourcesFiltering - skip non existing resourceDirectory F:\ARCHIVOS\INSTITUTO CIBERTEC CLASES\LENGUAJE DE PROGRAMACI覰 II\CLASES LPII\SESI覰 04 LPII\LPII_Sesi髇_04\jpa_sesion02\jpa_sesion02\src\test\resources
2024-09-24 18:56:39,197 [Worker-17: Updating Maven Dependencies] ERROR o.e.m.j.i.l.MavenLaunchConfigurationListener - Launch configuration FrmLogin references non-existing project jpa_sesion02.
org.eclipse.core.runtime.CoreException: Launch configuration FrmLogin references non-existing project jpa_sesion02.
	at org.eclipse.jdt.launching.JavaRuntime.abort(JavaRuntime.java:1858)
	at org.eclipse.jdt.launching.JavaRuntime.getJavaProject(JavaRuntime.java:1735)
	at org.eclipse.m2e.jdt.internal.launch.MavenLaunchConfigurationListener.updateLaunchConfiguration(MavenLaunchConfigurationListener.java:64)
	at org.eclipse.m2e.jdt.internal.launch.MavenLaunchConfigurationListener.launchConfigurationChanged(MavenLaunchConfigurationListener.java:50)
	at org.eclipse.debug.internal.core.LaunchManager$ConfigurationNotifier.run(LaunchManager.java:220)
	at org.eclipse.core.runtime.SafeRunner.run(SafeRunner.java:47)
	at org.eclipse.debug.internal.core.LaunchManager$ConfigurationNotifier.notify(LaunchManager.java:204)
	at org.eclipse.debug.internal.core.LaunchConfigurationWorkingCopy.setDirty(LaunchConfigurationWorkingCopy.java:527)
	at org.eclipse.debug.internal.core.LaunchConfigurationWorkingCopy.setAttribute(LaunchConfigurationWorkingCopy.java:415)
	at org.eclipse.m2e.jdt.internal.launch.MavenRuntimeClasspathProvider.disable(MavenRuntimeClasspathProvider.java:409)
	at org.eclipse.m2e.jdt.internal.launch.MavenRuntimeClasspathProvider.disable(MavenRuntimeClasspathProvider.java:435)
	at org.eclipse.m2e.jdt.internal.launch.MavenLaunchConfigurationListener.mavenProjectChanged(MavenLaunchConfigurationListener.java:135)
	at org.eclipse.m2e.core.internal.project.registry.ProjectRegistryManager.notifyProjectChangeListeners(ProjectRegistryManager.java:888)
	at org.eclipse.m2e.core.internal.project.registry.ProjectRegistryManager.applyMutableProjectRegistry(ProjectRegistryManager.java:1040)
	at org.eclipse.m2e.core.internal.project.registry.ProjectRegistryRefreshJob.lambda$0(ProjectRegistryRefreshJob.java:162)
	at org.eclipse.m2e.core.internal.embedder.MavenExecutionContext.executeBare(MavenExecutionContext.java:394)
	at org.eclipse.m2e.core.internal.embedder.MavenExecutionContext.execute(MavenExecutionContext.java:275)
	at org.eclipse.m2e.core.internal.embedder.MavenExecutionContext.execute(MavenExecutionContext.java:214)
	at org.eclipse.m2e.core.internal.project.registry.ProjectRegistryRefreshJob.run(ProjectRegistryRefreshJob.java:106)
	at org.eclipse.core.internal.jobs.Worker.run(Worker.java:63)
2024-09-24 18:56:39,203 [Worker-17: Updating Maven Dependencies] ERROR o.e.m.j.i.l.MavenLaunchConfigurationListener - Launch configuration FrmLogin references non-existing project jpa_sesion02.
org.eclipse.core.runtime.CoreException: Launch configuration FrmLogin references non-existing project jpa_sesion02.
	at org.eclipse.jdt.launching.JavaRuntime.abort(JavaRuntime.java:1858)
	at org.eclipse.jdt.launching.JavaRuntime.getJavaProject(JavaRuntime.java:1735)
	at org.eclipse.m2e.jdt.internal.launch.MavenLaunchConfigurationListener.updateLaunchConfiguration(MavenLaunchConfigurationListener.java:64)
	at org.eclipse.m2e.jdt.internal.launch.MavenLaunchConfigurationListener.launchConfigurationChanged(MavenLaunchConfigurationListener.java:50)
	at org.eclipse.debug.internal.core.LaunchManager$ConfigurationNotifier.run(LaunchManager.java:220)
	at org.eclipse.core.runtime.SafeRunner.run(SafeRunner.java:47)
	at org.eclipse.debug.internal.core.LaunchManager$ConfigurationNotifier.notify(LaunchManager.java:204)
	at org.eclipse.debug.internal.core.LaunchConfigurationWorkingCopy.setDirty(LaunchConfigurationWorkingCopy.java:527)
	at org.eclipse.debug.internal.core.LaunchConfigurationWorkingCopy.setAttribute(LaunchConfigurationWorkingCopy.java:415)
	at org.eclipse.m2e.jdt.internal.launch.MavenRuntimeClasspathProvider.disable(MavenRuntimeClasspathProvider.java:410)
	at org.eclipse.m2e.jdt.internal.launch.MavenRuntimeClasspathProvider.disable(MavenRuntimeClasspathProvider.java:435)
	at org.eclipse.m2e.jdt.internal.launch.MavenLaunchConfigurationListener.mavenProjectChanged(MavenLaunchConfigurationListener.java:135)
	at org.eclipse.m2e.core.internal.project.registry.ProjectRegistryManager.notifyProjectChangeListeners(ProjectRegistryManager.java:888)
	at org.eclipse.m2e.core.internal.project.registry.ProjectRegistryManager.applyMutableProjectRegistry(ProjectRegistryManager.java:1040)
	at org.eclipse.m2e.core.internal.project.registry.ProjectRegistryRefreshJob.lambda$0(ProjectRegistryRefreshJob.java:162)
	at org.eclipse.m2e.core.internal.embedder.MavenExecutionContext.executeBare(MavenExecutionContext.java:394)
	at org.eclipse.m2e.core.internal.embedder.MavenExecutionContext.execute(MavenExecutionContext.java:275)
	at org.eclipse.m2e.core.internal.embedder.MavenExecutionContext.execute(MavenExecutionContext.java:214)
	at org.eclipse.m2e.core.internal.project.registry.ProjectRegistryRefreshJob.run(ProjectRegistryRefreshJob.java:106)
	at org.eclipse.core.internal.jobs.Worker.run(Worker.java:63)
2024-09-24 18:56:39,216 [Worker-17: Updating Maven Dependencies] ERROR o.e.m.j.i.l.MavenLaunchConfigurationListener - Launch configuration FrmLogin references non-existing project jpa_sesion02.
org.eclipse.core.runtime.CoreException: Launch configuration FrmLogin references non-existing project jpa_sesion02.
	at org.eclipse.jdt.launching.JavaRuntime.abort(JavaRuntime.java:1858)
	at org.eclipse.jdt.launching.JavaRuntime.getJavaProject(JavaRuntime.java:1735)
	at org.eclipse.m2e.jdt.internal.launch.MavenLaunchConfigurationListener.updateLaunchConfiguration(MavenLaunchConfigurationListener.java:64)
	at org.eclipse.m2e.jdt.internal.launch.MavenLaunchConfigurationListener.launchConfigurationChanged(MavenLaunchConfigurationListener.java:50)
	at org.eclipse.debug.internal.core.LaunchManager$ConfigurationNotifier.run(LaunchManager.java:220)
	at org.eclipse.core.runtime.SafeRunner.run(SafeRunner.java:47)
	at org.eclipse.debug.internal.core.LaunchManager$ConfigurationNotifier.notify(LaunchManager.java:204)
	at org.eclipse.debug.internal.core.LaunchManager.launchConfigurationChanged(LaunchManager.java:2010)
	at org.eclipse.debug.internal.core.LaunchConfigurationWorkingCopy.writeNewFile(LaunchConfigurationWorkingCopy.java:380)
	at org.eclipse.debug.internal.core.LaunchConfigurationWorkingCopy.doSave0(LaunchConfigurationWorkingCopy.java:259)
	at org.eclipse.debug.internal.core.LaunchConfigurationWorkingCopy.doSave(LaunchConfigurationWorkingCopy.java:229)
	at org.eclipse.debug.internal.core.LaunchConfigurationWorkingCopy.doSave(LaunchConfigurationWorkingCopy.java:187)
	at org.eclipse.m2e.jdt.internal.launch.MavenRuntimeClasspathProvider.disable(MavenRuntimeClasspathProvider.java:411)
	at org.eclipse.m2e.jdt.internal.launch.MavenRuntimeClasspathProvider.disable(MavenRuntimeClasspathProvider.java:435)
	at org.eclipse.m2e.jdt.internal.launch.MavenLaunchConfigurationListener.mavenProjectChanged(MavenLaunchConfigurationListener.java:135)
	at org.eclipse.m2e.core.internal.project.registry.ProjectRegistryManager.notifyProjectChangeListeners(ProjectRegistryManager.java:888)
	at org.eclipse.m2e.core.internal.project.registry.ProjectRegistryManager.applyMutableProjectRegistry(ProjectRegistryManager.java:1040)
	at org.eclipse.m2e.core.internal.project.registry.ProjectRegistryRefreshJob.lambda$0(ProjectRegistryRefreshJob.java:162)
	at org.eclipse.m2e.core.internal.embedder.MavenExecutionContext.executeBare(MavenExecutionContext.java:394)
	at org.eclipse.m2e.core.internal.embedder.MavenExecutionContext.execute(MavenExecutionContext.java:275)
	at org.eclipse.m2e.core.internal.embedder.MavenExecutionContext.execute(MavenExecutionContext.java:214)
	at org.eclipse.m2e.core.internal.project.registry.ProjectRegistryRefreshJob.run(ProjectRegistryRefreshJob.java:106)
	at org.eclipse.core.internal.jobs.Worker.run(Worker.java:63)
2024-09-24 18:56:39,218 [Worker-17: Updating Maven Dependencies] ERROR o.e.m.j.i.l.MavenLaunchConfigurationListener - Launch configuration Demo05 references non-existing project jpa_sesion02.
org.eclipse.core.runtime.CoreException: Launch configuration Demo05 references non-existing project jpa_sesion02.
	at org.eclipse.jdt.launching.JavaRuntime.abort(JavaRuntime.java:1858)
	at org.eclipse.jdt.launching.JavaRuntime.getJavaProject(JavaRuntime.java:1735)
	at org.eclipse.m2e.jdt.internal.launch.MavenLaunchConfigurationListener.updateLaunchConfiguration(MavenLaunchConfigurationListener.java:64)
	at org.eclipse.m2e.jdt.internal.launch.MavenLaunchConfigurationListener.launchConfigurationChanged(MavenLaunchConfigurationListener.java:50)
	at org.eclipse.debug.internal.core.LaunchManager$ConfigurationNotifier.run(LaunchManager.java:220)
	at org.eclipse.core.runtime.SafeRunner.run(SafeRunner.java:47)
	at org.eclipse.debug.internal.core.LaunchManager$ConfigurationNotifier.notify(LaunchManager.java:204)
	at org.eclipse.debug.internal.core.LaunchConfigurationWorkingCopy.setDirty(LaunchConfigurationWorkingCopy.java:527)
	at org.eclipse.debug.internal.core.LaunchConfigurationWorkingCopy.setAttribute(LaunchConfigurationWorkingCopy.java:415)
	at org.eclipse.m2e.jdt.internal.launch.MavenRuntimeClasspathProvider.disable(MavenRuntimeClasspathProvider.java:409)
	at org.eclipse.m2e.jdt.internal.launch.MavenRuntimeClasspathProvider.disable(MavenRuntimeClasspathProvider.java:435)
	at org.eclipse.m2e.jdt.internal.launch.MavenLaunchConfigurationListener.mavenProjectChanged(MavenLaunchConfigurationListener.java:135)
	at org.eclipse.m2e.core.internal.project.registry.ProjectRegistryManager.notifyProjectChangeListeners(ProjectRegistryManager.java:888)
	at org.eclipse.m2e.core.internal.project.registry.ProjectRegistryManager.applyMutableProjectRegistry(ProjectRegistryManager.java:1040)
	at org.eclipse.m2e.core.internal.project.registry.ProjectRegistryRefreshJob.lambda$0(ProjectRegistryRefreshJob.java:162)
	at org.eclipse.m2e.core.internal.embedder.MavenExecutionContext.executeBare(MavenExecutionContext.java:394)
	at org.eclipse.m2e.core.internal.embedder.MavenExecutionContext.execute(MavenExecutionContext.java:275)
	at org.eclipse.m2e.core.internal.embedder.MavenExecutionContext.execute(MavenExecutionContext.java:214)
	at org.eclipse.m2e.core.internal.project.registry.ProjectRegistryRefreshJob.run(ProjectRegistryRefreshJob.java:106)
	at org.eclipse.core.internal.jobs.Worker.run(Worker.java:63)
2024-09-24 18:56:39,220 [Worker-17: Updating Maven Dependencies] ERROR o.e.m.j.i.l.MavenLaunchConfigurationListener - Launch configuration Demo05 references non-existing project jpa_sesion02.
org.eclipse.core.runtime.CoreException: Launch configuration Demo05 references non-existing project jpa_sesion02.
	at org.eclipse.jdt.launching.JavaRuntime.abort(JavaRuntime.java:1858)
	at org.eclipse.jdt.launching.JavaRuntime.getJavaProject(JavaRuntime.java:1735)
	at org.eclipse.m2e.jdt.internal.launch.MavenLaunchConfigurationListener.updateLaunchConfiguration(MavenLaunchConfigurationListener.java:64)
	at org.eclipse.m2e.jdt.internal.launch.MavenLaunchConfigurationListener.launchConfigurationChanged(MavenLaunchConfigurationListener.java:50)
	at org.eclipse.debug.internal.core.LaunchManager$ConfigurationNotifier.run(LaunchManager.java:220)
	at org.eclipse.core.runtime.SafeRunner.run(SafeRunner.java:47)
	at org.eclipse.debug.internal.core.LaunchManager$ConfigurationNotifier.notify(LaunchManager.java:204)
	at org.eclipse.debug.internal.core.LaunchConfigurationWorkingCopy.setDirty(LaunchConfigurationWorkingCopy.java:527)
	at org.eclipse.debug.internal.core.LaunchConfigurationWorkingCopy.setAttribute(LaunchConfigurationWorkingCopy.java:415)
	at org.eclipse.m2e.jdt.internal.launch.MavenRuntimeClasspathProvider.disable(MavenRuntimeClasspathProvider.java:410)
	at org.eclipse.m2e.jdt.internal.launch.MavenRuntimeClasspathProvider.disable(MavenRuntimeClasspathProvider.java:435)
	at org.eclipse.m2e.jdt.internal.launch.MavenLaunchConfigurationListener.mavenProjectChanged(MavenLaunchConfigurationListener.java:135)
	at org.eclipse.m2e.core.internal.project.registry.ProjectRegistryManager.notifyProjectChangeListeners(ProjectRegistryManager.java:888)
	at org.eclipse.m2e.core.internal.project.registry.ProjectRegistryManager.applyMutableProjectRegistry(ProjectRegistryManager.java:1040)
	at org.eclipse.m2e.core.internal.project.registry.ProjectRegistryRefreshJob.lambda$0(ProjectRegistryRefreshJob.java:162)
	at org.eclipse.m2e.core.internal.embedder.MavenExecutionContext.executeBare(MavenExecutionContext.java:394)
	at org.eclipse.m2e.core.internal.embedder.MavenExecutionContext.execute(MavenExecutionContext.java:275)
	at org.eclipse.m2e.core.internal.embedder.MavenExecutionContext.execute(MavenExecutionContext.java:214)
	at org.eclipse.m2e.core.internal.project.registry.ProjectRegistryRefreshJob.run(ProjectRegistryRefreshJob.java:106)
	at org.eclipse.core.internal.jobs.Worker.run(Worker.java:63)
2024-09-24 18:56:39,232 [Worker-17: Updating Maven Dependencies] ERROR o.e.m.j.i.l.MavenLaunchConfigurationListener - Launch configuration Demo05 references non-existing project jpa_sesion02.
org.eclipse.core.runtime.CoreException: Launch configuration Demo05 references non-existing project jpa_sesion02.
	at org.eclipse.jdt.launching.JavaRuntime.abort(JavaRuntime.java:1858)
	at org.eclipse.jdt.launching.JavaRuntime.getJavaProject(JavaRuntime.java:1735)
	at org.eclipse.m2e.jdt.internal.launch.MavenLaunchConfigurationListener.updateLaunchConfiguration(MavenLaunchConfigurationListener.java:64)
	at org.eclipse.m2e.jdt.internal.launch.MavenLaunchConfigurationListener.launchConfigurationChanged(MavenLaunchConfigurationListener.java:50)
	at org.eclipse.debug.internal.core.LaunchManager$ConfigurationNotifier.run(LaunchManager.java:220)
	at org.eclipse.core.runtime.SafeRunner.run(SafeRunner.java:47)
	at org.eclipse.debug.internal.core.LaunchManager$ConfigurationNotifier.notify(LaunchManager.java:204)
	at org.eclipse.debug.internal.core.LaunchManager.launchConfigurationChanged(LaunchManager.java:2010)
	at org.eclipse.debug.internal.core.LaunchConfigurationWorkingCopy.writeNewFile(LaunchConfigurationWorkingCopy.java:380)
	at org.eclipse.debug.internal.core.LaunchConfigurationWorkingCopy.doSave0(LaunchConfigurationWorkingCopy.java:259)
	at org.eclipse.debug.internal.core.LaunchConfigurationWorkingCopy.doSave(LaunchConfigurationWorkingCopy.java:229)
	at org.eclipse.debug.internal.core.LaunchConfigurationWorkingCopy.doSave(LaunchConfigurationWorkingCopy.java:187)
	at org.eclipse.m2e.jdt.internal.launch.MavenRuntimeClasspathProvider.disable(MavenRuntimeClasspathProvider.java:411)
	at org.eclipse.m2e.jdt.internal.launch.MavenRuntimeClasspathProvider.disable(MavenRuntimeClasspathProvider.java:435)
	at org.eclipse.m2e.jdt.internal.launch.MavenLaunchConfigurationListener.mavenProjectChanged(MavenLaunchConfigurationListener.java:135)
	at org.eclipse.m2e.core.internal.project.registry.ProjectRegistryManager.notifyProjectChangeListeners(ProjectRegistryManager.java:888)
	at org.eclipse.m2e.core.internal.project.registry.ProjectRegistryManager.applyMutableProjectRegistry(ProjectRegistryManager.java:1040)
	at org.eclipse.m2e.core.internal.project.registry.ProjectRegistryRefreshJob.lambda$0(ProjectRegistryRefreshJob.java:162)
	at org.eclipse.m2e.core.internal.embedder.MavenExecutionContext.executeBare(MavenExecutionContext.java:394)
	at org.eclipse.m2e.core.internal.embedder.MavenExecutionContext.execute(MavenExecutionContext.java:275)
	at org.eclipse.m2e.core.internal.embedder.MavenExecutionContext.execute(MavenExecutionContext.java:214)
	at org.eclipse.m2e.core.internal.project.registry.ProjectRegistryRefreshJob.run(ProjectRegistryRefreshJob.java:106)
	at org.eclipse.core.internal.jobs.Worker.run(Worker.java:63)
2024-09-24 18:56:39,235 [Worker-17: Updating Maven Dependencies] ERROR o.e.m.j.i.l.MavenLaunchConfigurationListener - Launch configuration FrmManteProd references non-existing project jpa_sesion02.
org.eclipse.core.runtime.CoreException: Launch configuration FrmManteProd references non-existing project jpa_sesion02.
	at org.eclipse.jdt.launching.JavaRuntime.abort(JavaRuntime.java:1858)
	at org.eclipse.jdt.launching.JavaRuntime.getJavaProject(JavaRuntime.java:1735)
	at org.eclipse.m2e.jdt.internal.launch.MavenLaunchConfigurationListener.updateLaunchConfiguration(MavenLaunchConfigurationListener.java:64)
	at org.eclipse.m2e.jdt.internal.launch.MavenLaunchConfigurationListener.launchConfigurationChanged(MavenLaunchConfigurationListener.java:50)
	at org.eclipse.debug.internal.core.LaunchManager$ConfigurationNotifier.run(LaunchManager.java:220)
	at org.eclipse.core.runtime.SafeRunner.run(SafeRunner.java:47)
	at org.eclipse.debug.internal.core.LaunchManager$ConfigurationNotifier.notify(LaunchManager.java:204)
	at org.eclipse.debug.internal.core.LaunchConfigurationWorkingCopy.setDirty(LaunchConfigurationWorkingCopy.java:527)
	at org.eclipse.debug.internal.core.LaunchConfigurationWorkingCopy.setAttribute(LaunchConfigurationWorkingCopy.java:415)
	at org.eclipse.m2e.jdt.internal.launch.MavenRuntimeClasspathProvider.disable(MavenRuntimeClasspathProvider.java:409)
	at org.eclipse.m2e.jdt.internal.launch.MavenRuntimeClasspathProvider.disable(MavenRuntimeClasspathProvider.java:435)
	at org.eclipse.m2e.jdt.internal.launch.MavenLaunchConfigurationListener.mavenProjectChanged(MavenLaunchConfigurationListener.java:135)
	at org.eclipse.m2e.core.internal.project.registry.ProjectRegistryManager.notifyProjectChangeListeners(ProjectRegistryManager.java:888)
	at org.eclipse.m2e.core.internal.project.registry.ProjectRegistryManager.applyMutableProjectRegistry(ProjectRegistryManager.java:1040)
	at org.eclipse.m2e.core.internal.project.registry.ProjectRegistryRefreshJob.lambda$0(ProjectRegistryRefreshJob.java:162)
	at org.eclipse.m2e.core.internal.embedder.MavenExecutionContext.executeBare(MavenExecutionContext.java:394)
	at org.eclipse.m2e.core.internal.embedder.MavenExecutionContext.execute(MavenExecutionContext.java:275)
	at org.eclipse.m2e.core.internal.embedder.MavenExecutionContext.execute(MavenExecutionContext.java:214)
	at org.eclipse.m2e.core.internal.project.registry.ProjectRegistryRefreshJob.run(ProjectRegistryRefreshJob.java:106)
	at org.eclipse.core.internal.jobs.Worker.run(Worker.java:63)
2024-09-24 18:56:39,237 [Worker-17: Updating Maven Dependencies] ERROR o.e.m.j.i.l.MavenLaunchConfigurationListener - Launch configuration FrmManteProd references non-existing project jpa_sesion02.
org.eclipse.core.runtime.CoreException: Launch configuration FrmManteProd references non-existing project jpa_sesion02.
	at org.eclipse.jdt.launching.JavaRuntime.abort(JavaRuntime.java:1858)
	at org.eclipse.jdt.launching.JavaRuntime.getJavaProject(JavaRuntime.java:1735)
	at org.eclipse.m2e.jdt.internal.launch.MavenLaunchConfigurationListener.updateLaunchConfiguration(MavenLaunchConfigurationListener.java:64)
	at org.eclipse.m2e.jdt.internal.launch.MavenLaunchConfigurationListener.launchConfigurationChanged(MavenLaunchConfigurationListener.java:50)
	at org.eclipse.debug.internal.core.LaunchManager$ConfigurationNotifier.run(LaunchManager.java:220)
	at org.eclipse.core.runtime.SafeRunner.run(SafeRunner.java:47)
	at org.eclipse.debug.internal.core.LaunchManager$ConfigurationNotifier.notify(LaunchManager.java:204)
	at org.eclipse.debug.internal.core.LaunchConfigurationWorkingCopy.setDirty(LaunchConfigurationWorkingCopy.java:527)
	at org.eclipse.debug.internal.core.LaunchConfigurationWorkingCopy.setAttribute(LaunchConfigurationWorkingCopy.java:415)
	at org.eclipse.m2e.jdt.internal.launch.MavenRuntimeClasspathProvider.disable(MavenRuntimeClasspathProvider.java:410)
	at org.eclipse.m2e.jdt.internal.launch.MavenRuntimeClasspathProvider.disable(MavenRuntimeClasspathProvider.java:435)
	at org.eclipse.m2e.jdt.internal.launch.MavenLaunchConfigurationListener.mavenProjectChanged(MavenLaunchConfigurationListener.java:135)
	at org.eclipse.m2e.core.internal.project.registry.ProjectRegistryManager.notifyProjectChangeListeners(ProjectRegistryManager.java:888)
	at org.eclipse.m2e.core.internal.project.registry.ProjectRegistryManager.applyMutableProjectRegistry(ProjectRegistryManager.java:1040)
	at org.eclipse.m2e.core.internal.project.registry.ProjectRegistryRefreshJob.lambda$0(ProjectRegistryRefreshJob.java:162)
	at org.eclipse.m2e.core.internal.embedder.MavenExecutionContext.executeBare(MavenExecutionContext.java:394)
	at org.eclipse.m2e.core.internal.embedder.MavenExecutionContext.execute(MavenExecutionContext.java:275)
	at org.eclipse.m2e.core.internal.embedder.MavenExecutionContext.execute(MavenExecutionContext.java:214)
	at org.eclipse.m2e.core.internal.project.registry.ProjectRegistryRefreshJob.run(ProjectRegistryRefreshJob.java:106)
	at org.eclipse.core.internal.jobs.Worker.run(Worker.java:63)
2024-09-24 18:56:39,268 [Worker-17: Updating Maven Dependencies] ERROR o.e.m.j.i.l.MavenLaunchConfigurationListener - Launch configuration FrmManteProd references non-existing project jpa_sesion02.
org.eclipse.core.runtime.CoreException: Launch configuration FrmManteProd references non-existing project jpa_sesion02.
	at org.eclipse.jdt.launching.JavaRuntime.abort(JavaRuntime.java:1858)
	at org.eclipse.jdt.launching.JavaRuntime.getJavaProject(JavaRuntime.java:1735)
	at org.eclipse.m2e.jdt.internal.launch.MavenLaunchConfigurationListener.updateLaunchConfiguration(MavenLaunchConfigurationListener.java:64)
	at org.eclipse.m2e.jdt.internal.launch.MavenLaunchConfigurationListener.launchConfigurationChanged(MavenLaunchConfigurationListener.java:50)
	at org.eclipse.debug.internal.core.LaunchManager$ConfigurationNotifier.run(LaunchManager.java:220)
	at org.eclipse.core.runtime.SafeRunner.run(SafeRunner.java:47)
	at org.eclipse.debug.internal.core.LaunchManager$ConfigurationNotifier.notify(LaunchManager.java:204)
	at org.eclipse.debug.internal.core.LaunchManager.launchConfigurationChanged(LaunchManager.java:2010)
	at org.eclipse.debug.internal.core.LaunchConfigurationWorkingCopy.writeNewFile(LaunchConfigurationWorkingCopy.java:380)
	at org.eclipse.debug.internal.core.LaunchConfigurationWorkingCopy.doSave0(LaunchConfigurationWorkingCopy.java:259)
	at org.eclipse.debug.internal.core.LaunchConfigurationWorkingCopy.doSave(LaunchConfigurationWorkingCopy.java:229)
	at org.eclipse.debug.internal.core.LaunchConfigurationWorkingCopy.doSave(LaunchConfigurationWorkingCopy.java:187)
	at org.eclipse.m2e.jdt.internal.launch.MavenRuntimeClasspathProvider.disable(MavenRuntimeClasspathProvider.java:411)
	at org.eclipse.m2e.jdt.internal.launch.MavenRuntimeClasspathProvider.disable(MavenRuntimeClasspathProvider.java:435)
	at org.eclipse.m2e.jdt.internal.launch.MavenLaunchConfigurationListener.mavenProjectChanged(MavenLaunchConfigurationListener.java:135)
	at org.eclipse.m2e.core.internal.project.registry.ProjectRegistryManager.notifyProjectChangeListeners(ProjectRegistryManager.java:888)
	at org.eclipse.m2e.core.internal.project.registry.ProjectRegistryManager.applyMutableProjectRegistry(ProjectRegistryManager.java:1040)
	at org.eclipse.m2e.core.internal.project.registry.ProjectRegistryRefreshJob.lambda$0(ProjectRegistryRefreshJob.java:162)
	at org.eclipse.m2e.core.internal.embedder.MavenExecutionContext.executeBare(MavenExecutionContext.java:394)
	at org.eclipse.m2e.core.internal.embedder.MavenExecutionContext.execute(MavenExecutionContext.java:275)
	at org.eclipse.m2e.core.internal.embedder.MavenExecutionContext.execute(MavenExecutionContext.java:214)
	at org.eclipse.m2e.core.internal.project.registry.ProjectRegistryRefreshJob.run(ProjectRegistryRefreshJob.java:106)
	at org.eclipse.core.internal.jobs.Worker.run(Worker.java:63)
2024-09-24 18:57:09,091 [Worker-16: Building] INFO  o.e.m.c.i.l.LifecycleMappingFactory - Using org.eclipse.m2e.jdt.JarLifecycleMapping lifecycle mapping for MavenProject: org.cibertec:jpa_sesion02:0.0.1-SNAPSHOT @ F:\ARCHIVOS\INSTITUTO CIBERTEC CLASES\LENGUAJE DE PROGRAMACI覰 II\CLASES LPII\SESI覰 04 LPII\LPII_Sesi髇_04\jpa_sesion02\jpa_sesion02\pom.xml.
2024-09-24 18:57:09,570 [Worker-16: Building] INFO  o.a.m.s.f.DefaultMavenResourcesFiltering - Copying 1 resource from src\main\resources to target\classes
2024-09-24 18:57:09,579 [Worker-16: Building] INFO  o.a.m.s.f.DefaultMavenResourcesFiltering - skip non existing resourceDirectory F:\ARCHIVOS\INSTITUTO CIBERTEC CLASES\LENGUAJE DE PROGRAMACI覰 II\CLASES LPII\SESI覰 04 LPII\LPII_Sesi髇_04\jpa_sesion02\jpa_sesion02\src\test\resources
2024-09-24 18:57:51,444 [Worker-17: Building] INFO  o.a.m.s.f.DefaultMavenResourcesFiltering - Copying 1 resource from src\main\resources to target\classes
2024-09-24 18:57:51,700 [Worker-17: Building] INFO  o.a.m.s.f.DefaultMavenResourcesFiltering - skip non existing resourceDirectory F:\ARCHIVOS\INSTITUTO CIBERTEC CLASES\LENGUAJE DE PROGRAMACI覰 II\CLASES LPII\SESI覰 04 LPII\LPII_Sesi髇_04\jpa_sesion02\jpa_sesion02\src\test\resources
2024-09-24 18:57:58,177 [Worker-18: Launching Executing clean in F__ARCHIVOS_INSTITUTO CIBERTEC CLASES_LENGUAJE DE PROGRAMACI覰 II_CLASES LPII_SESI覰 04 LPII_LPII_Sesi髇_04_jpa_sesion02_jpa_sesion02] INFO  o.eclipse.m2e.core.internal.Bundles - getClasspathEntries(Bundle=org.eclipse.m2e.maven.runtime_3.9.500.20231113-2345 [629])
2024-09-24 18:57:58,177 [Worker-18: Launching Executing clean in F__ARCHIVOS_INSTITUTO CIBERTEC CLASES_LENGUAJE DE PROGRAMACI覰 II_CLASES LPII_SESI覰 04 LPII_LPII_Sesi髇_04_jpa_sesion02_jpa_sesion02] INFO  o.eclipse.m2e.core.internal.Bundles - 	Entry: C:\eclipse IDE\plugins\org.eclipse.m2e.maven.runtime_3.9.500.20231113-2345
2024-09-24 18:57:58,178 [Worker-18: Launching Executing clean in F__ARCHIVOS_INSTITUTO CIBERTEC CLASES_LENGUAJE DE PROGRAMACI覰 II_CLASES LPII_SESI覰 04 LPII_LPII_Sesi髇_04_jpa_sesion02_jpa_sesion02] INFO  o.eclipse.m2e.core.internal.Bundles - 	Entry: C:\eclipse IDE\plugins\org.eclipse.m2e.maven.runtime_3.9.500.20231113-2345\jars\aopalliance-1.0.jar
2024-09-24 18:57:58,178 [Worker-18: Launching Executing clean in F__ARCHIVOS_INSTITUTO CIBERTEC CLASES_LENGUAJE DE PROGRAMACI覰 II_CLASES LPII_SESI覰 04 LPII_LPII_Sesi髇_04_jpa_sesion02_jpa_sesion02] INFO  o.eclipse.m2e.core.internal.Bundles - 	Entry: C:\eclipse IDE\plugins\org.eclipse.m2e.maven.runtime_3.9.500.20231113-2345\jars\guice-5.1.0.jar
2024-09-24 18:57:58,178 [Worker-18: Launching Executing clean in F__ARCHIVOS_INSTITUTO CIBERTEC CLASES_LENGUAJE DE PROGRAMACI覰 II_CLASES LPII_SESI覰 04 LPII_LPII_Sesi髇_04_jpa_sesion02_jpa_sesion02] INFO  o.eclipse.m2e.core.internal.Bundles - 	Entry: C:\eclipse IDE\plugins\org.eclipse.m2e.maven.runtime_3.9.500.20231113-2345\jars\httpclient-4.5.14.jar
2024-09-24 18:57:58,178 [Worker-18: Launching Executing clean in F__ARCHIVOS_INSTITUTO CIBERTEC CLASES_LENGUAJE DE PROGRAMACI覰 II_CLASES LPII_SESI覰 04 LPII_LPII_Sesi髇_04_jpa_sesion02_jpa_sesion02] INFO  o.eclipse.m2e.core.internal.Bundles - 	Entry: C:\eclipse IDE\plugins\org.eclipse.m2e.maven.runtime_3.9.500.20231113-2345\jars\httpcore-4.4.16.jar
2024-09-24 18:57:58,178 [Worker-18: Launching Executing clean in F__ARCHIVOS_INSTITUTO CIBERTEC CLASES_LENGUAJE DE PROGRAMACI覰 II_CLASES LPII_SESI覰 04 LPII_LPII_Sesi髇_04_jpa_sesion02_jpa_sesion02] INFO  o.eclipse.m2e.core.internal.Bundles - 	Entry: C:\eclipse IDE\plugins\org.eclipse.m2e.maven.runtime_3.9.500.20231113-2345\jars\jansi-2.4.0.jar
2024-09-24 18:57:58,179 [Worker-18: Launching Executing clean in F__ARCHIVOS_INSTITUTO CIBERTEC CLASES_LENGUAJE DE PROGRAMACI覰 II_CLASES LPII_SESI覰 04 LPII_LPII_Sesi髇_04_jpa_sesion02_jpa_sesion02] INFO  o.eclipse.m2e.core.internal.Bundles - 	Entry: C:\eclipse IDE\plugins\org.eclipse.m2e.maven.runtime_3.9.500.20231113-2345\jars\jcl-over-slf4j-1.7.36.jar
2024-09-24 18:57:58,179 [Worker-18: Launching Executing clean in F__ARCHIVOS_INSTITUTO CIBERTEC CLASES_LENGUAJE DE PROGRAMACI覰 II_CLASES LPII_SESI覰 04 LPII_LPII_Sesi髇_04_jpa_sesion02_jpa_sesion02] INFO  o.eclipse.m2e.core.internal.Bundles - 	Entry: C:\eclipse IDE\plugins\org.eclipse.m2e.maven.runtime_3.9.500.20231113-2345\jars\maven-artifact-3.9.5.jar
2024-09-24 18:57:58,179 [Worker-18: Launching Executing clean in F__ARCHIVOS_INSTITUTO CIBERTEC CLASES_LENGUAJE DE PROGRAMACI覰 II_CLASES LPII_SESI覰 04 LPII_LPII_Sesi髇_04_jpa_sesion02_jpa_sesion02] INFO  o.eclipse.m2e.core.internal.Bundles - 	Entry: C:\eclipse IDE\plugins\org.eclipse.m2e.maven.runtime_3.9.500.20231113-2345\jars\maven-builder-support-3.9.5.jar
2024-09-24 18:57:58,179 [Worker-18: Launching Executing clean in F__ARCHIVOS_INSTITUTO CIBERTEC CLASES_LENGUAJE DE PROGRAMACI覰 II_CLASES LPII_SESI覰 04 LPII_LPII_Sesi髇_04_jpa_sesion02_jpa_sesion02] INFO  o.eclipse.m2e.core.internal.Bundles - 	Entry: C:\eclipse IDE\plugins\org.eclipse.m2e.maven.runtime_3.9.500.20231113-2345\jars\maven-compat-3.9.5.jar
2024-09-24 18:57:58,179 [Worker-18: Launching Executing clean in F__ARCHIVOS_INSTITUTO CIBERTEC CLASES_LENGUAJE DE PROGRAMACI覰 II_CLASES LPII_SESI覰 04 LPII_LPII_Sesi髇_04_jpa_sesion02_jpa_sesion02] INFO  o.eclipse.m2e.core.internal.Bundles - 	Entry: C:\eclipse IDE\plugins\org.eclipse.m2e.maven.runtime_3.9.500.20231113-2345\jars\maven-core-3.9.5.jar
2024-09-24 18:57:58,180 [Worker-18: Launching Executing clean in F__ARCHIVOS_INSTITUTO CIBERTEC CLASES_LENGUAJE DE PROGRAMACI覰 II_CLASES LPII_SESI覰 04 LPII_LPII_Sesi髇_04_jpa_sesion02_jpa_sesion02] INFO  o.eclipse.m2e.core.internal.Bundles - 	Entry: C:\eclipse IDE\plugins\org.eclipse.m2e.maven.runtime_3.9.500.20231113-2345\jars\maven-embedder-3.9.5.jar
2024-09-24 18:57:58,180 [Worker-18: Launching Executing clean in F__ARCHIVOS_INSTITUTO CIBERTEC CLASES_LENGUAJE DE PROGRAMACI覰 II_CLASES LPII_SESI覰 04 LPII_LPII_Sesi髇_04_jpa_sesion02_jpa_sesion02] INFO  o.eclipse.m2e.core.internal.Bundles - 	Entry: C:\eclipse IDE\plugins\org.eclipse.m2e.maven.runtime_3.9.500.20231113-2345\jars\maven-model-3.9.5.jar
2024-09-24 18:57:58,180 [Worker-18: Launching Executing clean in F__ARCHIVOS_INSTITUTO CIBERTEC CLASES_LENGUAJE DE PROGRAMACI覰 II_CLASES LPII_SESI覰 04 LPII_LPII_Sesi髇_04_jpa_sesion02_jpa_sesion02] INFO  o.eclipse.m2e.core.internal.Bundles - 	Entry: C:\eclipse IDE\plugins\org.eclipse.m2e.maven.runtime_3.9.500.20231113-2345\jars\maven-model-builder-3.9.5.jar
2024-09-24 18:57:58,180 [Worker-18: Launching Executing clean in F__ARCHIVOS_INSTITUTO CIBERTEC CLASES_LENGUAJE DE PROGRAMACI覰 II_CLASES LPII_SESI覰 04 LPII_LPII_Sesi髇_04_jpa_sesion02_jpa_sesion02] INFO  o.eclipse.m2e.core.internal.Bundles - 	Entry: C:\eclipse IDE\plugins\org.eclipse.m2e.maven.runtime_3.9.500.20231113-2345\jars\maven-plugin-api-3.9.5.jar
2024-09-24 18:57:58,180 [Worker-18: Launching Executing clean in F__ARCHIVOS_INSTITUTO CIBERTEC CLASES_LENGUAJE DE PROGRAMACI覰 II_CLASES LPII_SESI覰 04 LPII_LPII_Sesi髇_04_jpa_sesion02_jpa_sesion02] INFO  o.eclipse.m2e.core.internal.Bundles - 	Entry: C:\eclipse IDE\plugins\org.eclipse.m2e.maven.runtime_3.9.500.20231113-2345\jars\maven-repository-metadata-3.9.5.jar
2024-09-24 18:57:58,181 [Worker-18: Launching Executing clean in F__ARCHIVOS_INSTITUTO CIBERTEC CLASES_LENGUAJE DE PROGRAMACI覰 II_CLASES LPII_SESI覰 04 LPII_LPII_Sesi髇_04_jpa_sesion02_jpa_sesion02] INFO  o.eclipse.m2e.core.internal.Bundles - 	Entry: C:\eclipse IDE\plugins\org.eclipse.m2e.maven.runtime_3.9.500.20231113-2345\jars\maven-resolver-api-1.9.16.jar
2024-09-24 18:57:58,181 [Worker-18: Launching Executing clean in F__ARCHIVOS_INSTITUTO CIBERTEC CLASES_LENGUAJE DE PROGRAMACI覰 II_CLASES LPII_SESI覰 04 LPII_LPII_Sesi髇_04_jpa_sesion02_jpa_sesion02] INFO  o.eclipse.m2e.core.internal.Bundles - 	Entry: C:\eclipse IDE\plugins\org.eclipse.m2e.maven.runtime_3.9.500.20231113-2345\jars\maven-resolver-connector-basic-1.9.16.jar
2024-09-24 18:57:58,181 [Worker-18: Launching Executing clean in F__ARCHIVOS_INSTITUTO CIBERTEC CLASES_LENGUAJE DE PROGRAMACI覰 II_CLASES LPII_SESI覰 04 LPII_LPII_Sesi髇_04_jpa_sesion02_jpa_sesion02] INFO  o.eclipse.m2e.core.internal.Bundles - 	Entry: C:\eclipse IDE\plugins\org.eclipse.m2e.maven.runtime_3.9.500.20231113-2345\jars\maven-resolver-impl-1.9.16.jar
2024-09-24 18:57:58,182 [Worker-18: Launching Executing clean in F__ARCHIVOS_INSTITUTO CIBERTEC CLASES_LENGUAJE DE PROGRAMACI覰 II_CLASES LPII_SESI覰 04 LPII_LPII_Sesi髇_04_jpa_sesion02_jpa_sesion02] INFO  o.eclipse.m2e.core.internal.Bundles - 	Entry: C:\eclipse IDE\plugins\org.eclipse.m2e.maven.runtime_3.9.500.20231113-2345\jars\maven-resolver-named-locks-1.9.16.jar
2024-09-24 18:57:58,182 [Worker-18: Launching Executing clean in F__ARCHIVOS_INSTITUTO CIBERTEC CLASES_LENGUAJE DE PROGRAMACI覰 II_CLASES LPII_SESI覰 04 LPII_LPII_Sesi髇_04_jpa_sesion02_jpa_sesion02] INFO  o.eclipse.m2e.core.internal.Bundles - 	Entry: C:\eclipse IDE\plugins\org.eclipse.m2e.maven.runtime_3.9.500.20231113-2345\jars\maven-resolver-provider-3.9.5.jar
2024-09-24 18:57:58,182 [Worker-18: Launching Executing clean in F__ARCHIVOS_INSTITUTO CIBERTEC CLASES_LENGUAJE DE PROGRAMACI覰 II_CLASES LPII_SESI覰 04 LPII_LPII_Sesi髇_04_jpa_sesion02_jpa_sesion02] INFO  o.eclipse.m2e.core.internal.Bundles - 	Entry: C:\eclipse IDE\plugins\org.eclipse.m2e.maven.runtime_3.9.500.20231113-2345\jars\maven-resolver-spi-1.9.16.jar
2024-09-24 18:57:58,182 [Worker-18: Launching Executing clean in F__ARCHIVOS_INSTITUTO CIBERTEC CLASES_LENGUAJE DE PROGRAMACI覰 II_CLASES LPII_SESI覰 04 LPII_LPII_Sesi髇_04_jpa_sesion02_jpa_sesion02] INFO  o.eclipse.m2e.core.internal.Bundles - 	Entry: C:\eclipse IDE\plugins\org.eclipse.m2e.maven.runtime_3.9.500.20231113-2345\jars\maven-resolver-transport-file-1.9.16.jar
2024-09-24 18:57:58,182 [Worker-18: Launching Executing clean in F__ARCHIVOS_INSTITUTO CIBERTEC CLASES_LENGUAJE DE PROGRAMACI覰 II_CLASES LPII_SESI覰 04 LPII_LPII_Sesi髇_04_jpa_sesion02_jpa_sesion02] INFO  o.eclipse.m2e.core.internal.Bundles - 	Entry: C:\eclipse IDE\plugins\org.eclipse.m2e.maven.runtime_3.9.500.20231113-2345\jars\maven-resolver-transport-http-1.9.16.jar
2024-09-24 18:57:58,183 [Worker-18: Launching Executing clean in F__ARCHIVOS_INSTITUTO CIBERTEC CLASES_LENGUAJE DE PROGRAMACI覰 II_CLASES LPII_SESI覰 04 LPII_LPII_Sesi髇_04_jpa_sesion02_jpa_sesion02] INFO  o.eclipse.m2e.core.internal.Bundles - 	Entry: C:\eclipse IDE\plugins\org.eclipse.m2e.maven.runtime_3.9.500.20231113-2345\jars\maven-resolver-transport-wagon-1.9.16.jar
2024-09-24 18:57:58,183 [Worker-18: Launching Executing clean in F__ARCHIVOS_INSTITUTO CIBERTEC CLASES_LENGUAJE DE PROGRAMACI覰 II_CLASES LPII_SESI覰 04 LPII_LPII_Sesi髇_04_jpa_sesion02_jpa_sesion02] INFO  o.eclipse.m2e.core.internal.Bundles - 	Entry: C:\eclipse IDE\plugins\org.eclipse.m2e.maven.runtime_3.9.500.20231113-2345\jars\maven-resolver-util-1.9.16.jar
2024-09-24 18:57:58,183 [Worker-18: Launching Executing clean in F__ARCHIVOS_INSTITUTO CIBERTEC CLASES_LENGUAJE DE PROGRAMACI覰 II_CLASES LPII_SESI覰 04 LPII_LPII_Sesi髇_04_jpa_sesion02_jpa_sesion02] INFO  o.eclipse.m2e.core.internal.Bundles - 	Entry: C:\eclipse IDE\plugins\org.eclipse.m2e.maven.runtime_3.9.500.20231113-2345\jars\maven-settings-3.9.5.jar
2024-09-24 18:57:58,183 [Worker-18: Launching Executing clean in F__ARCHIVOS_INSTITUTO CIBERTEC CLASES_LENGUAJE DE PROGRAMACI覰 II_CLASES LPII_SESI覰 04 LPII_LPII_Sesi髇_04_jpa_sesion02_jpa_sesion02] INFO  o.eclipse.m2e.core.internal.Bundles - 	Entry: C:\eclipse IDE\plugins\org.eclipse.m2e.maven.runtime_3.9.500.20231113-2345\jars\maven-settings-builder-3.9.5.jar
2024-09-24 18:57:58,183 [Worker-18: Launching Executing clean in F__ARCHIVOS_INSTITUTO CIBERTEC CLASES_LENGUAJE DE PROGRAMACI覰 II_CLASES LPII_SESI覰 04 LPII_LPII_Sesi髇_04_jpa_sesion02_jpa_sesion02] INFO  o.eclipse.m2e.core.internal.Bundles - 	Entry: C:\eclipse IDE\plugins\org.eclipse.m2e.maven.runtime_3.9.500.20231113-2345\jars\maven-shared-utils-3.3.4.jar
2024-09-24 18:57:58,183 [Worker-18: Launching Executing clean in F__ARCHIVOS_INSTITUTO CIBERTEC CLASES_LENGUAJE DE PROGRAMACI覰 II_CLASES LPII_SESI覰 04 LPII_LPII_Sesi髇_04_jpa_sesion02_jpa_sesion02] INFO  o.eclipse.m2e.core.internal.Bundles - 	Entry: C:\eclipse IDE\plugins\org.eclipse.m2e.maven.runtime_3.9.500.20231113-2345\jars\org.eclipse.sisu.inject-0.3.5.jar
2024-09-24 18:57:58,184 [Worker-18: Launching Executing clean in F__ARCHIVOS_INSTITUTO CIBERTEC CLASES_LENGUAJE DE PROGRAMACI覰 II_CLASES LPII_SESI覰 04 LPII_LPII_Sesi髇_04_jpa_sesion02_jpa_sesion02] INFO  o.eclipse.m2e.core.internal.Bundles - 	Entry: C:\eclipse IDE\plugins\org.eclipse.m2e.maven.runtime_3.9.500.20231113-2345\jars\org.eclipse.sisu.plexus-0.3.5.jar
2024-09-24 18:57:58,184 [Worker-18: Launching Executing clean in F__ARCHIVOS_INSTITUTO CIBERTEC CLASES_LENGUAJE DE PROGRAMACI覰 II_CLASES LPII_SESI覰 04 LPII_LPII_Sesi髇_04_jpa_sesion02_jpa_sesion02] INFO  o.eclipse.m2e.core.internal.Bundles - 	Entry: C:\eclipse IDE\plugins\org.eclipse.m2e.maven.runtime_3.9.500.20231113-2345\jars\plexus-build-api-0.0.7.jar
2024-09-24 18:57:58,184 [Worker-18: Launching Executing clean in F__ARCHIVOS_INSTITUTO CIBERTEC CLASES_LENGUAJE DE PROGRAMACI覰 II_CLASES LPII_SESI覰 04 LPII_LPII_Sesi髇_04_jpa_sesion02_jpa_sesion02] INFO  o.eclipse.m2e.core.internal.Bundles - 	Entry: C:\eclipse IDE\plugins\org.eclipse.m2e.maven.runtime_3.9.500.20231113-2345\jars\plexus-cipher-2.0.jar
2024-09-24 18:57:58,184 [Worker-18: Launching Executing clean in F__ARCHIVOS_INSTITUTO CIBERTEC CLASES_LENGUAJE DE PROGRAMACI覰 II_CLASES LPII_SESI覰 04 LPII_LPII_Sesi髇_04_jpa_sesion02_jpa_sesion02] INFO  o.eclipse.m2e.core.internal.Bundles - 	Entry: C:\eclipse IDE\plugins\org.eclipse.m2e.maven.runtime_3.9.500.20231113-2345\jars\plexus-classworlds-2.7.0.jar
2024-09-24 18:57:58,184 [Worker-18: Launching Executing clean in F__ARCHIVOS_INSTITUTO CIBERTEC CLASES_LENGUAJE DE PROGRAMACI覰 II_CLASES LPII_SESI覰 04 LPII_LPII_Sesi髇_04_jpa_sesion02_jpa_sesion02] INFO  o.eclipse.m2e.core.internal.Bundles - 	Entry: C:\eclipse IDE\plugins\org.eclipse.m2e.maven.runtime_3.9.500.20231113-2345\jars\plexus-component-annotations-2.1.0.jar
2024-09-24 18:57:58,185 [Worker-18: Launching Executing clean in F__ARCHIVOS_INSTITUTO CIBERTEC CLASES_LENGUAJE DE PROGRAMACI覰 II_CLASES LPII_SESI覰 04 LPII_LPII_Sesi髇_04_jpa_sesion02_jpa_sesion02] INFO  o.eclipse.m2e.core.internal.Bundles - 	Entry: C:\eclipse IDE\plugins\org.eclipse.m2e.maven.runtime_3.9.500.20231113-2345\jars\plexus-interpolation-1.26.jar
2024-09-24 18:57:58,185 [Worker-18: Launching Executing clean in F__ARCHIVOS_INSTITUTO CIBERTEC CLASES_LENGUAJE DE PROGRAMACI覰 II_CLASES LPII_SESI覰 04 LPII_LPII_Sesi髇_04_jpa_sesion02_jpa_sesion02] INFO  o.eclipse.m2e.core.internal.Bundles - 	Entry: C:\eclipse IDE\plugins\org.eclipse.m2e.maven.runtime_3.9.500.20231113-2345\jars\plexus-sec-dispatcher-2.0.jar
2024-09-24 18:57:58,185 [Worker-18: Launching Executing clean in F__ARCHIVOS_INSTITUTO CIBERTEC CLASES_LENGUAJE DE PROGRAMACI覰 II_CLASES LPII_SESI覰 04 LPII_LPII_Sesi髇_04_jpa_sesion02_jpa_sesion02] INFO  o.eclipse.m2e.core.internal.Bundles - 	Entry: C:\eclipse IDE\plugins\org.eclipse.m2e.maven.runtime_3.9.500.20231113-2345\jars\plexus-utils-3.5.1.jar
2024-09-24 18:57:58,185 [Worker-18: Launching Executing clean in F__ARCHIVOS_INSTITUTO CIBERTEC CLASES_LENGUAJE DE PROGRAMACI覰 II_CLASES LPII_SESI覰 04 LPII_LPII_Sesi髇_04_jpa_sesion02_jpa_sesion02] INFO  o.eclipse.m2e.core.internal.Bundles - 	Entry: C:\eclipse IDE\plugins\org.eclipse.m2e.maven.runtime_3.9.500.20231113-2345\jars\wagon-file-3.5.3.jar
2024-09-24 18:57:58,185 [Worker-18: Launching Executing clean in F__ARCHIVOS_INSTITUTO CIBERTEC CLASES_LENGUAJE DE PROGRAMACI覰 II_CLASES LPII_SESI覰 04 LPII_LPII_Sesi髇_04_jpa_sesion02_jpa_sesion02] INFO  o.eclipse.m2e.core.internal.Bundles - 	Entry: C:\eclipse IDE\plugins\org.eclipse.m2e.maven.runtime_3.9.500.20231113-2345\jars\wagon-http-3.5.3.jar
2024-09-24 18:57:58,185 [Worker-18: Launching Executing clean in F__ARCHIVOS_INSTITUTO CIBERTEC CLASES_LENGUAJE DE PROGRAMACI覰 II_CLASES LPII_SESI覰 04 LPII_LPII_Sesi髇_04_jpa_sesion02_jpa_sesion02] INFO  o.eclipse.m2e.core.internal.Bundles - 	Entry: C:\eclipse IDE\plugins\org.eclipse.m2e.maven.runtime_3.9.500.20231113-2345\jars\wagon-http-shared-3.5.3.jar
2024-09-24 18:57:58,186 [Worker-18: Launching Executing clean in F__ARCHIVOS_INSTITUTO CIBERTEC CLASES_LENGUAJE DE PROGRAMACI覰 II_CLASES LPII_SESI覰 04 LPII_LPII_Sesi髇_04_jpa_sesion02_jpa_sesion02] INFO  o.eclipse.m2e.core.internal.Bundles - 	Entry: C:\eclipse IDE\plugins\org.eclipse.m2e.maven.runtime_3.9.500.20231113-2345\jars\wagon-provider-api-3.5.3.jar
2024-09-24 18:57:58,186 [Worker-18: Launching Executing clean in F__ARCHIVOS_INSTITUTO CIBERTEC CLASES_LENGUAJE DE PROGRAMACI覰 II_CLASES LPII_SESI覰 04 LPII_LPII_Sesi髇_04_jpa_sesion02_jpa_sesion02] INFO  o.eclipse.m2e.core.internal.Bundles - getClasspathEntries(Bundle=com.google.guava_32.1.3.jre [12])
2024-09-24 18:57:58,186 [Worker-18: Launching Executing clean in F__ARCHIVOS_INSTITUTO CIBERTEC CLASES_LENGUAJE DE PROGRAMACI覰 II_CLASES LPII_SESI覰 04 LPII_LPII_Sesi髇_04_jpa_sesion02_jpa_sesion02] INFO  o.eclipse.m2e.core.internal.Bundles - 	Entry: C:\eclipse IDE\plugins\com.google.guava_32.1.3.jre.jar
2024-09-24 18:57:58,186 [Worker-18: Launching Executing clean in F__ARCHIVOS_INSTITUTO CIBERTEC CLASES_LENGUAJE DE PROGRAMACI覰 II_CLASES LPII_SESI覰 04 LPII_LPII_Sesi髇_04_jpa_sesion02_jpa_sesion02] INFO  o.eclipse.m2e.core.internal.Bundles - getClasspathEntries(Bundle=slf4j.api_2.0.9 [989])
2024-09-24 18:57:58,186 [Worker-18: Launching Executing clean in F__ARCHIVOS_INSTITUTO CIBERTEC CLASES_LENGUAJE DE PROGRAMACI覰 II_CLASES LPII_SESI覰 04 LPII_LPII_Sesi髇_04_jpa_sesion02_jpa_sesion02] INFO  o.eclipse.m2e.core.internal.Bundles - 	Entry: C:\eclipse IDE\plugins\slf4j.api_2.0.9.jar
2024-09-24 18:57:58,187 [Worker-18: Launching Executing clean in F__ARCHIVOS_INSTITUTO CIBERTEC CLASES_LENGUAJE DE PROGRAMACI覰 II_CLASES LPII_SESI覰 04 LPII_LPII_Sesi髇_04_jpa_sesion02_jpa_sesion02] INFO  o.eclipse.m2e.core.internal.Bundles - getClasspathEntries(Bundle=jakarta.inject.jakarta.inject-api_1.0.5 [29])
2024-09-24 18:57:58,187 [Worker-18: Launching Executing clean in F__ARCHIVOS_INSTITUTO CIBERTEC CLASES_LENGUAJE DE PROGRAMACI覰 II_CLASES LPII_SESI覰 04 LPII_LPII_Sesi髇_04_jpa_sesion02_jpa_sesion02] INFO  o.eclipse.m2e.core.internal.Bundles - 	Entry: C:\eclipse IDE\plugins\jakarta.inject.jakarta.inject-api_1.0.5.jar
2024-09-24 18:57:58,187 [Worker-18: Launching Executing clean in F__ARCHIVOS_INSTITUTO CIBERTEC CLASES_LENGUAJE DE PROGRAMACI覰 II_CLASES LPII_SESI覰 04 LPII_LPII_Sesi髇_04_jpa_sesion02_jpa_sesion02] INFO  o.eclipse.m2e.core.internal.Bundles - getClasspathEntries(Bundle=jakarta.annotation-api_1.3.5 [24])
2024-09-24 18:57:58,187 [Worker-18: Launching Executing clean in F__ARCHIVOS_INSTITUTO CIBERTEC CLASES_LENGUAJE DE PROGRAMACI覰 II_CLASES LPII_SESI覰 04 LPII_LPII_Sesi髇_04_jpa_sesion02_jpa_sesion02] INFO  o.eclipse.m2e.core.internal.Bundles - 	Entry: C:\eclipse IDE\plugins\jakarta.annotation-api_1.3.5.jar
2024-09-24 18:57:58,187 [Worker-18: Launching Executing clean in F__ARCHIVOS_INSTITUTO CIBERTEC CLASES_LENGUAJE DE PROGRAMACI覰 II_CLASES LPII_SESI覰 04 LPII_LPII_Sesi髇_04_jpa_sesion02_jpa_sesion02] INFO  o.eclipse.m2e.core.internal.Bundles - getClasspathEntries(Bundle=org.apache.commons.cli_1.6.0 [71])
2024-09-24 18:57:58,187 [Worker-18: Launching Executing clean in F__ARCHIVOS_INSTITUTO CIBERTEC CLASES_LENGUAJE DE PROGRAMACI覰 II_CLASES LPII_SESI覰 04 LPII_LPII_Sesi髇_04_jpa_sesion02_jpa_sesion02] INFO  o.eclipse.m2e.core.internal.Bundles - 	Entry: C:\eclipse IDE\plugins\org.apache.commons.cli_1.6.0.jar
2024-09-24 18:57:58,187 [Worker-18: Launching Executing clean in F__ARCHIVOS_INSTITUTO CIBERTEC CLASES_LENGUAJE DE PROGRAMACI覰 II_CLASES LPII_SESI覰 04 LPII_LPII_Sesi髇_04_jpa_sesion02_jpa_sesion02] INFO  o.eclipse.m2e.core.internal.Bundles - getClasspathEntries(Bundle=org.apache.commons.commons-codec_1.16.0 [75])
2024-09-24 18:57:58,188 [Worker-18: Launching Executing clean in F__ARCHIVOS_INSTITUTO CIBERTEC CLASES_LENGUAJE DE PROGRAMACI覰 II_CLASES LPII_SESI覰 04 LPII_LPII_Sesi髇_04_jpa_sesion02_jpa_sesion02] INFO  o.eclipse.m2e.core.internal.Bundles - 	Entry: C:\eclipse IDE\plugins\org.apache.commons.commons-codec_1.16.0.jar
2024-09-24 18:57:58,188 [Worker-18: Launching Executing clean in F__ARCHIVOS_INSTITUTO CIBERTEC CLASES_LENGUAJE DE PROGRAMACI覰 II_CLASES LPII_SESI覰 04 LPII_LPII_Sesi髇_04_jpa_sesion02_jpa_sesion02] INFO  o.eclipse.m2e.core.internal.Bundles - getClasspathEntries(Bundle=org.apache.commons.lang3_3.13.0 [82])
2024-09-24 18:57:58,188 [Worker-18: Launching Executing clean in F__ARCHIVOS_INSTITUTO CIBERTEC CLASES_LENGUAJE DE PROGRAMACI覰 II_CLASES LPII_SESI覰 04 LPII_LPII_Sesi髇_04_jpa_sesion02_jpa_sesion02] INFO  o.eclipse.m2e.core.internal.Bundles - 	Entry: C:\eclipse IDE\plugins\org.apache.commons.lang3_3.13.0.jar
2024-09-24 18:57:58,188 [Worker-18: Launching Executing clean in F__ARCHIVOS_INSTITUTO CIBERTEC CLASES_LENGUAJE DE PROGRAMACI覰 II_CLASES LPII_SESI覰 04 LPII_LPII_Sesi髇_04_jpa_sesion02_jpa_sesion02] INFO  o.eclipse.m2e.core.internal.Bundles - getClasspathEntries(Bundle=com.google.guava.failureaccess_1.0.2 [13])
2024-09-24 18:57:58,188 [Worker-18: Launching Executing clean in F__ARCHIVOS_INSTITUTO CIBERTEC CLASES_LENGUAJE DE PROGRAMACI覰 II_CLASES LPII_SESI覰 04 LPII_LPII_Sesi髇_04_jpa_sesion02_jpa_sesion02] INFO  o.eclipse.m2e.core.internal.Bundles - 	Entry: C:\eclipse IDE\plugins\com.google.guava.failureaccess_1.0.2.jar
2024-09-24 18:57:58,191 [Worker-18: Launching Executing clean in F__ARCHIVOS_INSTITUTO CIBERTEC CLASES_LENGUAJE DE PROGRAMACI覰 II_CLASES LPII_SESI覰 04 LPII_LPII_Sesi髇_04_jpa_sesion02_jpa_sesion02] INFO  o.e.m.i.launch.MavenLaunchDelegate - Run build in "F:\ARCHIVOS\INSTITUTO CIBERTEC CLASES\LENGUAJE DE PROGRAMACI覰 II\CLASES LPII\SESI覰 04 LPII\LPII_Sesi髇_04\jpa_sesion02\jpa_sesion02":
2024-09-24 18:57:58,192 [Worker-18: Launching Executing clean in F__ARCHIVOS_INSTITUTO CIBERTEC CLASES_LENGUAJE DE PROGRAMACI覰 II_CLASES LPII_SESI覰 04 LPII_LPII_Sesi髇_04_jpa_sesion02_jpa_sesion02] INFO  o.e.m.i.launch.MavenLaunchDelegate -  mvn  -B -Dstyle.color=always clean
2024-09-24 18:58:12,521 [Worker-19: Updating Maven Project] INFO  o.e.m.c.i.p.ProjectConfigurationManager - Update started
2024-09-24 18:58:12,697 [Worker-19: Updating Maven Project] INFO  o.e.m.c.i.l.LifecycleMappingFactory - Using org.eclipse.m2e.jdt.JarLifecycleMapping lifecycle mapping for MavenProject: org.cibertec:jpa_sesion02:0.0.1-SNAPSHOT @ F:\ARCHIVOS\INSTITUTO CIBERTEC CLASES\LENGUAJE DE PROGRAMACI覰 II\CLASES LPII\SESI覰 04 LPII\LPII_Sesi髇_04\jpa_sesion02\jpa_sesion02\pom.xml.
2024-09-24 18:58:13,101 [Worker-19: Updating Maven Project] INFO  o.e.m.j.i.AbstractJavaProjectConfigurator - Adding source folder /LPII_Sesion04_MV_GIT/src/main/java
2024-09-24 18:58:13,101 [Worker-19: Updating Maven Project] INFO  o.e.m.j.i.AbstractJavaProjectConfigurator - Adding resource folder /LPII_Sesion04_MV_GIT/src/main/resources
2024-09-24 18:58:13,102 [Worker-19: Updating Maven Project] INFO  o.e.m.j.i.AbstractJavaProjectConfigurator - Adding source folder /LPII_Sesion04_MV_GIT/src/test/java
2024-09-24 18:58:13,102 [Worker-19: Updating Maven Project] INFO  o.e.m.j.i.AbstractJavaProjectConfigurator - Adding resource folder /LPII_Sesion04_MV_GIT/src/test/resources
2024-09-24 18:58:13,198 [Worker-19: Updating Maven Project] INFO  o.e.m.c.i.p.ProjectConfigurationManager - Update completed for 1 poms: local refresh takes 0.00 sec, refresh facades takes 0.00 sec, update config takes 0.00 sec 
2024-09-24 18:58:13,842 [Worker-15: Building] INFO  o.a.m.s.f.DefaultMavenResourcesFiltering - Copying 1 resource from src\main\resources to target\classes
2024-09-24 18:58:13,850 [Worker-15: Building] INFO  o.a.m.s.f.DefaultMavenResourcesFiltering - skip non existing resourceDirectory F:\ARCHIVOS\INSTITUTO CIBERTEC CLASES\LENGUAJE DE PROGRAMACI覰 II\CLASES LPII\SESI覰 04 LPII\LPII_Sesi髇_04\jpa_sesion02\jpa_sesion02\src\test\resources
2024-09-24 18:59:16,204 [Worker-15: Building] INFO  o.e.m.c.i.l.LifecycleMappingFactory - Using org.eclipse.m2e.jdt.JarLifecycleMapping lifecycle mapping for MavenProject: org.cibertec:jpa_sesion02:0.0.1-SNAPSHOT @ F:\ARCHIVOS\INSTITUTO CIBERTEC CLASES\LENGUAJE DE PROGRAMACI覰 II\CLASES LPII\SESI覰 04 LPII\LPII_Sesi髇_04\jpa_sesion02\jpa_sesion02\pom.xml.
2024-09-24 18:59:16,505 [Worker-15: Building] INFO  o.a.m.s.f.DefaultMavenResourcesFiltering - Copying 0 resource from src\main\resources to target\classes
2024-09-24 18:59:16,508 [Worker-15: Building] INFO  o.a.m.s.f.DefaultMavenResourcesFiltering - skip non existing resourceDirectory F:\ARCHIVOS\INSTITUTO CIBERTEC CLASES\LENGUAJE DE PROGRAMACI覰 II\CLASES LPII\SESI覰 04 LPII\LPII_Sesi髇_04\jpa_sesion02\jpa_sesion02\src\test\resources
2024-09-24 18:59:44,257 [Worker-15: Building] INFO  o.a.m.s.f.DefaultMavenResourcesFiltering - Copying 1 resource from src\main\resources to target\classes
2024-09-24 18:59:44,501 [Worker-15: Building] INFO  o.a.m.s.f.DefaultMavenResourcesFiltering - skip non existing resourceDirectory F:\ARCHIVOS\INSTITUTO CIBERTEC CLASES\LENGUAJE DE PROGRAMACI覰 II\CLASES LPII\SESI覰 04 LPII\LPII_Sesi髇_04\jpa_sesion02\jpa_sesion02\src\test\resources
2024-09-24 19:04:02,932 [Worker-1: Loading available Gradle versions] INFO  o.e.b.c.i.u.g.PublishedGradleVersions - Gradle version information cache is up-to-date. Trying to read.
2024-09-24 22:41:46,710 [Worker-2: Loading available Gradle versions] INFO  o.e.b.c.i.u.g.PublishedGradleVersions - Gradle version information cache is up-to-date. Trying to read.
2024-09-24 22:43:31,153 [Worker-3: Loading available Gradle versions] INFO  o.e.b.c.i.u.g.PublishedGradleVersions - Gradle version information cache is up-to-date. Trying to read.
2024-09-24 22:45:03,789 [Worker-9: Building] INFO  o.e.m.c.i.l.LifecycleMappingFactory - Using org.eclipse.m2e.jdt.JarLifecycleMapping lifecycle mapping for MavenProject: org.cibertec:jpa_sesion02:0.0.1-SNAPSHOT @ F:\ARCHIVOS\INSTITUTO CIBERTEC CLASES\LENGUAJE DE PROGRAMACI覰 II\CLASES LPII\SESI覰 04 LPII\LPII_Sesi髇_04\jpa_sesion02\jpa_sesion02\pom.xml.
2024-09-24 22:45:04,576 [Worker-9: Building] INFO  o.a.m.s.f.DefaultMavenResourcesFiltering - Copying 1 resource from src\main\resources to target\classes
2024-09-24 22:45:04,587 [Worker-9: Building] INFO  o.a.m.s.f.DefaultMavenResourcesFiltering - skip non existing resourceDirectory F:\ARCHIVOS\INSTITUTO CIBERTEC CLASES\LENGUAJE DE PROGRAMACI覰 II\CLASES LPII\SESI覰 04 LPII\LPII_Sesi髇_04\jpa_sesion02\jpa_sesion02\src\test\resources
2024-09-29 16:47:00,597 [Worker-2: Loading available Gradle versions] INFO  o.e.b.c.i.u.g.PublishedGradleVersions - Gradle version information cache is up-to-date. Trying to read.
2025-05-30 15:07:28,142 [Worker-1: Loading available Gradle versions] INFO  o.e.b.c.i.u.g.PublishedGradleVersions - Gradle version information cache is out-of-date. Trying to update.
2025-05-30 15:08:50,466 [Worker-2: Building] INFO  o.e.m.c.i.l.LifecycleMappingFactory - Using org.eclipse.m2e.jdt.JarLifecycleMapping lifecycle mapping for MavenProject: org.cibertec:jpa_sesion02:0.0.1-SNAPSHOT @ F:\ARCHIVOS\INSTITUTO CIBERTEC CLASES\LENGUAJE DE PROGRAMACI脫N II\CLASES LPII\SESI脫N 04 LPII\LPII_Sesi贸n_04 - Sol\jpa_sesion02\jpa_sesion02\pom.xml.
2025-05-30 15:08:52,768 [Worker-2: Building] INFO  o.a.m.s.f.DefaultMavenResourcesFiltering - Copying 1 resource from src\main\resources to target\classes
2025-05-30 15:08:52,811 [Worker-2: Building] INFO  o.a.m.s.f.DefaultMavenResourcesFiltering - skip non existing resourceDirectory F:\ARCHIVOS\INSTITUTO CIBERTEC CLASES\LENGUAJE DE PROGRAMACI脫N II\CLASES LPII\SESI脫N 04 LPII\LPII_Sesi贸n_04 - Sol\jpa_sesion02\jpa_sesion02\src\test\resources
2025-05-30 15:08:53,030 [Worker-3: Updating Maven Project] INFO  o.e.m.c.i.p.ProjectConfigurationManager - Update started
2025-05-30 15:08:53,368 [Worker-3: Updating Maven Project] INFO  o.e.m.c.i.l.LifecycleMappingFactory - Using org.eclipse.m2e.jdt.JarLifecycleMapping lifecycle mapping for MavenProject: org.cibertec:jpa_sesion02:0.0.1-SNAPSHOT @ F:\ARCHIVOS\INSTITUTO CIBERTEC CLASES\LENGUAJE DE PROGRAMACI脫N II\CLASES LPII\SESI脫N 04 LPII\LPII_Sesi贸n_04 - Sol\jpa_sesion02\jpa_sesion02\pom.xml.
2025-05-30 15:08:53,697 [Worker-3: Updating Maven Project] INFO  o.e.m.j.i.AbstractJavaProjectConfigurator - Adding source folder /LPII_Sesion04_MV_GIT/src/main/java
2025-05-30 15:08:53,700 [Worker-3: Updating Maven Project] INFO  o.e.m.j.i.AbstractJavaProjectConfigurator - Adding resource folder /LPII_Sesion04_MV_GIT/src/main/resources
2025-05-30 15:08:53,701 [Worker-3: Updating Maven Project] INFO  o.e.m.j.i.AbstractJavaProjectConfigurator - Adding source folder /LPII_Sesion04_MV_GIT/src/test/java
2025-05-30 15:08:53,703 [Worker-3: Updating Maven Project] INFO  o.e.m.j.i.AbstractJavaProjectConfigurator - Adding resource folder /LPII_Sesion04_MV_GIT/src/test/resources
2025-05-30 15:08:54,172 [Worker-3: Updating Maven Project] INFO  o.e.m.c.i.p.ProjectConfigurationManager - Update completed for 1 poms: local refresh takes 0.00 sec, refresh facades takes 0.00 sec, update config takes 0.00 sec 
2025-05-30 15:08:56,006 [Worker-3: Building] INFO  o.e.m.c.i.l.LifecycleMappingFactory - Using org.eclipse.m2e.jdt.JarLifecycleMapping lifecycle mapping for MavenProject: org.cibertec:jpa_sesion02:0.0.1-SNAPSHOT @ F:\ARCHIVOS\INSTITUTO CIBERTEC CLASES\LENGUAJE DE PROGRAMACI脫N II\CLASES LPII\SESI脫N 04 LPII\LPII_Sesi贸n_04 - Sol\jpa_sesion02\jpa_sesion02\pom.xml.
2025-05-30 15:08:56,869 [Worker-3: Building] INFO  o.a.m.s.f.DefaultMavenResourcesFiltering - Copying 1 resource from src\main\resources to target\classes
2025-05-30 15:08:56,878 [Worker-3: Building] INFO  o.a.m.s.f.DefaultMavenResourcesFiltering - skip non existing resourceDirectory F:\ARCHIVOS\INSTITUTO CIBERTEC CLASES\LENGUAJE DE PROGRAMACI脫N II\CLASES LPII\SESI脫N 04 LPII\LPII_Sesi贸n_04 - Sol\jpa_sesion02\jpa_sesion02\src\test\resources
2025-05-31 13:14:37,196 [Worker-7: Loading available Gradle versions] INFO  o.e.b.c.i.u.g.PublishedGradleVersions - Gradle version information cache is not available. Remote download required.
2025-05-31 13:14:42,405 [Worker-7: Building] INFO  o.e.m.c.i.e.AbstractTransferListenerAdapter - Downloading https://repo.maven.apache.org/maven2/org/apache/maven/plugins/maven-jar-plugin/3.4.1/maven-jar-plugin-3.4.1.pom
2025-05-31 13:14:42,435 [Worker-7: Building] INFO  o.e.m.c.i.e.AbstractTransferListenerAdapter - Downloaded https://repo.maven.apache.org/maven2/org/apache/maven/plugins/maven-jar-plugin/3.4.1/maven-jar-plugin-3.4.1.pom
2025-05-31 13:14:42,482 [Worker-7: Building] INFO  o.e.m.c.i.e.AbstractTransferListenerAdapter - Downloading https://repo.maven.apache.org/maven2/org/apache/maven/plugins/maven-jar-plugin/3.4.1/maven-jar-plugin-3.4.1.jar
2025-05-31 13:14:42,503 [Worker-7: Building] INFO  o.e.m.c.i.e.AbstractTransferListenerAdapter - Downloaded https://repo.maven.apache.org/maven2/org/apache/maven/plugins/maven-jar-plugin/3.4.1/maven-jar-plugin-3.4.1.jar
2025-05-31 13:15:16,439 [Worker-0: Building] INFO  o.e.m.c.i.e.AbstractTransferListenerAdapter - Downloading https://repo.maven.apache.org/maven2/org/apache/maven/plugins/maven-surefire-plugin/3.2.5/maven-surefire-plugin-3.2.5.jar
2025-05-31 13:15:16,453 [Worker-0: Building] INFO  o.e.m.c.i.e.AbstractTransferListenerAdapter - Downloaded https://repo.maven.apache.org/maven2/org/apache/maven/plugins/maven-surefire-plugin/3.2.5/maven-surefire-plugin-3.2.5.jar
2025-05-31 13:15:16,465 [Worker-0: Building] INFO  o.e.m.c.i.e.AbstractTransferListenerAdapter - Downloading https://repo.maven.apache.org/maven2/org/apache/maven/plugins/maven-install-plugin/3.1.2/maven-install-plugin-3.1.2.jar
2025-05-31 13:15:16,473 [Worker-0: Building] INFO  o.e.m.c.i.e.AbstractTransferListenerAdapter - Downloaded https://repo.maven.apache.org/maven2/org/apache/maven/plugins/maven-install-plugin/3.1.2/maven-install-plugin-3.1.2.jar
2025-05-31 13:15:16,484 [Worker-0: Building] INFO  o.e.m.c.i.e.AbstractTransferListenerAdapter - Downloading https://repo.maven.apache.org/maven2/org/apache/maven/plugins/maven-deploy-plugin/3.1.2/maven-deploy-plugin-3.1.2.jar
2025-05-31 13:15:16,491 [Worker-0: Building] INFO  o.e.m.c.i.e.AbstractTransferListenerAdapter - Downloaded https://repo.maven.apache.org/maven2/org/apache/maven/plugins/maven-deploy-plugin/3.1.2/maven-deploy-plugin-3.1.2.jar
2025-05-31 13:15:16,786 [Worker-0: Building] INFO  o.e.m.c.i.l.LifecycleMappingFactory - Using org.eclipse.m2e.jdt.JarLifecycleMapping lifecycle mapping for MavenProject: org.cibertec:jpa_sesion02:0.0.1-SNAPSHOT @ F:\ARCHIVOS\INSTITUTO CIBERTEC CLASES\LENGUAJE DE PROGRAMACI脫N II\CLASES LPII\SESI脫N 04 LPII\LPII_Sesi贸n_04 - Sol\jpa_sesion02\jpa_sesion02\pom.xml.
2025-05-31 13:15:17,213 [Worker-0: Building] INFO  o.a.m.s.f.DefaultMavenResourcesFiltering - Copying 1 resource from src\main\resources to target\classes
2025-05-31 13:15:17,222 [Worker-0: Building] INFO  o.a.m.s.f.DefaultMavenResourcesFiltering - skip non existing resourceDirectory F:\ARCHIVOS\INSTITUTO CIBERTEC CLASES\LENGUAJE DE PROGRAMACI脫N II\CLASES LPII\SESI脫N 04 LPII\LPII_Sesi贸n_04 - Sol\jpa_sesion02\jpa_sesion02\src\test\resources
2025-05-31 13:15:17,232 [Worker-0: Building] INFO  o.e.m.c.i.e.AbstractTransferListenerAdapter - Downloading https://repo.maven.apache.org/maven2/org/apache/maven/plugins/maven-surefire-plugin/3.2.5/maven-surefire-plugin-3.2.5.pom
2025-05-31 13:15:17,237 [Worker-0: Building] INFO  o.e.m.c.i.e.AbstractTransferListenerAdapter - Downloaded https://repo.maven.apache.org/maven2/org/apache/maven/plugins/maven-surefire-plugin/3.2.5/maven-surefire-plugin-3.2.5.pom
2025-05-31 13:15:17,247 [Worker-0: Building] INFO  o.e.m.c.i.e.AbstractTransferListenerAdapter - Downloading https://repo.maven.apache.org/maven2/org/apache/maven/surefire/surefire/3.2.5/surefire-3.2.5.pom
2025-05-31 13:15:17,253 [Worker-0: Building] INFO  o.e.m.c.i.e.AbstractTransferListenerAdapter - Downloaded https://repo.maven.apache.org/maven2/org/apache/maven/surefire/surefire/3.2.5/surefire-3.2.5.pom
2025-05-31 13:15:19,792 [Worker-6: Building] INFO  o.a.m.s.f.DefaultMavenResourcesFiltering - Copying 1 resource from src\main\resources to target\classes
2025-05-31 13:15:19,815 [Worker-6: Building] INFO  o.a.m.s.f.DefaultMavenResourcesFiltering - skip non existing resourceDirectory F:\ARCHIVOS\INSTITUTO CIBERTEC CLASES\LENGUAJE DE PROGRAMACI脫N II\CLASES LPII\SESI脫N 04 LPII\LPII_Sesi贸n_04 - Sol\jpa_sesion02\jpa_sesion02\src\test\resources
2025-05-31 13:16:52,860 [Worker-0: Building] INFO  o.a.m.s.f.DefaultMavenResourcesFiltering - Copying 1 resource from src\main\resources to target\classes
2025-05-31 13:16:52,978 [Worker-0: Building] INFO  o.a.m.s.f.DefaultMavenResourcesFiltering - skip non existing resourceDirectory F:\ARCHIVOS\INSTITUTO CIBERTEC CLASES\LENGUAJE DE PROGRAMACI脫N II\CLASES LPII\SESI脫N 04 LPII\LPII_Sesi贸n_04 - Sol\jpa_sesion02\jpa_sesion02\src\test\resources
2025-05-31 13:16:57,988 [Worker-1: Building] INFO  o.a.m.s.f.DefaultMavenResourcesFiltering - Copying 1 resource from src\main\resources to target\classes
2025-05-31 13:16:58,002 [Worker-1: Building] INFO  o.a.m.s.f.DefaultMavenResourcesFiltering - skip non existing resourceDirectory F:\ARCHIVOS\INSTITUTO CIBERTEC CLASES\LENGUAJE DE PROGRAMACI脫N II\CLASES LPII\SESI脫N 04 LPII\LPII_Sesi贸n_04 - Sol\jpa_sesion02\jpa_sesion02\src\test\resources
2025-05-31 13:20:08,754 [Worker-5: Loading available Gradle versions] INFO  o.e.b.c.i.u.g.PublishedGradleVersions - Gradle version information cache is up-to-date. Trying to read.
2025-05-31 13:20:46,536 [Worker-14: Building] INFO  o.a.m.s.f.DefaultMavenResourcesFiltering - Copying 1 resource from src\main\resources to target\classes
2025-05-31 13:20:46,545 [Worker-14: Building] INFO  o.a.m.s.f.DefaultMavenResourcesFiltering - skip non existing resourceDirectory F:\ARCHIVOS\INSTITUTO CIBERTEC CLASES\LENGUAJE DE PROGRAMACI脫N II\CLASES LPII\SESI脫N 04 LPII\LPII_Sesi贸n_04 - Sol\jpa_sesion02\jpa_sesion02\src\test\resources
2025-05-31 13:20:52,254 [Worker-6: Building] INFO  o.a.m.s.f.DefaultMavenResourcesFiltering - Copying 1 resource from src\main\resources to target\classes
2025-05-31 13:20:52,257 [Worker-6: Building] INFO  o.a.m.s.f.DefaultMavenResourcesFiltering - skip non existing resourceDirectory F:\ARCHIVOS\INSTITUTO CIBERTEC CLASES\LENGUAJE DE PROGRAMACI脫N II\CLASES LPII\SESI脫N 04 LPII\LPII_Sesi贸n_04 - Sol\jpa_sesion02\jpa_sesion02\src\test\resources
2025-05-31 13:21:17,039 [Worker-14: Building] INFO  o.a.m.s.f.DefaultMavenResourcesFiltering - Copying 1 resource from src\main\resources to target\classes
2025-05-31 13:21:17,041 [Worker-14: Building] INFO  o.a.m.s.f.DefaultMavenResourcesFiltering - skip non existing resourceDirectory F:\ARCHIVOS\INSTITUTO CIBERTEC CLASES\LENGUAJE DE PROGRAMACI脫N II\CLASES LPII\SESI脫N 04 LPII\LPII_Sesi贸n_04 - Sol\jpa_sesion02\jpa_sesion02\src\test\resources
2025-05-31 13:21:56,962 [Worker-6: Building] INFO  o.e.m.c.i.l.LifecycleMappingFactory - Using org.eclipse.m2e.jdt.JarLifecycleMapping lifecycle mapping for MavenProject: org.cibertec:jpa_sesion02:0.0.1-SNAPSHOT @ F:\ARCHIVOS\INSTITUTO CIBERTEC CLASES\LENGUAJE DE PROGRAMACI脫N II\CLASES LPII\SESI脫N 04 LPII\LPII_Sesi贸n_04 - Sol\jpa_sesion02\jpa_sesion02\pom.xml.
2025-05-31 13:21:57,395 [Worker-6: Building] INFO  o.a.m.s.f.DefaultMavenResourcesFiltering - Copying 0 resource from src\main\resources to target\classes
2025-05-31 13:21:57,399 [Worker-6: Building] INFO  o.a.m.s.f.DefaultMavenResourcesFiltering - skip non existing resourceDirectory F:\ARCHIVOS\INSTITUTO CIBERTEC CLASES\LENGUAJE DE PROGRAMACI脫N II\CLASES LPII\SESI脫N 04 LPII\LPII_Sesi贸n_04 - Sol\jpa_sesion02\jpa_sesion02\src\test\resources
2025-05-31 17:20:31,418 [Worker-1: Loading available Gradle versions] INFO  o.e.b.c.i.u.g.PublishedGradleVersions - Gradle version information cache is up-to-date. Trying to read.
2025-05-31 17:30:49,174 [Worker-5: Loading available Gradle versions] INFO  o.e.b.c.i.u.g.PublishedGradleVersions - Gradle version information cache is up-to-date. Trying to read.
2025-05-31 17:31:57,476 [Worker-6: Building] INFO  o.e.m.c.i.e.AbstractTransferListenerAdapter - Downloading https://repo.maven.apache.org/maven2/mysql/mysql-connector-java/8.0.28/mysql-connector-java-8.0.28.pom
2025-05-31 17:31:57,495 [Worker-6: Building] INFO  o.e.m.c.i.e.AbstractTransferListenerAdapter - Downloaded https://repo.maven.apache.org/maven2/mysql/mysql-connector-java/8.0.28/mysql-connector-java-8.0.28.pom
2025-05-31 17:31:57,611 [Worker-6: Building] INFO  o.e.m.c.i.e.AbstractTransferListenerAdapter - Downloading https://repo.maven.apache.org/maven2/com/google/protobuf/protobuf-java/3.11.4/protobuf-java-3.11.4.pom
2025-05-31 17:31:57,627 [Worker-6: Building] INFO  o.e.m.c.i.e.AbstractTransferListenerAdapter - Downloaded https://repo.maven.apache.org/maven2/com/google/protobuf/protobuf-java/3.11.4/protobuf-java-3.11.4.pom
2025-05-31 17:31:57,709 [Worker-6: Building] INFO  o.e.m.c.i.e.AbstractTransferListenerAdapter - Downloading https://repo.maven.apache.org/maven2/com/google/protobuf/protobuf-parent/3.11.4/protobuf-parent-3.11.4.pom
2025-05-31 17:31:57,731 [Worker-6: Building] INFO  o.e.m.c.i.e.AbstractTransferListenerAdapter - Downloaded https://repo.maven.apache.org/maven2/com/google/protobuf/protobuf-parent/3.11.4/protobuf-parent-3.11.4.pom
2025-05-31 17:31:57,839 [Worker-6: Building] INFO  o.e.m.c.i.e.AbstractTransferListenerAdapter - Downloading https://repo.maven.apache.org/maven2/com/google/protobuf/protobuf-bom/3.11.4/protobuf-bom-3.11.4.pom
2025-05-31 17:31:57,848 [Worker-6: Building] INFO  o.e.m.c.i.e.AbstractTransferListenerAdapter - Downloaded https://repo.maven.apache.org/maven2/com/google/protobuf/protobuf-bom/3.11.4/protobuf-bom-3.11.4.pom
2025-05-31 17:31:58,028 [Worker-6: Building] INFO  o.e.m.c.i.e.AbstractTransferListenerAdapter - Downloading https://repo.maven.apache.org/maven2/javax/persistence/javax.persistence-api/2.2/javax.persistence-api-2.2.pom
2025-05-31 17:31:58,038 [Worker-6: Building] INFO  o.e.m.c.i.e.AbstractTransferListenerAdapter - Downloaded https://repo.maven.apache.org/maven2/javax/persistence/javax.persistence-api/2.2/javax.persistence-api-2.2.pom
2025-05-31 17:31:58,297 [Worker-6: Building] INFO  o.e.m.c.i.e.AbstractTransferListenerAdapter - Downloading https://repo.maven.apache.org/maven2/net/java/jvnet-parent/5/jvnet-parent-5.pom
2025-05-31 17:31:58,316 [Worker-6: Building] INFO  o.e.m.c.i.e.AbstractTransferListenerAdapter - Downloaded https://repo.maven.apache.org/maven2/net/java/jvnet-parent/5/jvnet-parent-5.pom
2025-05-31 17:31:58,527 [Worker-6: Building] INFO  o.e.m.c.i.e.AbstractTransferListenerAdapter - Downloading https://repo.maven.apache.org/maven2/org/hibernate/hibernate-core/5.4.4.Final/hibernate-core-5.4.4.Final.pom
2025-05-31 17:31:58,544 [Worker-6: Building] INFO  o.e.m.c.i.e.AbstractTransferListenerAdapter - Downloaded https://repo.maven.apache.org/maven2/org/hibernate/hibernate-core/5.4.4.Final/hibernate-core-5.4.4.Final.pom
2025-05-31 17:31:58,716 [Worker-6: Building] INFO  o.e.m.c.i.e.AbstractTransferListenerAdapter - Downloading https://repo.maven.apache.org/maven2/org/jboss/logging/jboss-logging/3.3.2.Final/jboss-logging-3.3.2.Final.pom
2025-05-31 17:31:58,734 [Worker-6: Building] INFO  o.e.m.c.i.e.AbstractTransferListenerAdapter - Downloaded https://repo.maven.apache.org/maven2/org/jboss/logging/jboss-logging/3.3.2.Final/jboss-logging-3.3.2.Final.pom
2025-05-31 17:31:58,922 [Worker-6: Building] INFO  o.e.m.c.i.e.AbstractTransferListenerAdapter - Downloading https://repo.maven.apache.org/maven2/org/jboss/jboss-parent/15/jboss-parent-15.pom
2025-05-31 17:31:59,000 [Worker-6: Building] INFO  o.e.m.c.i.e.AbstractTransferListenerAdapter - Downloaded https://repo.maven.apache.org/maven2/org/jboss/jboss-parent/15/jboss-parent-15.pom
2025-05-31 17:31:59,179 [Worker-6: Building] INFO  o.e.m.c.i.e.AbstractTransferListenerAdapter - Downloading https://repo.maven.apache.org/maven2/org/javassist/javassist/3.24.0-GA/javassist-3.24.0-GA.pom
2025-05-31 17:31:59,213 [Worker-6: Building] INFO  o.e.m.c.i.e.AbstractTransferListenerAdapter - Downloaded https://repo.maven.apache.org/maven2/org/javassist/javassist/3.24.0-GA/javassist-3.24.0-GA.pom
2025-05-31 17:31:59,389 [Worker-6: Building] INFO  o.e.m.c.i.e.AbstractTransferListenerAdapter - Downloading https://repo.maven.apache.org/maven2/net/bytebuddy/byte-buddy/1.9.11/byte-buddy-1.9.11.pom
2025-05-31 17:31:59,411 [Worker-6: Building] INFO  o.e.m.c.i.e.AbstractTransferListenerAdapter - Downloaded https://repo.maven.apache.org/maven2/net/bytebuddy/byte-buddy/1.9.11/byte-buddy-1.9.11.pom
2025-05-31 17:31:59,566 [Worker-6: Building] INFO  o.e.m.c.i.e.AbstractTransferListenerAdapter - Downloading https://repo.maven.apache.org/maven2/net/bytebuddy/byte-buddy-parent/1.9.11/byte-buddy-parent-1.9.11.pom
2025-05-31 17:31:59,654 [Worker-6: Building] INFO  o.e.m.c.i.e.AbstractTransferListenerAdapter - Downloaded https://repo.maven.apache.org/maven2/net/bytebuddy/byte-buddy-parent/1.9.11/byte-buddy-parent-1.9.11.pom
2025-05-31 17:31:59,833 [Worker-6: Building] INFO  o.e.m.c.i.e.AbstractTransferListenerAdapter - Downloading https://repo.maven.apache.org/maven2/antlr/antlr/2.7.7/antlr-2.7.7.pom
2025-05-31 17:31:59,840 [Worker-6: Building] INFO  o.e.m.c.i.e.AbstractTransferListenerAdapter - Downloaded https://repo.maven.apache.org/maven2/antlr/antlr/2.7.7/antlr-2.7.7.pom
2025-05-31 17:32:00,028 [Worker-6: Building] INFO  o.e.m.c.i.e.AbstractTransferListenerAdapter - Downloading https://repo.maven.apache.org/maven2/org/jboss/spec/javax/transaction/jboss-transaction-api_1.2_spec/1.1.1.Final/jboss-transaction-api_1.2_spec-1.1.1.Final.pom
2025-05-31 17:32:00,038 [Worker-6: Building] INFO  o.e.m.c.i.e.AbstractTransferListenerAdapter - Downloaded https://repo.maven.apache.org/maven2/org/jboss/spec/javax/transaction/jboss-transaction-api_1.2_spec/1.1.1.Final/jboss-transaction-api_1.2_spec-1.1.1.Final.pom
2025-05-31 17:32:00,281 [Worker-6: Building] INFO  o.e.m.c.i.e.AbstractTransferListenerAdapter - Downloading https://repo.maven.apache.org/maven2/org/jboss/jboss-parent/25/jboss-parent-25.pom
2025-05-31 17:32:00,351 [Worker-6: Building] INFO  o.e.m.c.i.e.AbstractTransferListenerAdapter - Downloaded https://repo.maven.apache.org/maven2/org/jboss/jboss-parent/25/jboss-parent-25.pom
2025-05-31 17:32:00,564 [Worker-6: Building] INFO  o.e.m.c.i.e.AbstractTransferListenerAdapter - Downloading https://repo.maven.apache.org/maven2/org/jboss/jandex/2.0.5.Final/jandex-2.0.5.Final.pom
2025-05-31 17:32:00,577 [Worker-6: Building] INFO  o.e.m.c.i.e.AbstractTransferListenerAdapter - Downloaded https://repo.maven.apache.org/maven2/org/jboss/jandex/2.0.5.Final/jandex-2.0.5.Final.pom
2025-05-31 17:32:00,807 [Worker-6: Building] INFO  o.e.m.c.i.e.AbstractTransferListenerAdapter - Downloading https://repo.maven.apache.org/maven2/org/jboss/jboss-parent/12/jboss-parent-12.pom
2025-05-31 17:32:00,885 [Worker-6: Building] INFO  o.e.m.c.i.e.AbstractTransferListenerAdapter - Downloaded https://repo.maven.apache.org/maven2/org/jboss/jboss-parent/12/jboss-parent-12.pom
2025-05-31 17:32:01,128 [Worker-6: Building] INFO  o.e.m.c.i.e.AbstractTransferListenerAdapter - Downloading https://repo.maven.apache.org/maven2/com/fasterxml/classmate/1.3.4/classmate-1.3.4.pom
2025-05-31 17:32:01,148 [Worker-6: Building] INFO  o.e.m.c.i.e.AbstractTransferListenerAdapter - Downloaded https://repo.maven.apache.org/maven2/com/fasterxml/classmate/1.3.4/classmate-1.3.4.pom
2025-05-31 17:32:01,388 [Worker-6: Building] INFO  o.e.m.c.i.e.AbstractTransferListenerAdapter - Downloading https://repo.maven.apache.org/maven2/com/fasterxml/oss-parent/24/oss-parent-24.pom
2025-05-31 17:32:01,814 [Worker-6: Building] INFO  o.e.m.c.i.e.AbstractTransferListenerAdapter - Downloaded https://repo.maven.apache.org/maven2/com/fasterxml/oss-parent/24/oss-parent-24.pom
2025-05-31 17:32:01,987 [Worker-6: Building] INFO  o.e.m.c.i.e.AbstractTransferListenerAdapter - Downloading https://repo.maven.apache.org/maven2/javax/activation/javax.activation-api/1.2.0/javax.activation-api-1.2.0.pom
2025-05-31 17:32:02,007 [Worker-6: Building] INFO  o.e.m.c.i.e.AbstractTransferListenerAdapter - Downloaded https://repo.maven.apache.org/maven2/javax/activation/javax.activation-api/1.2.0/javax.activation-api-1.2.0.pom
2025-05-31 17:32:02,177 [Worker-6: Building] INFO  o.e.m.c.i.e.AbstractTransferListenerAdapter - Downloading https://repo.maven.apache.org/maven2/com/sun/activation/all/1.2.0/all-1.2.0.pom
2025-05-31 17:32:02,250 [Worker-6: Building] INFO  o.e.m.c.i.e.AbstractTransferListenerAdapter - Downloaded https://repo.maven.apache.org/maven2/com/sun/activation/all/1.2.0/all-1.2.0.pom
2025-05-31 17:32:02,435 [Worker-6: Building] INFO  o.e.m.c.i.e.AbstractTransferListenerAdapter - Downloading https://repo.maven.apache.org/maven2/net/java/jvnet-parent/1/jvnet-parent-1.pom
2025-05-31 17:32:02,449 [Worker-6: Building] INFO  o.e.m.c.i.e.AbstractTransferListenerAdapter - Downloaded https://repo.maven.apache.org/maven2/net/java/jvnet-parent/1/jvnet-parent-1.pom
2025-05-31 17:32:02,653 [Worker-6: Building] INFO  o.e.m.c.i.e.AbstractTransferListenerAdapter - Downloading https://repo.maven.apache.org/maven2/org/dom4j/dom4j/2.1.1/dom4j-2.1.1.pom
2025-05-31 17:32:02,659 [Worker-6: Building] INFO  o.e.m.c.i.e.AbstractTransferListenerAdapter - Downloaded https://repo.maven.apache.org/maven2/org/dom4j/dom4j/2.1.1/dom4j-2.1.1.pom
2025-05-31 17:32:02,898 [Worker-6: Building] INFO  o.e.m.c.i.e.AbstractTransferListenerAdapter - Downloading https://repo.maven.apache.org/maven2/org/hibernate/common/hibernate-commons-annotations/5.1.0.Final/hibernate-commons-annotations-5.1.0.Final.pom
2025-05-31 17:32:02,904 [Worker-6: Building] INFO  o.e.m.c.i.e.AbstractTransferListenerAdapter - Downloaded https://repo.maven.apache.org/maven2/org/hibernate/common/hibernate-commons-annotations/5.1.0.Final/hibernate-commons-annotations-5.1.0.Final.pom
2025-05-31 17:32:03,088 [Worker-6: Building] INFO  o.e.m.c.i.e.AbstractTransferListenerAdapter - Downloading https://repo.maven.apache.org/maven2/javax/xml/bind/jaxb-api/2.3.1/jaxb-api-2.3.1.pom
2025-05-31 17:32:03,166 [Worker-6: Building] INFO  o.e.m.c.i.e.AbstractTransferListenerAdapter - Downloaded https://repo.maven.apache.org/maven2/javax/xml/bind/jaxb-api/2.3.1/jaxb-api-2.3.1.pom
2025-05-31 17:32:03,360 [Worker-6: Building] INFO  o.e.m.c.i.e.AbstractTransferListenerAdapter - Downloading https://repo.maven.apache.org/maven2/javax/xml/bind/jaxb-api-parent/2.3.1/jaxb-api-parent-2.3.1.pom
2025-05-31 17:32:03,388 [Worker-6: Building] INFO  o.e.m.c.i.e.AbstractTransferListenerAdapter - Downloaded https://repo.maven.apache.org/maven2/javax/xml/bind/jaxb-api-parent/2.3.1/jaxb-api-parent-2.3.1.pom
2025-05-31 17:32:03,603 [Worker-6: Building] INFO  o.e.m.c.i.e.AbstractTransferListenerAdapter - Downloading https://repo.maven.apache.org/maven2/org/glassfish/jaxb/jaxb-runtime/2.3.1/jaxb-runtime-2.3.1.pom
2025-05-31 17:32:03,623 [Worker-6: Building] INFO  o.e.m.c.i.e.AbstractTransferListenerAdapter - Downloaded https://repo.maven.apache.org/maven2/org/glassfish/jaxb/jaxb-runtime/2.3.1/jaxb-runtime-2.3.1.pom
2025-05-31 17:32:03,873 [Worker-6: Building] INFO  o.e.m.c.i.e.AbstractTransferListenerAdapter - Downloading https://repo.maven.apache.org/maven2/com/sun/xml/bind/mvn/jaxb-runtime-parent/2.3.1/jaxb-runtime-parent-2.3.1.pom
2025-05-31 17:32:03,879 [Worker-6: Building] INFO  o.e.m.c.i.e.AbstractTransferListenerAdapter - Downloaded https://repo.maven.apache.org/maven2/com/sun/xml/bind/mvn/jaxb-runtime-parent/2.3.1/jaxb-runtime-parent-2.3.1.pom
2025-05-31 17:32:04,105 [Worker-6: Building] INFO  o.e.m.c.i.e.AbstractTransferListenerAdapter - Downloading https://repo.maven.apache.org/maven2/com/sun/xml/bind/mvn/jaxb-parent/2.3.1/jaxb-parent-2.3.1.pom
2025-05-31 17:32:04,262 [Worker-6: Building] INFO  o.e.m.c.i.e.AbstractTransferListenerAdapter - Downloaded https://repo.maven.apache.org/maven2/com/sun/xml/bind/mvn/jaxb-parent/2.3.1/jaxb-parent-2.3.1.pom
2025-05-31 17:32:04,428 [Worker-6: Building] INFO  o.e.m.c.i.e.AbstractTransferListenerAdapter - Downloading https://repo.maven.apache.org/maven2/com/sun/xml/bind/jaxb-bom-ext/2.3.1/jaxb-bom-ext-2.3.1.pom
2025-05-31 17:32:04,441 [Worker-6: Building] INFO  o.e.m.c.i.e.AbstractTransferListenerAdapter - Downloaded https://repo.maven.apache.org/maven2/com/sun/xml/bind/jaxb-bom-ext/2.3.1/jaxb-bom-ext-2.3.1.pom
2025-05-31 17:32:04,614 [Worker-6: Building] INFO  o.e.m.c.i.e.AbstractTransferListenerAdapter - Downloading https://repo.maven.apache.org/maven2/org/glassfish/jaxb/jaxb-bom/2.3.1/jaxb-bom-2.3.1.pom
2025-05-31 17:32:04,656 [Worker-6: Building] INFO  o.e.m.c.i.e.AbstractTransferListenerAdapter - Downloaded https://repo.maven.apache.org/maven2/org/glassfish/jaxb/jaxb-bom/2.3.1/jaxb-bom-2.3.1.pom
2025-05-31 17:32:04,874 [Worker-6: Building] INFO  o.e.m.c.i.e.AbstractTransferListenerAdapter - Downloading https://repo.maven.apache.org/maven2/org/glassfish/jaxb/txw2/2.3.1/txw2-2.3.1.pom
2025-05-31 17:32:04,891 [Worker-6: Building] INFO  o.e.m.c.i.e.AbstractTransferListenerAdapter - Downloaded https://repo.maven.apache.org/maven2/org/glassfish/jaxb/txw2/2.3.1/txw2-2.3.1.pom
2025-05-31 17:32:05,121 [Worker-6: Building] INFO  o.e.m.c.i.e.AbstractTransferListenerAdapter - Downloading https://repo.maven.apache.org/maven2/com/sun/xml/bind/mvn/jaxb-txw-parent/2.3.1/jaxb-txw-parent-2.3.1.pom
2025-05-31 17:32:05,134 [Worker-6: Building] INFO  o.e.m.c.i.e.AbstractTransferListenerAdapter - Downloaded https://repo.maven.apache.org/maven2/com/sun/xml/bind/mvn/jaxb-txw-parent/2.3.1/jaxb-txw-parent-2.3.1.pom
2025-05-31 17:32:05,328 [Worker-6: Building] INFO  o.e.m.c.i.e.AbstractTransferListenerAdapter - Downloading https://repo.maven.apache.org/maven2/com/sun/istack/istack-commons-runtime/3.0.7/istack-commons-runtime-3.0.7.pom
2025-05-31 17:32:05,360 [Worker-6: Building] INFO  o.e.m.c.i.e.AbstractTransferListenerAdapter - Downloaded https://repo.maven.apache.org/maven2/com/sun/istack/istack-commons-runtime/3.0.7/istack-commons-runtime-3.0.7.pom
2025-05-31 17:32:05,617 [Worker-6: Building] INFO  o.e.m.c.i.e.AbstractTransferListenerAdapter - Downloading https://repo.maven.apache.org/maven2/com/sun/istack/istack-commons/3.0.7/istack-commons-3.0.7.pom
2025-05-31 17:32:05,659 [Worker-6: Building] INFO  o.e.m.c.i.e.AbstractTransferListenerAdapter - Downloaded https://repo.maven.apache.org/maven2/com/sun/istack/istack-commons/3.0.7/istack-commons-3.0.7.pom
2025-05-31 17:32:05,875 [Worker-6: Building] INFO  o.e.m.c.i.e.AbstractTransferListenerAdapter - Downloading https://repo.maven.apache.org/maven2/org/jvnet/staxex/stax-ex/1.8/stax-ex-1.8.pom
2025-05-31 17:32:05,942 [Worker-6: Building] INFO  o.e.m.c.i.e.AbstractTransferListenerAdapter - Downloaded https://repo.maven.apache.org/maven2/org/jvnet/staxex/stax-ex/1.8/stax-ex-1.8.pom
2025-05-31 17:32:06,165 [Worker-6: Building] INFO  o.e.m.c.i.e.AbstractTransferListenerAdapter - Downloading https://repo.maven.apache.org/maven2/com/sun/xml/fastinfoset/FastInfoset/1.2.15/FastInfoset-1.2.15.pom
2025-05-31 17:32:06,193 [Worker-6: Building] INFO  o.e.m.c.i.e.AbstractTransferListenerAdapter - Downloaded https://repo.maven.apache.org/maven2/com/sun/xml/fastinfoset/FastInfoset/1.2.15/FastInfoset-1.2.15.pom
2025-05-31 17:32:06,423 [Worker-6: Building] INFO  o.e.m.c.i.e.AbstractTransferListenerAdapter - Downloading https://repo.maven.apache.org/maven2/com/sun/xml/fastinfoset/fastinfoset-project/1.2.15/fastinfoset-project-1.2.15.pom
2025-05-31 17:32:06,480 [Worker-6: Building] INFO  o.e.m.c.i.e.AbstractTransferListenerAdapter - Downloaded https://repo.maven.apache.org/maven2/com/sun/xml/fastinfoset/fastinfoset-project/1.2.15/fastinfoset-project-1.2.15.pom
2025-05-31 17:32:06,711 [Worker-6: Building] INFO  o.e.m.c.i.e.AbstractTransferListenerAdapter - Downloading https://repo.maven.apache.org/maven2/org/hibernate/hibernate-entitymanager/5.4.4.Final/hibernate-entitymanager-5.4.4.Final.pom
2025-05-31 17:32:06,731 [Worker-6: Building] INFO  o.e.m.c.i.e.AbstractTransferListenerAdapter - Downloaded https://repo.maven.apache.org/maven2/org/hibernate/hibernate-entitymanager/5.4.4.Final/hibernate-entitymanager-5.4.4.Final.pom
2025-05-31 17:32:06,991 [Worker-6: Building] INFO  o.e.m.c.i.e.AbstractTransferListenerAdapter - Downloading https://repo.maven.apache.org/maven2/org/projectlombok/lombok/1.18.26/lombok-1.18.26.pom
2025-05-31 17:32:06,999 [Worker-6: Building] INFO  o.e.m.c.i.e.AbstractTransferListenerAdapter - Downloaded https://repo.maven.apache.org/maven2/org/projectlombok/lombok/1.18.26/lombok-1.18.26.pom
2025-05-31 17:32:07,229 [Worker-6: Building] INFO  o.e.m.c.i.e.AbstractTransferListenerAdapter - Downloading https://repo.maven.apache.org/maven2/mysql/mysql-connector-java/8.0.28/mysql-connector-java-8.0.28.jar
2025-05-31 17:32:16,436 [Worker-6: Building] INFO  o.e.m.c.i.e.AbstractTransferListenerAdapter - Downloaded https://repo.maven.apache.org/maven2/mysql/mysql-connector-java/8.0.28/mysql-connector-java-8.0.28.jar
2025-05-31 17:32:16,588 [BasicRepositoryConnector-repo.maven.apache.org-0-0] INFO  o.e.m.c.i.e.AbstractTransferListenerAdapter - Downloading https://repo.maven.apache.org/maven2/com/google/protobuf/protobuf-java/3.11.4/protobuf-java-3.11.4.jar
2025-05-31 17:32:16,599 [BasicRepositoryConnector-repo.maven.apache.org-0-1] INFO  o.e.m.c.i.e.AbstractTransferListenerAdapter - Downloading https://repo.maven.apache.org/maven2/javax/persistence/javax.persistence-api/2.2/javax.persistence-api-2.2.jar
2025-05-31 17:32:16,600 [BasicRepositoryConnector-repo.maven.apache.org-0-3] INFO  o.e.m.c.i.e.AbstractTransferListenerAdapter - Downloading https://repo.maven.apache.org/maven2/org/jboss/logging/jboss-logging/3.3.2.Final/jboss-logging-3.3.2.Final.jar
2025-05-31 17:32:16,608 [BasicRepositoryConnector-repo.maven.apache.org-0-4] INFO  o.e.m.c.i.e.AbstractTransferListenerAdapter - Downloading https://repo.maven.apache.org/maven2/org/javassist/javassist/3.24.0-GA/javassist-3.24.0-GA.jar
2025-05-31 17:32:16,608 [BasicRepositoryConnector-repo.maven.apache.org-0-2] INFO  o.e.m.c.i.e.AbstractTransferListenerAdapter - Downloading https://repo.maven.apache.org/maven2/org/hibernate/hibernate-core/5.4.4.Final/hibernate-core-5.4.4.Final.jar
2025-05-31 17:32:16,810 [BasicRepositoryConnector-repo.maven.apache.org-0-3] INFO  o.e.m.c.i.e.AbstractTransferListenerAdapter - Downloaded https://repo.maven.apache.org/maven2/org/jboss/logging/jboss-logging/3.3.2.Final/jboss-logging-3.3.2.Final.jar
2025-05-31 17:32:16,991 [BasicRepositoryConnector-repo.maven.apache.org-0-3] INFO  o.e.m.c.i.e.AbstractTransferListenerAdapter - Downloading https://repo.maven.apache.org/maven2/net/bytebuddy/byte-buddy/1.9.11/byte-buddy-1.9.11.jar
2025-05-31 17:32:17,095 [BasicRepositoryConnector-repo.maven.apache.org-0-1] INFO  o.e.m.c.i.e.AbstractTransferListenerAdapter - Downloaded https://repo.maven.apache.org/maven2/javax/persistence/javax.persistence-api/2.2/javax.persistence-api-2.2.jar
2025-05-31 17:32:17,316 [BasicRepositoryConnector-repo.maven.apache.org-0-1] INFO  o.e.m.c.i.e.AbstractTransferListenerAdapter - Downloading https://repo.maven.apache.org/maven2/antlr/antlr/2.7.7/antlr-2.7.7.jar
2025-05-31 17:32:18,501 [BasicRepositoryConnector-repo.maven.apache.org-0-1] INFO  o.e.m.c.i.e.AbstractTransferListenerAdapter - Downloaded https://repo.maven.apache.org/maven2/antlr/antlr/2.7.7/antlr-2.7.7.jar
2025-05-31 17:32:18,702 [BasicRepositoryConnector-repo.maven.apache.org-0-1] INFO  o.e.m.c.i.e.AbstractTransferListenerAdapter - Downloading https://repo.maven.apache.org/maven2/org/jboss/spec/javax/transaction/jboss-transaction-api_1.2_spec/1.1.1.Final/jboss-transaction-api_1.2_spec-1.1.1.Final.jar
2025-05-31 17:32:18,776 [BasicRepositoryConnector-repo.maven.apache.org-0-1] INFO  o.e.m.c.i.e.AbstractTransferListenerAdapter - Downloaded https://repo.maven.apache.org/maven2/org/jboss/spec/javax/transaction/jboss-transaction-api_1.2_spec/1.1.1.Final/jboss-transaction-api_1.2_spec-1.1.1.Final.jar
2025-05-31 17:32:18,973 [BasicRepositoryConnector-repo.maven.apache.org-0-4] INFO  o.e.m.c.i.e.AbstractTransferListenerAdapter - Downloaded https://repo.maven.apache.org/maven2/org/javassist/javassist/3.24.0-GA/javassist-3.24.0-GA.jar
2025-05-31 17:32:18,977 [BasicRepositoryConnector-repo.maven.apache.org-0-1] INFO  o.e.m.c.i.e.AbstractTransferListenerAdapter - Downloading https://repo.maven.apache.org/maven2/org/jboss/jandex/2.0.5.Final/jandex-2.0.5.Final.jar
2025-05-31 17:32:19,189 [BasicRepositoryConnector-repo.maven.apache.org-0-4] INFO  o.e.m.c.i.e.AbstractTransferListenerAdapter - Downloading https://repo.maven.apache.org/maven2/com/fasterxml/classmate/1.3.4/classmate-1.3.4.jar
2025-05-31 17:32:19,338 [BasicRepositoryConnector-repo.maven.apache.org-0-4] INFO  o.e.m.c.i.e.AbstractTransferListenerAdapter - Downloaded https://repo.maven.apache.org/maven2/com/fasterxml/classmate/1.3.4/classmate-1.3.4.jar
2025-05-31 17:32:19,509 [BasicRepositoryConnector-repo.maven.apache.org-0-1] INFO  o.e.m.c.i.e.AbstractTransferListenerAdapter - Downloaded https://repo.maven.apache.org/maven2/org/jboss/jandex/2.0.5.Final/jandex-2.0.5.Final.jar
2025-05-31 17:32:19,520 [BasicRepositoryConnector-repo.maven.apache.org-0-4] INFO  o.e.m.c.i.e.AbstractTransferListenerAdapter - Downloading https://repo.maven.apache.org/maven2/javax/activation/javax.activation-api/1.2.0/javax.activation-api-1.2.0.jar
2025-05-31 17:32:19,653 [BasicRepositoryConnector-repo.maven.apache.org-0-4] INFO  o.e.m.c.i.e.AbstractTransferListenerAdapter - Downloaded https://repo.maven.apache.org/maven2/javax/activation/javax.activation-api/1.2.0/javax.activation-api-1.2.0.jar
2025-05-31 17:32:19,657 [BasicRepositoryConnector-repo.maven.apache.org-0-1] INFO  o.e.m.c.i.e.AbstractTransferListenerAdapter - Downloading https://repo.maven.apache.org/maven2/org/dom4j/dom4j/2.1.1/dom4j-2.1.1.jar
2025-05-31 17:32:19,876 [BasicRepositoryConnector-repo.maven.apache.org-0-4] INFO  o.e.m.c.i.e.AbstractTransferListenerAdapter - Downloading https://repo.maven.apache.org/maven2/org/hibernate/common/hibernate-commons-annotations/5.1.0.Final/hibernate-commons-annotations-5.1.0.Final.jar
2025-05-31 17:32:20,073 [BasicRepositoryConnector-repo.maven.apache.org-0-4] INFO  o.e.m.c.i.e.AbstractTransferListenerAdapter - Downloaded https://repo.maven.apache.org/maven2/org/hibernate/common/hibernate-commons-annotations/5.1.0.Final/hibernate-commons-annotations-5.1.0.Final.jar
2025-05-31 17:32:20,264 [BasicRepositoryConnector-repo.maven.apache.org-0-4] INFO  o.e.m.c.i.e.AbstractTransferListenerAdapter - Downloading https://repo.maven.apache.org/maven2/javax/xml/bind/jaxb-api/2.3.1/jaxb-api-2.3.1.jar
2025-05-31 17:32:20,416 [BasicRepositoryConnector-repo.maven.apache.org-0-1] INFO  o.e.m.c.i.e.AbstractTransferListenerAdapter - Downloaded https://repo.maven.apache.org/maven2/org/dom4j/dom4j/2.1.1/dom4j-2.1.1.jar
2025-05-31 17:32:20,566 [BasicRepositoryConnector-repo.maven.apache.org-0-4] INFO  o.e.m.c.i.e.AbstractTransferListenerAdapter - Downloaded https://repo.maven.apache.org/maven2/javax/xml/bind/jaxb-api/2.3.1/jaxb-api-2.3.1.jar
2025-05-31 17:32:20,609 [BasicRepositoryConnector-repo.maven.apache.org-0-1] INFO  o.e.m.c.i.e.AbstractTransferListenerAdapter - Downloading https://repo.maven.apache.org/maven2/org/glassfish/jaxb/jaxb-runtime/2.3.1/jaxb-runtime-2.3.1.jar
2025-05-31 17:32:20,737 [BasicRepositoryConnector-repo.maven.apache.org-0-4] INFO  o.e.m.c.i.e.AbstractTransferListenerAdapter - Downloading https://repo.maven.apache.org/maven2/org/glassfish/jaxb/txw2/2.3.1/txw2-2.3.1.jar
2025-05-31 17:32:20,899 [BasicRepositoryConnector-repo.maven.apache.org-0-4] INFO  o.e.m.c.i.e.AbstractTransferListenerAdapter - Downloaded https://repo.maven.apache.org/maven2/org/glassfish/jaxb/txw2/2.3.1/txw2-2.3.1.jar
2025-05-31 17:32:20,927 [BasicRepositoryConnector-repo.maven.apache.org-0-0] INFO  o.e.m.c.i.e.AbstractTransferListenerAdapter - Downloaded https://repo.maven.apache.org/maven2/com/google/protobuf/protobuf-java/3.11.4/protobuf-java-3.11.4.jar
2025-05-31 17:32:21,082 [BasicRepositoryConnector-repo.maven.apache.org-0-4] INFO  o.e.m.c.i.e.AbstractTransferListenerAdapter - Downloading https://repo.maven.apache.org/maven2/com/sun/istack/istack-commons-runtime/3.0.7/istack-commons-runtime-3.0.7.jar
2025-05-31 17:32:21,106 [BasicRepositoryConnector-repo.maven.apache.org-0-0] INFO  o.e.m.c.i.e.AbstractTransferListenerAdapter - Downloading https://repo.maven.apache.org/maven2/org/jvnet/staxex/stax-ex/1.8/stax-ex-1.8.jar
2025-05-31 17:32:21,131 [BasicRepositoryConnector-repo.maven.apache.org-0-4] INFO  o.e.m.c.i.e.AbstractTransferListenerAdapter - Downloaded https://repo.maven.apache.org/maven2/com/sun/istack/istack-commons-runtime/3.0.7/istack-commons-runtime-3.0.7.jar
2025-05-31 17:32:21,180 [BasicRepositoryConnector-repo.maven.apache.org-0-0] INFO  o.e.m.c.i.e.AbstractTransferListenerAdapter - Downloaded https://repo.maven.apache.org/maven2/org/jvnet/staxex/stax-ex/1.8/stax-ex-1.8.jar
2025-05-31 17:32:21,338 [BasicRepositoryConnector-repo.maven.apache.org-0-4] INFO  o.e.m.c.i.e.AbstractTransferListenerAdapter - Downloading https://repo.maven.apache.org/maven2/com/sun/xml/fastinfoset/FastInfoset/1.2.15/FastInfoset-1.2.15.jar
2025-05-31 17:32:21,391 [BasicRepositoryConnector-repo.maven.apache.org-0-0] INFO  o.e.m.c.i.e.AbstractTransferListenerAdapter - Downloading https://repo.maven.apache.org/maven2/org/hibernate/hibernate-entitymanager/5.4.4.Final/hibernate-entitymanager-5.4.4.Final.jar
2025-05-31 17:32:21,394 [BasicRepositoryConnector-repo.maven.apache.org-0-0] INFO  o.e.m.c.i.e.AbstractTransferListenerAdapter - Downloaded https://repo.maven.apache.org/maven2/org/hibernate/hibernate-entitymanager/5.4.4.Final/hibernate-entitymanager-5.4.4.Final.jar
2025-05-31 17:32:21,494 [BasicRepositoryConnector-repo.maven.apache.org-0-0] INFO  o.e.m.c.i.e.AbstractTransferListenerAdapter - Downloading https://repo.maven.apache.org/maven2/org/projectlombok/lombok/1.18.26/lombok-1.18.26.jar
2025-05-31 17:32:21,753 [BasicRepositoryConnector-repo.maven.apache.org-0-4] INFO  o.e.m.c.i.e.AbstractTransferListenerAdapter - Downloaded https://repo.maven.apache.org/maven2/com/sun/xml/fastinfoset/FastInfoset/1.2.15/FastInfoset-1.2.15.jar
2025-05-31 17:32:22,606 [BasicRepositoryConnector-repo.maven.apache.org-0-1] INFO  o.e.m.c.i.e.AbstractTransferListenerAdapter - Downloaded https://repo.maven.apache.org/maven2/org/glassfish/jaxb/jaxb-runtime/2.3.1/jaxb-runtime-2.3.1.jar
2025-05-31 17:32:25,248 [BasicRepositoryConnector-repo.maven.apache.org-0-2] INFO  o.e.m.c.i.e.AbstractTransferListenerAdapter - Downloaded https://repo.maven.apache.org/maven2/org/hibernate/hibernate-core/5.4.4.Final/hibernate-core-5.4.4.Final.jar
2025-05-31 17:32:25,558 [BasicRepositoryConnector-repo.maven.apache.org-0-3] INFO  o.e.m.c.i.e.AbstractTransferListenerAdapter - Downloaded https://repo.maven.apache.org/maven2/net/bytebuddy/byte-buddy/1.9.11/byte-buddy-1.9.11.jar
2025-05-31 17:32:28,062 [BasicRepositoryConnector-repo.maven.apache.org-0-0] INFO  o.e.m.c.i.e.AbstractTransferListenerAdapter - Downloaded https://repo.maven.apache.org/maven2/org/projectlombok/lombok/1.18.26/lombok-1.18.26.jar
2025-05-31 17:32:28,522 [Worker-6: Building] INFO  o.e.m.c.i.e.AbstractTransferListenerAdapter - Downloading https://repo.maven.apache.org/maven2/org/apache/maven/plugins/maven-clean-plugin/3.2.0/maven-clean-plugin-3.2.0.jar
2025-05-31 17:32:28,536 [Worker-6: Building] INFO  o.e.m.c.i.e.AbstractTransferListenerAdapter - Downloaded https://repo.maven.apache.org/maven2/org/apache/maven/plugins/maven-clean-plugin/3.2.0/maven-clean-plugin-3.2.0.jar
2025-05-31 17:32:28,761 [Worker-6: Building] INFO  o.e.m.c.i.e.AbstractTransferListenerAdapter - Downloading https://repo.maven.apache.org/maven2/org/apache/maven/plugins/maven-surefire-plugin/3.2.5/maven-surefire-plugin-3.2.5.jar
2025-05-31 17:32:28,853 [Worker-6: Building] INFO  o.e.m.c.i.e.AbstractTransferListenerAdapter - Downloaded https://repo.maven.apache.org/maven2/org/apache/maven/plugins/maven-surefire-plugin/3.2.5/maven-surefire-plugin-3.2.5.jar
2025-05-31 17:32:29,084 [Worker-6: Building] INFO  o.e.m.c.i.e.AbstractTransferListenerAdapter - Downloading https://repo.maven.apache.org/maven2/org/apache/maven/plugins/maven-jar-plugin/3.4.1/maven-jar-plugin-3.4.1.jar
2025-05-31 17:32:29,167 [Worker-6: Building] INFO  o.e.m.c.i.e.AbstractTransferListenerAdapter - Downloaded https://repo.maven.apache.org/maven2/org/apache/maven/plugins/maven-jar-plugin/3.4.1/maven-jar-plugin-3.4.1.jar
2025-05-31 17:32:29,410 [Worker-6: Building] INFO  o.e.m.c.i.e.AbstractTransferListenerAdapter - Downloading https://repo.maven.apache.org/maven2/org/apache/maven/plugins/maven-install-plugin/3.1.1/maven-install-plugin-3.1.1.jar
2025-05-31 17:32:29,655 [Worker-6: Building] INFO  o.e.m.c.i.e.AbstractTransferListenerAdapter - Downloaded https://repo.maven.apache.org/maven2/org/apache/maven/plugins/maven-install-plugin/3.1.1/maven-install-plugin-3.1.1.jar
2025-05-31 17:32:29,816 [Worker-6: Building] INFO  o.e.m.c.i.e.AbstractTransferListenerAdapter - Downloading https://repo.maven.apache.org/maven2/org/apache/maven/plugins/maven-deploy-plugin/3.1.1/maven-deploy-plugin-3.1.1.jar
2025-05-31 17:32:29,973 [Worker-6: Building] INFO  o.e.m.c.i.e.AbstractTransferListenerAdapter - Downloaded https://repo.maven.apache.org/maven2/org/apache/maven/plugins/maven-deploy-plugin/3.1.1/maven-deploy-plugin-3.1.1.jar
2025-05-31 17:32:30,282 [Worker-6: Building] INFO  o.e.m.c.i.l.LifecycleMappingFactory - Using org.eclipse.m2e.jdt.JarLifecycleMapping lifecycle mapping for MavenProject: org.cibertec:jpa_sesion02:0.0.1-SNAPSHOT @ E:\ARCHIVOS\INSTITUTO CIBERTEC CLASES\LENGUAJE DE PROGRAMACI脫N II\CLASES LPII\SESI脫N 04 LPII\LPII_Sesi贸n_04 - Sol\jpa_sesion02\jpa_sesion02\pom.xml.
2025-05-31 17:32:30,594 [Worker-6: Building] INFO  o.e.m.c.i.e.AbstractTransferListenerAdapter - Downloading https://repo.maven.apache.org/maven2/org/apache/maven/plugins/maven-jar-plugin/3.4.1/maven-jar-plugin-3.4.1.pom
2025-05-31 17:32:30,616 [Worker-6: Building] INFO  o.e.m.c.i.e.AbstractTransferListenerAdapter - Downloaded https://repo.maven.apache.org/maven2/org/apache/maven/plugins/maven-jar-plugin/3.4.1/maven-jar-plugin-3.4.1.pom
2025-05-31 17:32:30,764 [Worker-6: Building] INFO  o.a.m.s.f.DefaultMavenResourcesFiltering - Copying 1 resource from src\main\resources to target\classes
2025-05-31 17:32:30,770 [Worker-6: Building] INFO  o.a.m.s.f.DefaultMavenResourcesFiltering - skip non existing resourceDirectory E:\ARCHIVOS\INSTITUTO CIBERTEC CLASES\LENGUAJE DE PROGRAMACI脫N II\CLASES LPII\SESI脫N 04 LPII\LPII_Sesi贸n_04 - Sol\jpa_sesion02\jpa_sesion02\src\test\resources
2025-05-31 17:32:31,005 [Worker-6: Building] INFO  o.e.m.c.i.e.AbstractTransferListenerAdapter - Downloading https://repo.maven.apache.org/maven2/org/apache/maven/plugins/maven-surefire-plugin/3.2.5/maven-surefire-plugin-3.2.5.pom
2025-05-31 17:32:31,019 [Worker-6: Building] INFO  o.e.m.c.i.e.AbstractTransferListenerAdapter - Downloaded https://repo.maven.apache.org/maven2/org/apache/maven/plugins/maven-surefire-plugin/3.2.5/maven-surefire-plugin-3.2.5.pom
2025-05-31 17:32:31,234 [Worker-6: Building] INFO  o.e.m.c.i.e.AbstractTransferListenerAdapter - Downloading https://repo.maven.apache.org/maven2/org/apache/maven/surefire/surefire/3.2.5/surefire-3.2.5.pom
2025-05-31 17:32:31,540 [Worker-2: Download sources and javadoc] INFO  o.e.m.c.i.e.AbstractTransferListenerAdapter - Downloading https://repo.maven.apache.org/maven2/mysql/mysql-connector-java/8.0.28/mysql-connector-java-8.0.28-sources.jar
2025-05-31 17:32:31,546 [Worker-6: Building] INFO  o.e.m.c.i.e.AbstractTransferListenerAdapter - Downloaded https://repo.maven.apache.org/maven2/org/apache/maven/surefire/surefire/3.2.5/surefire-3.2.5.pom
2025-05-31 17:32:33,718 [Worker-5: Building] INFO  o.a.m.s.f.DefaultMavenResourcesFiltering - Copying 1 resource from src\main\resources to target\classes
2025-05-31 17:32:33,724 [Worker-5: Building] INFO  o.a.m.s.f.DefaultMavenResourcesFiltering - skip non existing resourceDirectory E:\ARCHIVOS\INSTITUTO CIBERTEC CLASES\LENGUAJE DE PROGRAMACI脫N II\CLASES LPII\SESI脫N 04 LPII\LPII_Sesi贸n_04 - Sol\jpa_sesion02\jpa_sesion02\src\test\resources
2025-05-31 17:32:33,902 [Worker-2: Download sources and javadoc] INFO  o.e.m.c.i.e.AbstractTransferListenerAdapter - Downloaded https://repo.maven.apache.org/maven2/mysql/mysql-connector-java/8.0.28/mysql-connector-java-8.0.28-sources.jar
2025-05-31 17:32:33,905 [Worker-2: Download sources and javadoc] INFO  o.e.m.j.internal.DownloadSourcesJob - Downloaded sources for mysql:mysql-connector-java:8.0.28
2025-05-31 17:32:34,147 [Worker-2: Download sources and javadoc] INFO  o.e.m.c.i.e.AbstractTransferListenerAdapter - Downloading https://repo.maven.apache.org/maven2/com/google/protobuf/protobuf-java/3.11.4/protobuf-java-3.11.4-sources.jar
2025-05-31 17:32:39,028 [Worker-2: Download sources and javadoc] INFO  o.e.m.c.i.e.AbstractTransferListenerAdapter - Downloaded https://repo.maven.apache.org/maven2/com/google/protobuf/protobuf-java/3.11.4/protobuf-java-3.11.4-sources.jar
2025-05-31 17:32:39,031 [Worker-2: Download sources and javadoc] INFO  o.e.m.j.internal.DownloadSourcesJob - Downloaded sources for com.google.protobuf:protobuf-java:3.11.4
2025-05-31 17:32:39,062 [Worker-2: Download sources and javadoc] INFO  o.e.m.c.i.e.AbstractTransferListenerAdapter - Downloading https://repo.maven.apache.org/maven2/javax/persistence/javax.persistence-api/2.2/javax.persistence-api-2.2-sources.jar
2025-05-31 17:32:39,112 [Worker-2: Download sources and javadoc] INFO  o.e.m.c.i.e.AbstractTransferListenerAdapter - Downloaded https://repo.maven.apache.org/maven2/javax/persistence/javax.persistence-api/2.2/javax.persistence-api-2.2-sources.jar
2025-05-31 17:32:39,115 [Worker-2: Download sources and javadoc] INFO  o.e.m.j.internal.DownloadSourcesJob - Downloaded sources for javax.persistence:javax.persistence-api:2.2
2025-05-31 17:32:39,179 [Worker-2: Download sources and javadoc] INFO  o.e.m.c.i.e.AbstractTransferListenerAdapter - Downloading https://repo.maven.apache.org/maven2/org/hibernate/hibernate-core/5.4.4.Final/hibernate-core-5.4.4.Final-sources.jar
2025-05-31 17:32:40,472 [Worker-2: Download sources and javadoc] INFO  o.e.m.c.i.e.AbstractTransferListenerAdapter - Downloaded https://repo.maven.apache.org/maven2/org/hibernate/hibernate-core/5.4.4.Final/hibernate-core-5.4.4.Final-sources.jar
2025-05-31 17:32:40,475 [Worker-2: Download sources and javadoc] INFO  o.e.m.j.internal.DownloadSourcesJob - Downloaded sources for org.hibernate:hibernate-core:5.4.4.Final
2025-05-31 17:32:40,499 [Worker-2: Download sources and javadoc] INFO  o.e.m.c.i.e.AbstractTransferListenerAdapter - Downloading https://repo.maven.apache.org/maven2/org/jboss/logging/jboss-logging/3.3.2.Final/jboss-logging-3.3.2.Final-sources.jar
2025-05-31 17:32:40,536 [Worker-2: Download sources and javadoc] INFO  o.e.m.c.i.e.AbstractTransferListenerAdapter - Downloaded https://repo.maven.apache.org/maven2/org/jboss/logging/jboss-logging/3.3.2.Final/jboss-logging-3.3.2.Final-sources.jar
2025-05-31 17:32:40,539 [Worker-2: Download sources and javadoc] INFO  o.e.m.j.internal.DownloadSourcesJob - Downloaded sources for org.jboss.logging:jboss-logging:3.3.2.Final
2025-05-31 17:32:40,577 [Worker-2: Download sources and javadoc] INFO  o.e.m.c.i.e.AbstractTransferListenerAdapter - Downloading https://repo.maven.apache.org/maven2/org/javassist/javassist/3.24.0-GA/javassist-3.24.0-GA-sources.jar
2025-05-31 17:32:40,839 [Worker-2: Download sources and javadoc] INFO  o.e.m.c.i.e.AbstractTransferListenerAdapter - Downloaded https://repo.maven.apache.org/maven2/org/javassist/javassist/3.24.0-GA/javassist-3.24.0-GA-sources.jar
2025-05-31 17:32:40,842 [Worker-2: Download sources and javadoc] INFO  o.e.m.j.internal.DownloadSourcesJob - Downloaded sources for org.javassist:javassist:3.24.0-GA
2025-05-31 17:32:40,905 [Worker-2: Download sources and javadoc] INFO  o.e.m.c.i.e.AbstractTransferListenerAdapter - Downloading https://repo.maven.apache.org/maven2/net/bytebuddy/byte-buddy/1.9.11/byte-buddy-1.9.11-sources.jar
2025-05-31 17:32:41,527 [Worker-2: Download sources and javadoc] INFO  o.e.m.c.i.e.AbstractTransferListenerAdapter - Downloaded https://repo.maven.apache.org/maven2/net/bytebuddy/byte-buddy/1.9.11/byte-buddy-1.9.11-sources.jar
2025-05-31 17:32:41,530 [Worker-2: Download sources and javadoc] INFO  o.e.m.j.internal.DownloadSourcesJob - Downloaded sources for net.bytebuddy:byte-buddy:1.9.11
2025-05-31 17:32:41,577 [Worker-2: Download sources and javadoc] INFO  o.e.m.c.i.e.AbstractTransferListenerAdapter - Downloaded https://repo.maven.apache.org/maven2/antlr/antlr/2.7.7/antlr-2.7.7-sources.jar
2025-05-31 17:32:41,579 [Worker-2: Download sources and javadoc] ERROR o.e.m.j.internal.DownloadSourcesJob - Could not download sources for antlr:antlr:2.7.7
org.eclipse.core.runtime.CoreException: Could not resolve artifact antlr:antlr:jar:sources:2.7.7
	at org.eclipse.m2e.core.internal.embedder.MavenImpl.lambda$7(MavenImpl.java:540)
	at org.eclipse.m2e.core.internal.embedder.MavenExecutionContext.executeBare(MavenExecutionContext.java:458)
	at org.eclipse.m2e.core.internal.embedder.MavenExecutionContext.execute(MavenExecutionContext.java:292)
	at org.eclipse.m2e.core.internal.embedder.MavenExecutionContext.execute(MavenExecutionContext.java:278)
	at org.eclipse.m2e.core.internal.embedder.MavenImpl.resolve(MavenImpl.java:509)
	at org.eclipse.m2e.core.internal.embedder.MavenImpl.resolve(MavenImpl.java:494)
	at org.eclipse.m2e.jdt.internal.DownloadSourcesJob.download(DownloadSourcesJob.java:308)
	at org.eclipse.m2e.jdt.internal.DownloadSourcesJob.downloadAttachments(DownloadSourcesJob.java:282)
	at org.eclipse.m2e.jdt.internal.DownloadSourcesJob.downloadMaven(DownloadSourcesJob.java:252)
	at org.eclipse.m2e.jdt.internal.DownloadSourcesJob.downloadFilesAndPopulateToUpdate(DownloadSourcesJob.java:220)
	at org.eclipse.m2e.jdt.internal.DownloadSourcesJob.lambda$0(DownloadSourcesJob.java:149)
	at org.eclipse.m2e.core.internal.embedder.MavenExecutionContext.executeBare(MavenExecutionContext.java:458)
	at org.eclipse.m2e.core.internal.embedder.MavenExecutionContext.execute(MavenExecutionContext.java:339)
	at org.eclipse.m2e.core.internal.embedder.MavenExecutionContext.execute(MavenExecutionContext.java:278)
	at org.eclipse.m2e.core.embedder.IMaven.execute(IMaven.java:300)
	at org.eclipse.m2e.jdt.internal.DownloadSourcesJob.run(DownloadSourcesJob.java:149)
	at org.eclipse.core.internal.jobs.Worker.run(Worker.java:63)
2025-05-31 17:32:41,621 [Worker-2: Download sources and javadoc] INFO  o.e.m.c.i.e.AbstractTransferListenerAdapter - Downloading https://repo.maven.apache.org/maven2/org/jboss/spec/javax/transaction/jboss-transaction-api_1.2_spec/1.1.1.Final/jboss-transaction-api_1.2_spec-1.1.1.Final-sources.jar
2025-05-31 17:32:41,627 [Worker-2: Download sources and javadoc] INFO  o.e.m.c.i.e.AbstractTransferListenerAdapter - Downloaded https://repo.maven.apache.org/maven2/org/jboss/spec/javax/transaction/jboss-transaction-api_1.2_spec/1.1.1.Final/jboss-transaction-api_1.2_spec-1.1.1.Final-sources.jar
2025-05-31 17:32:41,629 [Worker-2: Download sources and javadoc] INFO  o.e.m.j.internal.DownloadSourcesJob - Downloaded sources for org.jboss.spec.javax.transaction:jboss-transaction-api_1.2_spec:1.1.1.Final
2025-05-31 17:32:41,678 [Worker-2: Download sources and javadoc] INFO  o.e.m.c.i.e.AbstractTransferListenerAdapter - Downloading https://repo.maven.apache.org/maven2/org/jboss/jandex/2.0.5.Final/jandex-2.0.5.Final-sources.jar
2025-05-31 17:32:41,735 [Worker-2: Download sources and javadoc] INFO  o.e.m.c.i.e.AbstractTransferListenerAdapter - Downloaded https://repo.maven.apache.org/maven2/org/jboss/jandex/2.0.5.Final/jandex-2.0.5.Final-sources.jar
2025-05-31 17:32:41,737 [Worker-2: Download sources and javadoc] INFO  o.e.m.j.internal.DownloadSourcesJob - Downloaded sources for org.jboss:jandex:2.0.5.Final
2025-05-31 17:32:41,782 [Worker-2: Download sources and javadoc] INFO  o.e.m.c.i.e.AbstractTransferListenerAdapter - Downloading https://repo.maven.apache.org/maven2/com/fasterxml/classmate/1.3.4/classmate-1.3.4-sources.jar
2025-05-31 17:32:41,834 [Worker-2: Download sources and javadoc] INFO  o.e.m.c.i.e.AbstractTransferListenerAdapter - Downloaded https://repo.maven.apache.org/maven2/com/fasterxml/classmate/1.3.4/classmate-1.3.4-sources.jar
2025-05-31 17:32:41,836 [Worker-2: Download sources and javadoc] INFO  o.e.m.j.internal.DownloadSourcesJob - Downloaded sources for com.fasterxml:classmate:1.3.4
2025-05-31 17:32:41,887 [Worker-2: Download sources and javadoc] INFO  o.e.m.c.i.e.AbstractTransferListenerAdapter - Downloading https://repo.maven.apache.org/maven2/javax/activation/javax.activation-api/1.2.0/javax.activation-api-1.2.0-sources.jar
2025-05-31 17:32:41,937 [Worker-2: Download sources and javadoc] INFO  o.e.m.c.i.e.AbstractTransferListenerAdapter - Downloaded https://repo.maven.apache.org/maven2/javax/activation/javax.activation-api/1.2.0/javax.activation-api-1.2.0-sources.jar
2025-05-31 17:32:41,939 [Worker-2: Download sources and javadoc] INFO  o.e.m.j.internal.DownloadSourcesJob - Downloaded sources for javax.activation:javax.activation-api:1.2.0
2025-05-31 17:32:42,004 [Worker-2: Download sources and javadoc] INFO  o.e.m.c.i.e.AbstractTransferListenerAdapter - Downloading https://repo.maven.apache.org/maven2/org/dom4j/dom4j/2.1.1/dom4j-2.1.1-sources.jar
2025-05-31 17:32:42,307 [Worker-2: Download sources and javadoc] INFO  o.e.m.c.i.e.AbstractTransferListenerAdapter - Downloaded https://repo.maven.apache.org/maven2/org/dom4j/dom4j/2.1.1/dom4j-2.1.1-sources.jar
2025-05-31 17:32:42,309 [Worker-2: Download sources and javadoc] INFO  o.e.m.j.internal.DownloadSourcesJob - Downloaded sources for org.dom4j:dom4j:2.1.1
2025-05-31 17:32:42,389 [Worker-2: Download sources and javadoc] INFO  o.e.m.c.i.e.AbstractTransferListenerAdapter - Downloading https://repo.maven.apache.org/maven2/org/hibernate/common/hibernate-commons-annotations/5.1.0.Final/hibernate-commons-annotations-5.1.0.Final-sources.jar
2025-05-31 17:32:42,469 [Worker-2: Download sources and javadoc] INFO  o.e.m.c.i.e.AbstractTransferListenerAdapter - Downloaded https://repo.maven.apache.org/maven2/org/hibernate/common/hibernate-commons-annotations/5.1.0.Final/hibernate-commons-annotations-5.1.0.Final-sources.jar
2025-05-31 17:32:42,471 [Worker-2: Download sources and javadoc] INFO  o.e.m.j.internal.DownloadSourcesJob - Downloaded sources for org.hibernate.common:hibernate-commons-annotations:5.1.0.Final
2025-05-31 17:32:42,548 [Worker-2: Download sources and javadoc] INFO  o.e.m.c.i.e.AbstractTransferListenerAdapter - Downloading https://repo.maven.apache.org/maven2/javax/xml/bind/jaxb-api/2.3.1/jaxb-api-2.3.1-sources.jar
2025-05-31 17:32:42,739 [Worker-2: Download sources and javadoc] INFO  o.e.m.c.i.e.AbstractTransferListenerAdapter - Downloaded https://repo.maven.apache.org/maven2/javax/xml/bind/jaxb-api/2.3.1/jaxb-api-2.3.1-sources.jar
2025-05-31 17:32:42,742 [Worker-2: Download sources and javadoc] INFO  o.e.m.j.internal.DownloadSourcesJob - Downloaded sources for javax.xml.bind:jaxb-api:2.3.1
2025-05-31 17:32:42,770 [Worker-2: Download sources and javadoc] INFO  o.e.m.c.i.e.AbstractTransferListenerAdapter - Downloading https://repo.maven.apache.org/maven2/org/glassfish/jaxb/jaxb-runtime/2.3.1/jaxb-runtime-2.3.1-sources.jar
2025-05-31 17:32:43,446 [Worker-2: Download sources and javadoc] INFO  o.e.m.c.i.e.AbstractTransferListenerAdapter - Downloaded https://repo.maven.apache.org/maven2/org/glassfish/jaxb/jaxb-runtime/2.3.1/jaxb-runtime-2.3.1-sources.jar
2025-05-31 17:32:43,449 [Worker-2: Download sources and javadoc] INFO  o.e.m.j.internal.DownloadSourcesJob - Downloaded sources for org.glassfish.jaxb:jaxb-runtime:2.3.1
2025-05-31 17:32:43,495 [Worker-2: Download sources and javadoc] INFO  o.e.m.c.i.e.AbstractTransferListenerAdapter - Downloading https://repo.maven.apache.org/maven2/org/glassfish/jaxb/txw2/2.3.1/txw2-2.3.1-sources.jar
2025-05-31 17:32:43,547 [Worker-2: Download sources and javadoc] INFO  o.e.m.c.i.e.AbstractTransferListenerAdapter - Downloaded https://repo.maven.apache.org/maven2/org/glassfish/jaxb/txw2/2.3.1/txw2-2.3.1-sources.jar
2025-05-31 17:32:43,550 [Worker-2: Download sources and javadoc] INFO  o.e.m.j.internal.DownloadSourcesJob - Downloaded sources for org.glassfish.jaxb:txw2:2.3.1
2025-05-31 17:32:43,594 [Worker-2: Download sources and javadoc] INFO  o.e.m.c.i.e.AbstractTransferListenerAdapter - Downloading https://repo.maven.apache.org/maven2/com/sun/istack/istack-commons-runtime/3.0.7/istack-commons-runtime-3.0.7-sources.jar
2025-05-31 17:32:43,602 [Worker-2: Download sources and javadoc] INFO  o.e.m.c.i.e.AbstractTransferListenerAdapter - Downloaded https://repo.maven.apache.org/maven2/com/sun/istack/istack-commons-runtime/3.0.7/istack-commons-runtime-3.0.7-sources.jar
2025-05-31 17:32:43,605 [Worker-2: Download sources and javadoc] INFO  o.e.m.j.internal.DownloadSourcesJob - Downloaded sources for com.sun.istack:istack-commons-runtime:3.0.7
2025-05-31 17:32:43,647 [Worker-2: Download sources and javadoc] INFO  o.e.m.c.i.e.AbstractTransferListenerAdapter - Downloading https://repo.maven.apache.org/maven2/org/jvnet/staxex/stax-ex/1.8/stax-ex-1.8-sources.jar
2025-05-31 17:32:43,670 [Worker-2: Download sources and javadoc] INFO  o.e.m.c.i.e.AbstractTransferListenerAdapter - Downloaded https://repo.maven.apache.org/maven2/org/jvnet/staxex/stax-ex/1.8/stax-ex-1.8-sources.jar
2025-05-31 17:32:43,672 [Worker-2: Download sources and javadoc] INFO  o.e.m.j.internal.DownloadSourcesJob - Downloaded sources for org.jvnet.staxex:stax-ex:1.8
2025-05-31 17:32:43,719 [Worker-2: Download sources and javadoc] INFO  o.e.m.c.i.e.AbstractTransferListenerAdapter - Downloading https://repo.maven.apache.org/maven2/com/sun/xml/fastinfoset/FastInfoset/1.2.15/FastInfoset-1.2.15-sources.jar
2025-05-31 17:32:43,873 [Worker-2: Download sources and javadoc] INFO  o.e.m.c.i.e.AbstractTransferListenerAdapter - Downloaded https://repo.maven.apache.org/maven2/com/sun/xml/fastinfoset/FastInfoset/1.2.15/FastInfoset-1.2.15-sources.jar
2025-05-31 17:32:43,876 [Worker-2: Download sources and javadoc] INFO  o.e.m.j.internal.DownloadSourcesJob - Downloaded sources for com.sun.xml.fastinfoset:FastInfoset:1.2.15
2025-05-31 17:32:43,924 [Worker-2: Download sources and javadoc] INFO  o.e.m.c.i.e.AbstractTransferListenerAdapter - Downloading https://repo.maven.apache.org/maven2/org/hibernate/hibernate-entitymanager/5.4.4.Final/hibernate-entitymanager-5.4.4.Final-sources.jar
2025-05-31 17:32:43,927 [Worker-2: Download sources and javadoc] INFO  o.e.m.c.i.e.AbstractTransferListenerAdapter - Downloaded https://repo.maven.apache.org/maven2/org/hibernate/hibernate-entitymanager/5.4.4.Final/hibernate-entitymanager-5.4.4.Final-sources.jar
2025-05-31 17:32:43,930 [Worker-2: Download sources and javadoc] INFO  o.e.m.j.internal.DownloadSourcesJob - Downloaded sources for org.hibernate:hibernate-entitymanager:5.4.4.Final
2025-05-31 17:32:43,981 [Worker-2: Download sources and javadoc] INFO  o.e.m.c.i.e.AbstractTransferListenerAdapter - Downloading https://repo.maven.apache.org/maven2/org/projectlombok/lombok/1.18.26/lombok-1.18.26-sources.jar
2025-05-31 17:32:44,415 [Worker-2: Download sources and javadoc] INFO  o.e.m.c.i.e.AbstractTransferListenerAdapter - Downloaded https://repo.maven.apache.org/maven2/org/projectlombok/lombok/1.18.26/lombok-1.18.26-sources.jar
2025-05-31 17:32:44,418 [Worker-2: Download sources and javadoc] INFO  o.e.m.j.internal.DownloadSourcesJob - Downloaded sources for org.projectlombok:lombok:1.18.26
2025-05-31 17:34:39,335 [Worker-0: Building] INFO  o.e.m.c.i.l.LifecycleMappingFactory - Using org.eclipse.m2e.jdt.JarLifecycleMapping lifecycle mapping for MavenProject: org.cibertec:jpa_sesion02:0.0.1-SNAPSHOT @ E:\ARCHIVOS\INSTITUTO CIBERTEC CLASES\LENGUAJE DE PROGRAMACI脫N II\CLASES LPII\SESI脫N 04 LPII\LPII_Sesi贸n_04 - Sol\jpa_sesion02\jpa_sesion02\pom.xml.
2025-05-31 17:34:39,560 [Worker-0: Building] INFO  o.a.m.s.f.DefaultMavenResourcesFiltering - Copying 0 resource from src\main\resources to target\classes
2025-05-31 17:34:39,563 [Worker-0: Building] INFO  o.a.m.s.f.DefaultMavenResourcesFiltering - skip non existing resourceDirectory E:\ARCHIVOS\INSTITUTO CIBERTEC CLASES\LENGUAJE DE PROGRAMACI脫N II\CLASES LPII\SESI脫N 04 LPII\LPII_Sesi贸n_04 - Sol\jpa_sesion02\jpa_sesion02\src\test\resources
2025-05-31 17:34:40,611 [Worker-4: Download sources and javadoc] INFO  o.e.m.c.i.e.AbstractTransferListenerAdapter - Downloaded https://repo.maven.apache.org/maven2/antlr/antlr/2.7.7/antlr-2.7.7-javadoc.jar
2025-05-31 17:34:40,613 [Worker-4: Download sources and javadoc] ERROR o.e.m.j.internal.DownloadSourcesJob - Could not download javadoc for antlr:antlr:2.7.7
org.eclipse.core.runtime.CoreException: Could not resolve artifact antlr:antlr:jar:javadoc:2.7.7
	at org.eclipse.m2e.core.internal.embedder.MavenImpl.lambda$7(MavenImpl.java:540)
	at org.eclipse.m2e.core.internal.embedder.MavenExecutionContext.executeBare(MavenExecutionContext.java:458)
	at org.eclipse.m2e.core.internal.embedder.MavenExecutionContext.execute(MavenExecutionContext.java:292)
	at org.eclipse.m2e.core.internal.embedder.MavenExecutionContext.execute(MavenExecutionContext.java:278)
	at org.eclipse.m2e.core.internal.embedder.MavenImpl.resolve(MavenImpl.java:509)
	at org.eclipse.m2e.core.internal.embedder.MavenImpl.resolve(MavenImpl.java:494)
	at org.eclipse.m2e.jdt.internal.DownloadSourcesJob.download(DownloadSourcesJob.java:308)
	at org.eclipse.m2e.jdt.internal.DownloadSourcesJob.downloadAttachments(DownloadSourcesJob.java:294)
	at org.eclipse.m2e.jdt.internal.DownloadSourcesJob.downloadMaven(DownloadSourcesJob.java:252)
	at org.eclipse.m2e.jdt.internal.DownloadSourcesJob.downloadFilesAndPopulateToUpdate(DownloadSourcesJob.java:220)
	at org.eclipse.m2e.jdt.internal.DownloadSourcesJob.lambda$0(DownloadSourcesJob.java:149)
	at org.eclipse.m2e.core.internal.embedder.MavenExecutionContext.executeBare(MavenExecutionContext.java:458)
	at org.eclipse.m2e.core.internal.embedder.MavenExecutionContext.execute(MavenExecutionContext.java:339)
	at org.eclipse.m2e.core.internal.embedder.MavenExecutionContext.execute(MavenExecutionContext.java:278)
	at org.eclipse.m2e.core.embedder.IMaven.execute(IMaven.java:300)
	at org.eclipse.m2e.jdt.internal.DownloadSourcesJob.run(DownloadSourcesJob.java:149)
	at org.eclipse.core.internal.jobs.Worker.run(Worker.java:63)
2025-06-04 16:07:39,535 [Worker-3: Loading available Gradle versions] INFO  o.e.b.c.i.u.g.PublishedGradleVersions - Gradle version information cache is out-of-date. Trying to update.
2025-06-04 16:08:04,118 [Worker-4: Building] INFO  o.e.m.c.i.l.LifecycleMappingFactory - Using org.eclipse.m2e.jdt.JarLifecycleMapping lifecycle mapping for MavenProject: org.cibertec:jpa_sesion02:0.0.1-SNAPSHOT @ F:\ARCHIVOS\INSTITUTO CIBERTEC CLASES\LENGUAJE DE PROGRAMACI脫N II\CLASES LPII\SESI脫N 04 LPII\LPII_Sesi贸n_04 - Sol\jpa_sesion02\jpa_sesion02\pom.xml.
2025-06-04 16:08:04,875 [Worker-4: Building] INFO  o.a.m.s.f.DefaultMavenResourcesFiltering - Copying 1 resource from src\main\resources to target\classes
2025-06-04 16:08:04,884 [Worker-4: Building] INFO  o.a.m.s.f.DefaultMavenResourcesFiltering - skip non existing resourceDirectory F:\ARCHIVOS\INSTITUTO CIBERTEC CLASES\LENGUAJE DE PROGRAMACI脫N II\CLASES LPII\SESI脫N 04 LPII\LPII_Sesi贸n_04 - Sol\jpa_sesion02\jpa_sesion02\src\test\resources
2025-06-04 16:10:29,662 [Worker-7: Building] INFO  o.e.m.c.i.l.LifecycleMappingFactory - Using org.eclipse.m2e.jdt.JarLifecycleMapping lifecycle mapping for MavenProject: org.cibertec:LPII_Sesion04_MV_GIT:0.0.1-SNAPSHOT @ F:\ARCHIVOS\INSTITUTO CIBERTEC CLASES\LENGUAJE DE PROGRAMACI脫N II\CLASES LPII\SESI脫N 04 LPII\LPII_Sesi贸n_04 - Sol\jpa_sesion02\jpa_sesion02\pom.xml.
2025-06-04 16:10:29,830 [Worker-7: Building] INFO  o.a.m.s.f.DefaultMavenResourcesFiltering - Copying 0 resource from src\main\resources to target\classes
2025-06-04 16:10:29,835 [Worker-7: Building] INFO  o.a.m.s.f.DefaultMavenResourcesFiltering - skip non existing resourceDirectory F:\ARCHIVOS\INSTITUTO CIBERTEC CLASES\LENGUAJE DE PROGRAMACI脫N II\CLASES LPII\SESI脫N 04 LPII\LPII_Sesi贸n_04 - Sol\jpa_sesion02\jpa_sesion02\src\test\resources
2025-06-04 16:16:09,467 [Worker-1: Launching FrmManteProd (1)] INFO  o.a.m.s.f.DefaultMavenResourcesFiltering - Copying 1 resource from src\main\resources to target\classes
2025-06-04 16:16:09,471 [Worker-1: Launching FrmManteProd (1)] INFO  o.a.m.s.f.DefaultMavenResourcesFiltering - skip non existing resourceDirectory F:\ARCHIVOS\INSTITUTO CIBERTEC CLASES\LENGUAJE DE PROGRAMACI脫N II\CLASES LPII\SESI脫N 04 LPII\LPII_Sesi贸n_04 - Sol\jpa_sesion02\jpa_sesion02\src\test\resources
2025-06-04 16:16:55,025 [Worker-2: Launching FrmManteProd (1)] INFO  o.a.m.s.f.DefaultMavenResourcesFiltering - Copying 1 resource from src\main\resources to target\classes
2025-06-04 16:16:55,027 [Worker-2: Launching FrmManteProd (1)] INFO  o.a.m.s.f.DefaultMavenResourcesFiltering - skip non existing resourceDirectory F:\ARCHIVOS\INSTITUTO CIBERTEC CLASES\LENGUAJE DE PROGRAMACI脫N II\CLASES LPII\SESI脫N 04 LPII\LPII_Sesi贸n_04 - Sol\jpa_sesion02\jpa_sesion02\src\test\resources
2025-06-04 16:19:58,663 [Worker-4: Building] INFO  o.e.m.c.i.l.LifecycleMappingFactory - Using org.eclipse.m2e.jdt.JarLifecycleMapping lifecycle mapping for MavenProject: org.cibertec:LPII_Sesion04_MV_GIT:0.0.1-SNAPSHOT @ F:\ARCHIVOS\INSTITUTO CIBERTEC CLASES\LENGUAJE DE PROGRAMACI脫N II\CLASES LPII\SESI脫N 04 LPII\LPII_Sesi贸n_04 - Sol\jpa_sesion02\jpa_sesion02\pom.xml.
2025-06-04 16:19:58,909 [Worker-4: Building] INFO  o.a.m.s.f.DefaultMavenResourcesFiltering - Copying 0 resource from src\main\resources to target\classes
2025-06-04 16:19:58,914 [Worker-4: Building] INFO  o.a.m.s.f.DefaultMavenResourcesFiltering - skip non existing resourceDirectory F:\ARCHIVOS\INSTITUTO CIBERTEC CLASES\LENGUAJE DE PROGRAMACI脫N II\CLASES LPII\SESI脫N 04 LPII\LPII_Sesi贸n_04 - Sol\jpa_sesion02\jpa_sesion02\src\test\resources
2025-06-04 16:20:09,081 [Worker-1: Building] INFO  o.a.m.s.f.DefaultMavenResourcesFiltering - Copying 1 resource from src\main\resources to target\classes
2025-06-04 16:20:09,088 [Worker-1: Building] INFO  o.a.m.s.f.DefaultMavenResourcesFiltering - skip non existing resourceDirectory F:\ARCHIVOS\INSTITUTO CIBERTEC CLASES\LENGUAJE DE PROGRAMACI脫N II\CLASES LPII\SESI脫N 04 LPII\LPII_Sesi贸n_04 - Sol\jpa_sesion02\jpa_sesion02\src\test\resources
2025-06-04 16:20:18,832 [Worker-1: Launching Executing clean in F__ARCHIVOS_INSTITUTO CIBERTEC CLASES_LENGUAJE DE PROGRAMACI脫N II_CLASES LPII_SESI脫N 04 LPII_LPII_Sesi贸n_04 - Sol_jpa_sesion02_jpa_sesion02] INFO  o.eclipse.m2e.core.internal.Bundles - getClasspathEntries(Bundle=org.eclipse.m2e.maven.runtime_3.9.900.20240824-1409 [364])
2025-06-04 16:20:18,833 [Worker-1: Launching Executing clean in F__ARCHIVOS_INSTITUTO CIBERTEC CLASES_LENGUAJE DE PROGRAMACI脫N II_CLASES LPII_SESI脫N 04 LPII_LPII_Sesi贸n_04 - Sol_jpa_sesion02_jpa_sesion02] INFO  o.eclipse.m2e.core.internal.Bundles - 	Entry: D:\Eclipse\SpringToolSuite4\plugins\org.eclipse.m2e.maven.runtime_3.9.900.20240824-1409
2025-06-04 16:20:18,833 [Worker-1: Launching Executing clean in F__ARCHIVOS_INSTITUTO CIBERTEC CLASES_LENGUAJE DE PROGRAMACI脫N II_CLASES LPII_SESI脫N 04 LPII_LPII_Sesi贸n_04 - Sol_jpa_sesion02_jpa_sesion02] INFO  o.eclipse.m2e.core.internal.Bundles - 	Entry: D:\Eclipse\SpringToolSuite4\plugins\org.eclipse.m2e.maven.runtime_3.9.900.20240824-1409\jars\aopalliance-1.0.jar
2025-06-04 16:20:18,834 [Worker-1: Launching Executing clean in F__ARCHIVOS_INSTITUTO CIBERTEC CLASES_LENGUAJE DE PROGRAMACI脫N II_CLASES LPII_SESI脫N 04 LPII_LPII_Sesi贸n_04 - Sol_jpa_sesion02_jpa_sesion02] INFO  o.eclipse.m2e.core.internal.Bundles - 	Entry: D:\Eclipse\SpringToolSuite4\plugins\org.eclipse.m2e.maven.runtime_3.9.900.20240824-1409\jars\guice-5.1.0.jar
2025-06-04 16:20:18,834 [Worker-1: Launching Executing clean in F__ARCHIVOS_INSTITUTO CIBERTEC CLASES_LENGUAJE DE PROGRAMACI脫N II_CLASES LPII_SESI脫N 04 LPII_LPII_Sesi贸n_04 - Sol_jpa_sesion02_jpa_sesion02] INFO  o.eclipse.m2e.core.internal.Bundles - 	Entry: D:\Eclipse\SpringToolSuite4\plugins\org.eclipse.m2e.maven.runtime_3.9.900.20240824-1409\jars\httpclient-4.5.14.jar
2025-06-04 16:20:18,834 [Worker-1: Launching Executing clean in F__ARCHIVOS_INSTITUTO CIBERTEC CLASES_LENGUAJE DE PROGRAMACI脫N II_CLASES LPII_SESI脫N 04 LPII_LPII_Sesi贸n_04 - Sol_jpa_sesion02_jpa_sesion02] INFO  o.eclipse.m2e.core.internal.Bundles - 	Entry: D:\Eclipse\SpringToolSuite4\plugins\org.eclipse.m2e.maven.runtime_3.9.900.20240824-1409\jars\httpcore-4.4.16.jar
2025-06-04 16:20:18,834 [Worker-1: Launching Executing clean in F__ARCHIVOS_INSTITUTO CIBERTEC CLASES_LENGUAJE DE PROGRAMACI脫N II_CLASES LPII_SESI脫N 04 LPII_LPII_Sesi贸n_04 - Sol_jpa_sesion02_jpa_sesion02] INFO  o.eclipse.m2e.core.internal.Bundles - 	Entry: D:\Eclipse\SpringToolSuite4\plugins\org.eclipse.m2e.maven.runtime_3.9.900.20240824-1409\jars\jansi-2.4.1.jar
2025-06-04 16:20:18,834 [Worker-1: Launching Executing clean in F__ARCHIVOS_INSTITUTO CIBERTEC CLASES_LENGUAJE DE PROGRAMACI脫N II_CLASES LPII_SESI脫N 04 LPII_LPII_Sesi贸n_04 - Sol_jpa_sesion02_jpa_sesion02] INFO  o.eclipse.m2e.core.internal.Bundles - 	Entry: D:\Eclipse\SpringToolSuite4\plugins\org.eclipse.m2e.maven.runtime_3.9.900.20240824-1409\jars\jcl-over-slf4j-1.7.36.jar
2025-06-04 16:20:18,834 [Worker-1: Launching Executing clean in F__ARCHIVOS_INSTITUTO CIBERTEC CLASES_LENGUAJE DE PROGRAMACI脫N II_CLASES LPII_SESI脫N 04 LPII_LPII_Sesi贸n_04 - Sol_jpa_sesion02_jpa_sesion02] INFO  o.eclipse.m2e.core.internal.Bundles - 	Entry: D:\Eclipse\SpringToolSuite4\plugins\org.eclipse.m2e.maven.runtime_3.9.900.20240824-1409\jars\maven-artifact-3.9.9.jar
2025-06-04 16:20:18,834 [Worker-1: Launching Executing clean in F__ARCHIVOS_INSTITUTO CIBERTEC CLASES_LENGUAJE DE PROGRAMACI脫N II_CLASES LPII_SESI脫N 04 LPII_LPII_Sesi贸n_04 - Sol_jpa_sesion02_jpa_sesion02] INFO  o.eclipse.m2e.core.internal.Bundles - 	Entry: D:\Eclipse\SpringToolSuite4\plugins\org.eclipse.m2e.maven.runtime_3.9.900.20240824-1409\jars\maven-builder-support-3.9.9.jar
2025-06-04 16:20:18,834 [Worker-1: Launching Executing clean in F__ARCHIVOS_INSTITUTO CIBERTEC CLASES_LENGUAJE DE PROGRAMACI脫N II_CLASES LPII_SESI脫N 04 LPII_LPII_Sesi贸n_04 - Sol_jpa_sesion02_jpa_sesion02] INFO  o.eclipse.m2e.core.internal.Bundles - 	Entry: D:\Eclipse\SpringToolSuite4\plugins\org.eclipse.m2e.maven.runtime_3.9.900.20240824-1409\jars\maven-compat-3.9.9.jar
2025-06-04 16:20:18,835 [Worker-1: Launching Executing clean in F__ARCHIVOS_INSTITUTO CIBERTEC CLASES_LENGUAJE DE PROGRAMACI脫N II_CLASES LPII_SESI脫N 04 LPII_LPII_Sesi贸n_04 - Sol_jpa_sesion02_jpa_sesion02] INFO  o.eclipse.m2e.core.internal.Bundles - 	Entry: D:\Eclipse\SpringToolSuite4\plugins\org.eclipse.m2e.maven.runtime_3.9.900.20240824-1409\jars\maven-core-3.9.9.jar
2025-06-04 16:20:18,835 [Worker-1: Launching Executing clean in F__ARCHIVOS_INSTITUTO CIBERTEC CLASES_LENGUAJE DE PROGRAMACI脫N II_CLASES LPII_SESI脫N 04 LPII_LPII_Sesi贸n_04 - Sol_jpa_sesion02_jpa_sesion02] INFO  o.eclipse.m2e.core.internal.Bundles - 	Entry: D:\Eclipse\SpringToolSuite4\plugins\org.eclipse.m2e.maven.runtime_3.9.900.20240824-1409\jars\maven-embedder-3.9.9.jar
2025-06-04 16:20:18,835 [Worker-1: Launching Executing clean in F__ARCHIVOS_INSTITUTO CIBERTEC CLASES_LENGUAJE DE PROGRAMACI脫N II_CLASES LPII_SESI脫N 04 LPII_LPII_Sesi贸n_04 - Sol_jpa_sesion02_jpa_sesion02] INFO  o.eclipse.m2e.core.internal.Bundles - 	Entry: D:\Eclipse\SpringToolSuite4\plugins\org.eclipse.m2e.maven.runtime_3.9.900.20240824-1409\jars\maven-model-3.9.9.jar
2025-06-04 16:20:18,835 [Worker-1: Launching Executing clean in F__ARCHIVOS_INSTITUTO CIBERTEC CLASES_LENGUAJE DE PROGRAMACI脫N II_CLASES LPII_SESI脫N 04 LPII_LPII_Sesi贸n_04 - Sol_jpa_sesion02_jpa_sesion02] INFO  o.eclipse.m2e.core.internal.Bundles - 	Entry: D:\Eclipse\SpringToolSuite4\plugins\org.eclipse.m2e.maven.runtime_3.9.900.20240824-1409\jars\maven-model-builder-3.9.9.jar
2025-06-04 16:20:18,835 [Worker-1: Launching Executing clean in F__ARCHIVOS_INSTITUTO CIBERTEC CLASES_LENGUAJE DE PROGRAMACI脫N II_CLASES LPII_SESI脫N 04 LPII_LPII_Sesi贸n_04 - Sol_jpa_sesion02_jpa_sesion02] INFO  o.eclipse.m2e.core.internal.Bundles - 	Entry: D:\Eclipse\SpringToolSuite4\plugins\org.eclipse.m2e.maven.runtime_3.9.900.20240824-1409\jars\maven-plugin-api-3.9.9.jar
2025-06-04 16:20:18,835 [Worker-1: Launching Executing clean in F__ARCHIVOS_INSTITUTO CIBERTEC CLASES_LENGUAJE DE PROGRAMACI脫N II_CLASES LPII_SESI脫N 04 LPII_LPII_Sesi贸n_04 - Sol_jpa_sesion02_jpa_sesion02] INFO  o.eclipse.m2e.core.internal.Bundles - 	Entry: D:\Eclipse\SpringToolSuite4\plugins\org.eclipse.m2e.maven.runtime_3.9.900.20240824-1409\jars\maven-repository-metadata-3.9.9.jar
2025-06-04 16:20:18,835 [Worker-1: Launching Executing clean in F__ARCHIVOS_INSTITUTO CIBERTEC CLASES_LENGUAJE DE PROGRAMACI脫N II_CLASES LPII_SESI脫N 04 LPII_LPII_Sesi贸n_04 - Sol_jpa_sesion02_jpa_sesion02] INFO  o.eclipse.m2e.core.internal.Bundles - 	Entry: D:\Eclipse\SpringToolSuite4\plugins\org.eclipse.m2e.maven.runtime_3.9.900.20240824-1409\jars\maven-resolver-api-1.9.22.jar
2025-06-04 16:20:18,835 [Worker-1: Launching Executing clean in F__ARCHIVOS_INSTITUTO CIBERTEC CLASES_LENGUAJE DE PROGRAMACI脫N II_CLASES LPII_SESI脫N 04 LPII_LPII_Sesi贸n_04 - Sol_jpa_sesion02_jpa_sesion02] INFO  o.eclipse.m2e.core.internal.Bundles - 	Entry: D:\Eclipse\SpringToolSuite4\plugins\org.eclipse.m2e.maven.runtime_3.9.900.20240824-1409\jars\maven-resolver-connector-basic-1.9.22.jar
2025-06-04 16:20:18,835 [Worker-1: Launching Executing clean in F__ARCHIVOS_INSTITUTO CIBERTEC CLASES_LENGUAJE DE PROGRAMACI脫N II_CLASES LPII_SESI脫N 04 LPII_LPII_Sesi贸n_04 - Sol_jpa_sesion02_jpa_sesion02] INFO  o.eclipse.m2e.core.internal.Bundles - 	Entry: D:\Eclipse\SpringToolSuite4\plugins\org.eclipse.m2e.maven.runtime_3.9.900.20240824-1409\jars\maven-resolver-impl-1.9.22.jar
2025-06-04 16:20:18,835 [Worker-1: Launching Executing clean in F__ARCHIVOS_INSTITUTO CIBERTEC CLASES_LENGUAJE DE PROGRAMACI脫N II_CLASES LPII_SESI脫N 04 LPII_LPII_Sesi贸n_04 - Sol_jpa_sesion02_jpa_sesion02] INFO  o.eclipse.m2e.core.internal.Bundles - 	Entry: D:\Eclipse\SpringToolSuite4\plugins\org.eclipse.m2e.maven.runtime_3.9.900.20240824-1409\jars\maven-resolver-named-locks-1.9.22.jar
2025-06-04 16:20:18,836 [Worker-1: Launching Executing clean in F__ARCHIVOS_INSTITUTO CIBERTEC CLASES_LENGUAJE DE PROGRAMACI脫N II_CLASES LPII_SESI脫N 04 LPII_LPII_Sesi贸n_04 - Sol_jpa_sesion02_jpa_sesion02] INFO  o.eclipse.m2e.core.internal.Bundles - 	Entry: D:\Eclipse\SpringToolSuite4\plugins\org.eclipse.m2e.maven.runtime_3.9.900.20240824-1409\jars\maven-resolver-provider-3.9.9.jar
2025-06-04 16:20:18,836 [Worker-1: Launching Executing clean in F__ARCHIVOS_INSTITUTO CIBERTEC CLASES_LENGUAJE DE PROGRAMACI脫N II_CLASES LPII_SESI脫N 04 LPII_LPII_Sesi贸n_04 - Sol_jpa_sesion02_jpa_sesion02] INFO  o.eclipse.m2e.core.internal.Bundles - 	Entry: D:\Eclipse\SpringToolSuite4\plugins\org.eclipse.m2e.maven.runtime_3.9.900.20240824-1409\jars\maven-resolver-spi-1.9.22.jar
2025-06-04 16:20:18,836 [Worker-1: Launching Executing clean in F__ARCHIVOS_INSTITUTO CIBERTEC CLASES_LENGUAJE DE PROGRAMACI脫N II_CLASES LPII_SESI脫N 04 LPII_LPII_Sesi贸n_04 - Sol_jpa_sesion02_jpa_sesion02] INFO  o.eclipse.m2e.core.internal.Bundles - 	Entry: D:\Eclipse\SpringToolSuite4\plugins\org.eclipse.m2e.maven.runtime_3.9.900.20240824-1409\jars\maven-resolver-transport-file-1.9.22.jar
2025-06-04 16:20:18,836 [Worker-1: Launching Executing clean in F__ARCHIVOS_INSTITUTO CIBERTEC CLASES_LENGUAJE DE PROGRAMACI脫N II_CLASES LPII_SESI脫N 04 LPII_LPII_Sesi贸n_04 - Sol_jpa_sesion02_jpa_sesion02] INFO  o.eclipse.m2e.core.internal.Bundles - 	Entry: D:\Eclipse\SpringToolSuite4\plugins\org.eclipse.m2e.maven.runtime_3.9.900.20240824-1409\jars\maven-resolver-transport-http-1.9.22.jar
2025-06-04 16:20:18,836 [Worker-1: Launching Executing clean in F__ARCHIVOS_INSTITUTO CIBERTEC CLASES_LENGUAJE DE PROGRAMACI脫N II_CLASES LPII_SESI脫N 04 LPII_LPII_Sesi贸n_04 - Sol_jpa_sesion02_jpa_sesion02] INFO  o.eclipse.m2e.core.internal.Bundles - 	Entry: D:\Eclipse\SpringToolSuite4\plugins\org.eclipse.m2e.maven.runtime_3.9.900.20240824-1409\jars\maven-resolver-transport-wagon-1.9.22.jar
2025-06-04 16:20:18,836 [Worker-1: Launching Executing clean in F__ARCHIVOS_INSTITUTO CIBERTEC CLASES_LENGUAJE DE PROGRAMACI脫N II_CLASES LPII_SESI脫N 04 LPII_LPII_Sesi贸n_04 - Sol_jpa_sesion02_jpa_sesion02] INFO  o.eclipse.m2e.core.internal.Bundles - 	Entry: D:\Eclipse\SpringToolSuite4\plugins\org.eclipse.m2e.maven.runtime_3.9.900.20240824-1409\jars\maven-resolver-util-1.9.22.jar
2025-06-04 16:20:18,836 [Worker-1: Launching Executing clean in F__ARCHIVOS_INSTITUTO CIBERTEC CLASES_LENGUAJE DE PROGRAMACI脫N II_CLASES LPII_SESI脫N 04 LPII_LPII_Sesi贸n_04 - Sol_jpa_sesion02_jpa_sesion02] INFO  o.eclipse.m2e.core.internal.Bundles - 	Entry: D:\Eclipse\SpringToolSuite4\plugins\org.eclipse.m2e.maven.runtime_3.9.900.20240824-1409\jars\maven-settings-3.9.9.jar
2025-06-04 16:20:18,836 [Worker-1: Launching Executing clean in F__ARCHIVOS_INSTITUTO CIBERTEC CLASES_LENGUAJE DE PROGRAMACI脫N II_CLASES LPII_SESI脫N 04 LPII_LPII_Sesi贸n_04 - Sol_jpa_sesion02_jpa_sesion02] INFO  o.eclipse.m2e.core.internal.Bundles - 	Entry: D:\Eclipse\SpringToolSuite4\plugins\org.eclipse.m2e.maven.runtime_3.9.900.20240824-1409\jars\maven-settings-builder-3.9.9.jar
2025-06-04 16:20:18,836 [Worker-1: Launching Executing clean in F__ARCHIVOS_INSTITUTO CIBERTEC CLASES_LENGUAJE DE PROGRAMACI脫N II_CLASES LPII_SESI脫N 04 LPII_LPII_Sesi贸n_04 - Sol_jpa_sesion02_jpa_sesion02] INFO  o.eclipse.m2e.core.internal.Bundles - 	Entry: D:\Eclipse\SpringToolSuite4\plugins\org.eclipse.m2e.maven.runtime_3.9.900.20240824-1409\jars\maven-shared-utils-3.4.2.jar
2025-06-04 16:20:18,837 [Worker-1: Launching Executing clean in F__ARCHIVOS_INSTITUTO CIBERTEC CLASES_LENGUAJE DE PROGRAMACI脫N II_CLASES LPII_SESI脫N 04 LPII_LPII_Sesi贸n_04 - Sol_jpa_sesion02_jpa_sesion02] INFO  o.eclipse.m2e.core.internal.Bundles - 	Entry: D:\Eclipse\SpringToolSuite4\plugins\org.eclipse.m2e.maven.runtime_3.9.900.20240824-1409\jars\org.eclipse.sisu.inject-0.9.0.M3.jar
2025-06-04 16:20:18,837 [Worker-1: Launching Executing clean in F__ARCHIVOS_INSTITUTO CIBERTEC CLASES_LENGUAJE DE PROGRAMACI脫N II_CLASES LPII_SESI脫N 04 LPII_LPII_Sesi贸n_04 - Sol_jpa_sesion02_jpa_sesion02] INFO  o.eclipse.m2e.core.internal.Bundles - 	Entry: D:\Eclipse\SpringToolSuite4\plugins\org.eclipse.m2e.maven.runtime_3.9.900.20240824-1409\jars\org.eclipse.sisu.plexus-0.9.0.M3.jar
2025-06-04 16:20:18,837 [Worker-1: Launching Executing clean in F__ARCHIVOS_INSTITUTO CIBERTEC CLASES_LENGUAJE DE PROGRAMACI脫N II_CLASES LPII_SESI脫N 04 LPII_LPII_Sesi贸n_04 - Sol_jpa_sesion02_jpa_sesion02] INFO  o.eclipse.m2e.core.internal.Bundles - 	Entry: D:\Eclipse\SpringToolSuite4\plugins\org.eclipse.m2e.maven.runtime_3.9.900.20240824-1409\jars\plexus-build-api-0.0.7.jar
2025-06-04 16:20:18,837 [Worker-1: Launching Executing clean in F__ARCHIVOS_INSTITUTO CIBERTEC CLASES_LENGUAJE DE PROGRAMACI脫N II_CLASES LPII_SESI脫N 04 LPII_LPII_Sesi贸n_04 - Sol_jpa_sesion02_jpa_sesion02] INFO  o.eclipse.m2e.core.internal.Bundles - 	Entry: D:\Eclipse\SpringToolSuite4\plugins\org.eclipse.m2e.maven.runtime_3.9.900.20240824-1409\jars\plexus-build-api-1.2.0.jar
2025-06-04 16:20:18,837 [Worker-1: Launching Executing clean in F__ARCHIVOS_INSTITUTO CIBERTEC CLASES_LENGUAJE DE PROGRAMACI脫N II_CLASES LPII_SESI脫N 04 LPII_LPII_Sesi贸n_04 - Sol_jpa_sesion02_jpa_sesion02] INFO  o.eclipse.m2e.core.internal.Bundles - 	Entry: D:\Eclipse\SpringToolSuite4\plugins\org.eclipse.m2e.maven.runtime_3.9.900.20240824-1409\jars\plexus-cipher-2.0.jar
2025-06-04 16:20:18,837 [Worker-1: Launching Executing clean in F__ARCHIVOS_INSTITUTO CIBERTEC CLASES_LENGUAJE DE PROGRAMACI脫N II_CLASES LPII_SESI脫N 04 LPII_LPII_Sesi贸n_04 - Sol_jpa_sesion02_jpa_sesion02] INFO  o.eclipse.m2e.core.internal.Bundles - 	Entry: D:\Eclipse\SpringToolSuite4\plugins\org.eclipse.m2e.maven.runtime_3.9.900.20240824-1409\jars\plexus-classworlds-2.8.0.jar
2025-06-04 16:20:18,837 [Worker-1: Launching Executing clean in F__ARCHIVOS_INSTITUTO CIBERTEC CLASES_LENGUAJE DE PROGRAMACI脫N II_CLASES LPII_SESI脫N 04 LPII_LPII_Sesi贸n_04 - Sol_jpa_sesion02_jpa_sesion02] INFO  o.eclipse.m2e.core.internal.Bundles - 	Entry: D:\Eclipse\SpringToolSuite4\plugins\org.eclipse.m2e.maven.runtime_3.9.900.20240824-1409\jars\plexus-component-annotations-2.1.0.jar
2025-06-04 16:20:18,837 [Worker-1: Launching Executing clean in F__ARCHIVOS_INSTITUTO CIBERTEC CLASES_LENGUAJE DE PROGRAMACI脫N II_CLASES LPII_SESI脫N 04 LPII_LPII_Sesi贸n_04 - Sol_jpa_sesion02_jpa_sesion02] INFO  o.eclipse.m2e.core.internal.Bundles - 	Entry: D:\Eclipse\SpringToolSuite4\plugins\org.eclipse.m2e.maven.runtime_3.9.900.20240824-1409\jars\plexus-interpolation-1.27.jar
2025-06-04 16:20:18,837 [Worker-1: Launching Executing clean in F__ARCHIVOS_INSTITUTO CIBERTEC CLASES_LENGUAJE DE PROGRAMACI脫N II_CLASES LPII_SESI脫N 04 LPII_LPII_Sesi贸n_04 - Sol_jpa_sesion02_jpa_sesion02] INFO  o.eclipse.m2e.core.internal.Bundles - 	Entry: D:\Eclipse\SpringToolSuite4\plugins\org.eclipse.m2e.maven.runtime_3.9.900.20240824-1409\jars\plexus-sec-dispatcher-2.0.jar
2025-06-04 16:20:18,837 [Worker-1: Launching Executing clean in F__ARCHIVOS_INSTITUTO CIBERTEC CLASES_LENGUAJE DE PROGRAMACI脫N II_CLASES LPII_SESI脫N 04 LPII_LPII_Sesi贸n_04 - Sol_jpa_sesion02_jpa_sesion02] INFO  o.eclipse.m2e.core.internal.Bundles - 	Entry: D:\Eclipse\SpringToolSuite4\plugins\org.eclipse.m2e.maven.runtime_3.9.900.20240824-1409\jars\plexus-utils-3.5.1.jar
2025-06-04 16:20:18,838 [Worker-1: Launching Executing clean in F__ARCHIVOS_INSTITUTO CIBERTEC CLASES_LENGUAJE DE PROGRAMACI脫N II_CLASES LPII_SESI脫N 04 LPII_LPII_Sesi贸n_04 - Sol_jpa_sesion02_jpa_sesion02] INFO  o.eclipse.m2e.core.internal.Bundles - 	Entry: D:\Eclipse\SpringToolSuite4\plugins\org.eclipse.m2e.maven.runtime_3.9.900.20240824-1409\jars\plexus-xml-3.0.1.jar
2025-06-04 16:20:18,838 [Worker-1: Launching Executing clean in F__ARCHIVOS_INSTITUTO CIBERTEC CLASES_LENGUAJE DE PROGRAMACI脫N II_CLASES LPII_SESI脫N 04 LPII_LPII_Sesi贸n_04 - Sol_jpa_sesion02_jpa_sesion02] INFO  o.eclipse.m2e.core.internal.Bundles - 	Entry: D:\Eclipse\SpringToolSuite4\plugins\org.eclipse.m2e.maven.runtime_3.9.900.20240824-1409\jars\wagon-file-3.5.3.jar
2025-06-04 16:20:18,838 [Worker-1: Launching Executing clean in F__ARCHIVOS_INSTITUTO CIBERTEC CLASES_LENGUAJE DE PROGRAMACI脫N II_CLASES LPII_SESI脫N 04 LPII_LPII_Sesi贸n_04 - Sol_jpa_sesion02_jpa_sesion02] INFO  o.eclipse.m2e.core.internal.Bundles - 	Entry: D:\Eclipse\SpringToolSuite4\plugins\org.eclipse.m2e.maven.runtime_3.9.900.20240824-1409\jars\wagon-http-3.5.3.jar
2025-06-04 16:20:18,838 [Worker-1: Launching Executing clean in F__ARCHIVOS_INSTITUTO CIBERTEC CLASES_LENGUAJE DE PROGRAMACI脫N II_CLASES LPII_SESI脫N 04 LPII_LPII_Sesi贸n_04 - Sol_jpa_sesion02_jpa_sesion02] INFO  o.eclipse.m2e.core.internal.Bundles - 	Entry: D:\Eclipse\SpringToolSuite4\plugins\org.eclipse.m2e.maven.runtime_3.9.900.20240824-1409\jars\wagon-http-shared-3.5.3.jar
2025-06-04 16:20:18,838 [Worker-1: Launching Executing clean in F__ARCHIVOS_INSTITUTO CIBERTEC CLASES_LENGUAJE DE PROGRAMACI脫N II_CLASES LPII_SESI脫N 04 LPII_LPII_Sesi贸n_04 - Sol_jpa_sesion02_jpa_sesion02] INFO  o.eclipse.m2e.core.internal.Bundles - 	Entry: D:\Eclipse\SpringToolSuite4\plugins\org.eclipse.m2e.maven.runtime_3.9.900.20240824-1409\jars\wagon-provider-api-3.5.3.jar
2025-06-04 16:20:18,839 [Worker-1: Launching Executing clean in F__ARCHIVOS_INSTITUTO CIBERTEC CLASES_LENGUAJE DE PROGRAMACI脫N II_CLASES LPII_SESI脫N 04 LPII_LPII_Sesi贸n_04 - Sol_jpa_sesion02_jpa_sesion02] INFO  o.eclipse.m2e.core.internal.Bundles - getClasspathEntries(Bundle=com.google.guava_33.3.1.jre [29])
2025-06-04 16:20:18,839 [Worker-1: Launching Executing clean in F__ARCHIVOS_INSTITUTO CIBERTEC CLASES_LENGUAJE DE PROGRAMACI脫N II_CLASES LPII_SESI脫N 04 LPII_LPII_Sesi贸n_04 - Sol_jpa_sesion02_jpa_sesion02] INFO  o.eclipse.m2e.core.internal.Bundles - 	Entry: D:\Eclipse\SpringToolSuite4\plugins\com.google.guava_33.3.1.jre.jar
2025-06-04 16:20:18,839 [Worker-1: Launching Executing clean in F__ARCHIVOS_INSTITUTO CIBERTEC CLASES_LENGUAJE DE PROGRAMACI脫N II_CLASES LPII_SESI脫N 04 LPII_LPII_Sesi贸n_04 - Sol_jpa_sesion02_jpa_sesion02] INFO  o.eclipse.m2e.core.internal.Bundles - getClasspathEntries(Bundle=slf4j.api_2.0.16 [615])
2025-06-04 16:20:18,839 [Worker-1: Launching Executing clean in F__ARCHIVOS_INSTITUTO CIBERTEC CLASES_LENGUAJE DE PROGRAMACI脫N II_CLASES LPII_SESI脫N 04 LPII_LPII_Sesi贸n_04 - Sol_jpa_sesion02_jpa_sesion02] INFO  o.eclipse.m2e.core.internal.Bundles - 	Entry: D:\Eclipse\SpringToolSuite4\plugins\slf4j.api_2.0.16.jar
2025-06-04 16:20:18,839 [Worker-1: Launching Executing clean in F__ARCHIVOS_INSTITUTO CIBERTEC CLASES_LENGUAJE DE PROGRAMACI脫N II_CLASES LPII_SESI脫N 04 LPII_LPII_Sesi贸n_04 - Sol_jpa_sesion02_jpa_sesion02] INFO  o.eclipse.m2e.core.internal.Bundles - getClasspathEntries(Bundle=jakarta.inject.jakarta.inject-api_1.0.5 [45])
2025-06-04 16:20:18,840 [Worker-1: Launching Executing clean in F__ARCHIVOS_INSTITUTO CIBERTEC CLASES_LENGUAJE DE PROGRAMACI脫N II_CLASES LPII_SESI脫N 04 LPII_LPII_Sesi贸n_04 - Sol_jpa_sesion02_jpa_sesion02] INFO  o.eclipse.m2e.core.internal.Bundles - 	Entry: D:\Eclipse\SpringToolSuite4\plugins\jakarta.inject.jakarta.inject-api_1.0.5.jar
2025-06-04 16:20:18,840 [Worker-1: Launching Executing clean in F__ARCHIVOS_INSTITUTO CIBERTEC CLASES_LENGUAJE DE PROGRAMACI脫N II_CLASES LPII_SESI脫N 04 LPII_LPII_Sesi贸n_04 - Sol_jpa_sesion02_jpa_sesion02] INFO  o.eclipse.m2e.core.internal.Bundles - getClasspathEntries(Bundle=jakarta.annotation-api_1.3.5 [41])
2025-06-04 16:20:18,840 [Worker-1: Launching Executing clean in F__ARCHIVOS_INSTITUTO CIBERTEC CLASES_LENGUAJE DE PROGRAMACI脫N II_CLASES LPII_SESI脫N 04 LPII_LPII_Sesi贸n_04 - Sol_jpa_sesion02_jpa_sesion02] INFO  o.eclipse.m2e.core.internal.Bundles - 	Entry: D:\Eclipse\SpringToolSuite4\plugins\jakarta.annotation-api_1.3.5.jar
2025-06-04 16:20:18,840 [Worker-1: Launching Executing clean in F__ARCHIVOS_INSTITUTO CIBERTEC CLASES_LENGUAJE DE PROGRAMACI脫N II_CLASES LPII_SESI脫N 04 LPII_LPII_Sesi贸n_04 - Sol_jpa_sesion02_jpa_sesion02] INFO  o.eclipse.m2e.core.internal.Bundles - getClasspathEntries(Bundle=org.apache.commons.cli_1.9.0 [78])
2025-06-04 16:20:18,840 [Worker-1: Launching Executing clean in F__ARCHIVOS_INSTITUTO CIBERTEC CLASES_LENGUAJE DE PROGRAMACI脫N II_CLASES LPII_SESI脫N 04 LPII_LPII_Sesi贸n_04 - Sol_jpa_sesion02_jpa_sesion02] INFO  o.eclipse.m2e.core.internal.Bundles - 	Entry: D:\Eclipse\SpringToolSuite4\plugins\org.apache.commons.cli_1.9.0.jar
2025-06-04 16:20:18,840 [Worker-1: Launching Executing clean in F__ARCHIVOS_INSTITUTO CIBERTEC CLASES_LENGUAJE DE PROGRAMACI脫N II_CLASES LPII_SESI脫N 04 LPII_LPII_Sesi贸n_04 - Sol_jpa_sesion02_jpa_sesion02] INFO  o.eclipse.m2e.core.internal.Bundles - getClasspathEntries(Bundle=org.apache.commons.commons-codec_1.16.0 [81])
2025-06-04 16:20:18,840 [Worker-1: Launching Executing clean in F__ARCHIVOS_INSTITUTO CIBERTEC CLASES_LENGUAJE DE PROGRAMACI脫N II_CLASES LPII_SESI脫N 04 LPII_LPII_Sesi贸n_04 - Sol_jpa_sesion02_jpa_sesion02] INFO  o.eclipse.m2e.core.internal.Bundles - 	Entry: D:\Eclipse\SpringToolSuite4\plugins\org.apache.commons.commons-codec_1.16.0.jar
2025-06-04 16:20:18,840 [Worker-1: Launching Executing clean in F__ARCHIVOS_INSTITUTO CIBERTEC CLASES_LENGUAJE DE PROGRAMACI脫N II_CLASES LPII_SESI脫N 04 LPII_LPII_Sesi贸n_04 - Sol_jpa_sesion02_jpa_sesion02] INFO  o.eclipse.m2e.core.internal.Bundles - getClasspathEntries(Bundle=com.google.guava.failureaccess_1.0.2 [30])
2025-06-04 16:20:18,841 [Worker-1: Launching Executing clean in F__ARCHIVOS_INSTITUTO CIBERTEC CLASES_LENGUAJE DE PROGRAMACI脫N II_CLASES LPII_SESI脫N 04 LPII_LPII_Sesi贸n_04 - Sol_jpa_sesion02_jpa_sesion02] INFO  o.eclipse.m2e.core.internal.Bundles - 	Entry: D:\Eclipse\SpringToolSuite4\plugins\com.google.guava.failureaccess_1.0.2.jar
2025-06-04 16:20:18,844 [Worker-1: Launching Executing clean in F__ARCHIVOS_INSTITUTO CIBERTEC CLASES_LENGUAJE DE PROGRAMACI脫N II_CLASES LPII_SESI脫N 04 LPII_LPII_Sesi贸n_04 - Sol_jpa_sesion02_jpa_sesion02] INFO  o.e.m.i.launch.MavenLaunchDelegate - Run build in "F:\ARCHIVOS\INSTITUTO CIBERTEC CLASES\LENGUAJE DE PROGRAMACI脫N II\CLASES LPII\SESI脫N 04 LPII\LPII_Sesi贸n_04 - Sol\jpa_sesion02\jpa_sesion02":
2025-06-04 16:20:18,845 [Worker-1: Launching Executing clean in F__ARCHIVOS_INSTITUTO CIBERTEC CLASES_LENGUAJE DE PROGRAMACI脫N II_CLASES LPII_SESI脫N 04 LPII_LPII_Sesi贸n_04 - Sol_jpa_sesion02_jpa_sesion02] INFO  o.e.m.i.launch.MavenLaunchDelegate -  mvn  -B -Dstyle.color=always clean
2025-06-04 16:20:29,607 [Worker-7: Updating Maven Project] INFO  o.e.m.c.i.p.ProjectConfigurationManager - Update started
2025-06-04 16:20:29,742 [Worker-7: Updating Maven Project] INFO  o.e.m.c.i.l.LifecycleMappingFactory - Using org.eclipse.m2e.jdt.JarLifecycleMapping lifecycle mapping for MavenProject: org.cibertec:LPII_Sesion04_MV_GIT:0.0.1-SNAPSHOT @ F:\ARCHIVOS\INSTITUTO CIBERTEC CLASES\LENGUAJE DE PROGRAMACI脫N II\CLASES LPII\SESI脫N 04 LPII\LPII_Sesi贸n_04 - Sol\jpa_sesion02\jpa_sesion02\pom.xml.
2025-06-04 16:20:30,147 [Worker-7: Updating Maven Project] INFO  o.e.m.j.i.AbstractJavaProjectConfigurator - Adding source folder /LPII_Sesion04_MV_GIT/src/main/java
2025-06-04 16:20:30,149 [Worker-7: Updating Maven Project] INFO  o.e.m.j.i.AbstractJavaProjectConfigurator - Adding resource folder /LPII_Sesion04_MV_GIT/src/main/resources
2025-06-04 16:20:30,150 [Worker-7: Updating Maven Project] INFO  o.e.m.j.i.AbstractJavaProjectConfigurator - Adding source folder /LPII_Sesion04_MV_GIT/src/test/java
2025-06-04 16:20:30,151 [Worker-7: Updating Maven Project] INFO  o.e.m.j.i.AbstractJavaProjectConfigurator - Adding resource folder /LPII_Sesion04_MV_GIT/src/test/resources
2025-06-04 16:20:30,348 [Worker-7: Updating Maven Project] INFO  o.e.m.c.i.p.ProjectConfigurationManager - Update completed for 1 poms: local refresh takes 0.00 sec, refresh facades takes 0.00 sec, update config takes 0.00 sec 
2025-06-04 16:20:30,636 [Worker-2: Building] INFO  o.a.m.s.f.DefaultMavenResourcesFiltering - Copying 1 resource from src\main\resources to target\classes
2025-06-04 16:20:30,649 [Worker-2: Building] INFO  o.a.m.s.f.DefaultMavenResourcesFiltering - skip non existing resourceDirectory F:\ARCHIVOS\INSTITUTO CIBERTEC CLASES\LENGUAJE DE PROGRAMACI脫N II\CLASES LPII\SESI脫N 04 LPII\LPII_Sesi贸n_04 - Sol\jpa_sesion02\jpa_sesion02\src\test\resources
2025-06-04 16:22:04,941 [Worker-2: Building] INFO  o.e.m.c.i.l.LifecycleMappingFactory - Using org.eclipse.m2e.jdt.JarLifecycleMapping lifecycle mapping for MavenProject: org.cibertec:LPII_Sesion04_MV_GIT:0.0.1-SNAPSHOT @ F:\ARCHIVOS\INSTITUTO CIBERTEC CLASES\LENGUAJE DE PROGRAMACI脫N II\CLASES LPII\SESI脫N 04 LPII\LPII_Sesi贸n_04 - Sol\jpa_sesion02\jpa_sesion02\pom.xml.
2025-06-04 16:22:05,153 [Worker-2: Building] INFO  o.a.m.s.f.DefaultMavenResourcesFiltering - Copying 1 resource from src\main\resources to target\classes
2025-06-04 16:22:05,158 [Worker-2: Building] INFO  o.a.m.s.f.DefaultMavenResourcesFiltering - skip non existing resourceDirectory F:\ARCHIVOS\INSTITUTO CIBERTEC CLASES\LENGUAJE DE PROGRAMACI脫N II\CLASES LPII\SESI脫N 04 LPII\LPII_Sesi贸n_04 - Sol\jpa_sesion02\jpa_sesion02\src\test\resources
2025-06-04 17:10:11,908 [Worker-7: Loading available Gradle versions] INFO  o.e.b.c.i.u.g.PublishedGradleVersions - Gradle version information cache is up-to-date. Trying to read.
2025-06-04 18:02:06,156 [Worker-20: Building] INFO  o.a.m.s.f.DefaultMavenResourcesFiltering - Copying 1 resource from src\main\resources to target\classes
2025-06-04 18:02:06,170 [Worker-20: Building] INFO  o.a.m.s.f.DefaultMavenResourcesFiltering - skip non existing resourceDirectory F:\ARCHIVOS\INSTITUTO CIBERTEC CLASES\LENGUAJE DE PROGRAMACI脫N II\CLASES LPII\SESI脫N 04 LPII\LPII_Sesi贸n_04 - Sol\jpa_sesion02\jpa_sesion02\src\test\resources
2025-06-04 18:02:41,083 [Worker-24: Building] INFO  o.a.m.s.f.DefaultMavenResourcesFiltering - Copying 1 resource from src\main\resources to target\classes
2025-06-04 18:02:41,087 [Worker-24: Building] INFO  o.a.m.s.f.DefaultMavenResourcesFiltering - skip non existing resourceDirectory F:\ARCHIVOS\INSTITUTO CIBERTEC CLASES\LENGUAJE DE PROGRAMACI脫N II\CLASES LPII\SESI脫N 04 LPII\LPII_Sesi贸n_04 - Sol\jpa_sesion02\jpa_sesion02\src\test\resources
2025-06-04 18:08:47,097 [Worker-24: Building] INFO  o.a.m.s.f.DefaultMavenResourcesFiltering - Copying 1 resource from src\main\resources to target\classes
2025-06-04 18:08:47,100 [Worker-24: Building] INFO  o.a.m.s.f.DefaultMavenResourcesFiltering - skip non existing resourceDirectory F:\ARCHIVOS\INSTITUTO CIBERTEC CLASES\LENGUAJE DE PROGRAMACI脫N II\CLASES LPII\SESI脫N 04 LPII\LPII_Sesi贸n_04 - Sol\jpa_sesion02\jpa_sesion02\src\test\resources
2025-06-04 18:36:12,332 [Worker-32: Launching Listado (1)] INFO  o.a.m.s.f.DefaultMavenResourcesFiltering - Copying 1 resource from src\main\resources to target\classes
2025-06-04 18:36:12,335 [Worker-32: Launching Listado (1)] INFO  o.a.m.s.f.DefaultMavenResourcesFiltering - skip non existing resourceDirectory F:\ARCHIVOS\INSTITUTO CIBERTEC CLASES\LENGUAJE DE PROGRAMACI脫N II\CLASES LPII\SESI脫N 04 LPII\LPII_Sesi贸n_04 - Sol\jpa_sesion02\jpa_sesion02\src\test\resources
2025-06-05 22:15:31,995 [Worker-1: Loading available Gradle versions] INFO  o.e.b.c.i.u.g.PublishedGradleVersions - Gradle version information cache is out-of-date. Trying to update.
2025-06-05 22:16:20,361 [Worker-1: Building] INFO  o.a.m.s.f.DefaultMavenResourcesFiltering - Copying 1 resource from src\main\resources to target\classes
2025-06-05 22:16:20,415 [Worker-1: Building] INFO  o.a.m.s.f.DefaultMavenResourcesFiltering - skip non existing resourceDirectory F:\ARCHIVOS\INSTITUTO CIBERTEC CLASES\LENGUAJE DE PROGRAMACI脫N II\CLASES LPII\SESI脫N 04 LPII\LPII_Sesi贸n_04 - Sol\jpa_sesion02\jpa_sesion02\src\test\resources
2025-06-05 22:20:24,695 [Worker-0: Launching FrmManteProd (1)] INFO  o.a.m.s.f.DefaultMavenResourcesFiltering - Copying 0 resource from src\main\resources to target\classes
2025-06-05 22:20:24,697 [Worker-0: Launching FrmManteProd (1)] INFO  o.a.m.s.f.DefaultMavenResourcesFiltering - skip non existing resourceDirectory F:\ARCHIVOS\INSTITUTO CIBERTEC CLASES\LENGUAJE DE PROGRAMACI脫N II\CLASES LPII\SESI脫N 04 LPII\LPII_Sesi贸n_04 - Sol\jpa_sesion02\jpa_sesion02\src\test\resources
2025-06-05 22:20:57,025 [Worker-3: Launching Executing clean in F__ARCHIVOS_INSTITUTO CIBERTEC CLASES_LENGUAJE DE PROGRAMACI脫N II_CLASES LPII_SESI脫N 04 LPII_LPII_Sesi贸n_04 - Sol_jpa_sesion02_jpa_sesion02] INFO  o.eclipse.m2e.core.internal.Bundles - getClasspathEntries(Bundle=org.eclipse.m2e.maven.runtime_3.9.700.20240602-2313 [359])
2025-06-05 22:20:57,029 [Worker-3: Launching Executing clean in F__ARCHIVOS_INSTITUTO CIBERTEC CLASES_LENGUAJE DE PROGRAMACI脫N II_CLASES LPII_SESI脫N 04 LPII_LPII_Sesi贸n_04 - Sol_jpa_sesion02_jpa_sesion02] INFO  o.eclipse.m2e.core.internal.Bundles - 	Entry: C:\SpringToolSuite4\plugins\org.eclipse.m2e.maven.runtime_3.9.700.20240602-2313
2025-06-05 22:20:57,029 [Worker-3: Launching Executing clean in F__ARCHIVOS_INSTITUTO CIBERTEC CLASES_LENGUAJE DE PROGRAMACI脫N II_CLASES LPII_SESI脫N 04 LPII_LPII_Sesi贸n_04 - Sol_jpa_sesion02_jpa_sesion02] INFO  o.eclipse.m2e.core.internal.Bundles - 	Entry: C:\SpringToolSuite4\plugins\org.eclipse.m2e.maven.runtime_3.9.700.20240602-2313\jars\aopalliance-1.0.jar
2025-06-05 22:20:57,029 [Worker-3: Launching Executing clean in F__ARCHIVOS_INSTITUTO CIBERTEC CLASES_LENGUAJE DE PROGRAMACI脫N II_CLASES LPII_SESI脫N 04 LPII_LPII_Sesi贸n_04 - Sol_jpa_sesion02_jpa_sesion02] INFO  o.eclipse.m2e.core.internal.Bundles - 	Entry: C:\SpringToolSuite4\plugins\org.eclipse.m2e.maven.runtime_3.9.700.20240602-2313\jars\guice-5.1.0.jar
2025-06-05 22:20:57,029 [Worker-3: Launching Executing clean in F__ARCHIVOS_INSTITUTO CIBERTEC CLASES_LENGUAJE DE PROGRAMACI脫N II_CLASES LPII_SESI脫N 04 LPII_LPII_Sesi贸n_04 - Sol_jpa_sesion02_jpa_sesion02] INFO  o.eclipse.m2e.core.internal.Bundles - 	Entry: C:\SpringToolSuite4\plugins\org.eclipse.m2e.maven.runtime_3.9.700.20240602-2313\jars\httpclient-4.5.14.jar
2025-06-05 22:20:57,029 [Worker-3: Launching Executing clean in F__ARCHIVOS_INSTITUTO CIBERTEC CLASES_LENGUAJE DE PROGRAMACI脫N II_CLASES LPII_SESI脫N 04 LPII_LPII_Sesi贸n_04 - Sol_jpa_sesion02_jpa_sesion02] INFO  o.eclipse.m2e.core.internal.Bundles - 	Entry: C:\SpringToolSuite4\plugins\org.eclipse.m2e.maven.runtime_3.9.700.20240602-2313\jars\httpcore-4.4.16.jar
2025-06-05 22:20:57,030 [Worker-3: Launching Executing clean in F__ARCHIVOS_INSTITUTO CIBERTEC CLASES_LENGUAJE DE PROGRAMACI脫N II_CLASES LPII_SESI脫N 04 LPII_LPII_Sesi贸n_04 - Sol_jpa_sesion02_jpa_sesion02] INFO  o.eclipse.m2e.core.internal.Bundles - 	Entry: C:\SpringToolSuite4\plugins\org.eclipse.m2e.maven.runtime_3.9.700.20240602-2313\jars\jansi-2.4.1.jar
2025-06-05 22:20:57,030 [Worker-3: Launching Executing clean in F__ARCHIVOS_INSTITUTO CIBERTEC CLASES_LENGUAJE DE PROGRAMACI脫N II_CLASES LPII_SESI脫N 04 LPII_LPII_Sesi贸n_04 - Sol_jpa_sesion02_jpa_sesion02] INFO  o.eclipse.m2e.core.internal.Bundles - 	Entry: C:\SpringToolSuite4\plugins\org.eclipse.m2e.maven.runtime_3.9.700.20240602-2313\jars\jcl-over-slf4j-1.7.36.jar
2025-06-05 22:20:57,030 [Worker-3: Launching Executing clean in F__ARCHIVOS_INSTITUTO CIBERTEC CLASES_LENGUAJE DE PROGRAMACI脫N II_CLASES LPII_SESI脫N 04 LPII_LPII_Sesi贸n_04 - Sol_jpa_sesion02_jpa_sesion02] INFO  o.eclipse.m2e.core.internal.Bundles - 	Entry: C:\SpringToolSuite4\plugins\org.eclipse.m2e.maven.runtime_3.9.700.20240602-2313\jars\maven-artifact-3.9.7.jar
2025-06-05 22:20:57,030 [Worker-3: Launching Executing clean in F__ARCHIVOS_INSTITUTO CIBERTEC CLASES_LENGUAJE DE PROGRAMACI脫N II_CLASES LPII_SESI脫N 04 LPII_LPII_Sesi贸n_04 - Sol_jpa_sesion02_jpa_sesion02] INFO  o.eclipse.m2e.core.internal.Bundles - 	Entry: C:\SpringToolSuite4\plugins\org.eclipse.m2e.maven.runtime_3.9.700.20240602-2313\jars\maven-builder-support-3.9.7.jar
2025-06-05 22:20:57,030 [Worker-3: Launching Executing clean in F__ARCHIVOS_INSTITUTO CIBERTEC CLASES_LENGUAJE DE PROGRAMACI脫N II_CLASES LPII_SESI脫N 04 LPII_LPII_Sesi贸n_04 - Sol_jpa_sesion02_jpa_sesion02] INFO  o.eclipse.m2e.core.internal.Bundles - 	Entry: C:\SpringToolSuite4\plugins\org.eclipse.m2e.maven.runtime_3.9.700.20240602-2313\jars\maven-compat-3.9.7.jar
2025-06-05 22:20:57,030 [Worker-3: Launching Executing clean in F__ARCHIVOS_INSTITUTO CIBERTEC CLASES_LENGUAJE DE PROGRAMACI脫N II_CLASES LPII_SESI脫N 04 LPII_LPII_Sesi贸n_04 - Sol_jpa_sesion02_jpa_sesion02] INFO  o.eclipse.m2e.core.internal.Bundles - 	Entry: C:\SpringToolSuite4\plugins\org.eclipse.m2e.maven.runtime_3.9.700.20240602-2313\jars\maven-core-3.9.7.jar
2025-06-05 22:20:57,031 [Worker-3: Launching Executing clean in F__ARCHIVOS_INSTITUTO CIBERTEC CLASES_LENGUAJE DE PROGRAMACI脫N II_CLASES LPII_SESI脫N 04 LPII_LPII_Sesi贸n_04 - Sol_jpa_sesion02_jpa_sesion02] INFO  o.eclipse.m2e.core.internal.Bundles - 	Entry: C:\SpringToolSuite4\plugins\org.eclipse.m2e.maven.runtime_3.9.700.20240602-2313\jars\maven-embedder-3.9.7.jar
2025-06-05 22:20:57,031 [Worker-3: Launching Executing clean in F__ARCHIVOS_INSTITUTO CIBERTEC CLASES_LENGUAJE DE PROGRAMACI脫N II_CLASES LPII_SESI脫N 04 LPII_LPII_Sesi贸n_04 - Sol_jpa_sesion02_jpa_sesion02] INFO  o.eclipse.m2e.core.internal.Bundles - 	Entry: C:\SpringToolSuite4\plugins\org.eclipse.m2e.maven.runtime_3.9.700.20240602-2313\jars\maven-model-3.9.7.jar
2025-06-05 22:20:57,031 [Worker-3: Launching Executing clean in F__ARCHIVOS_INSTITUTO CIBERTEC CLASES_LENGUAJE DE PROGRAMACI脫N II_CLASES LPII_SESI脫N 04 LPII_LPII_Sesi贸n_04 - Sol_jpa_sesion02_jpa_sesion02] INFO  o.eclipse.m2e.core.internal.Bundles - 	Entry: C:\SpringToolSuite4\plugins\org.eclipse.m2e.maven.runtime_3.9.700.20240602-2313\jars\maven-model-builder-3.9.7.jar
2025-06-05 22:20:57,031 [Worker-3: Launching Executing clean in F__ARCHIVOS_INSTITUTO CIBERTEC CLASES_LENGUAJE DE PROGRAMACI脫N II_CLASES LPII_SESI脫N 04 LPII_LPII_Sesi贸n_04 - Sol_jpa_sesion02_jpa_sesion02] INFO  o.eclipse.m2e.core.internal.Bundles - 	Entry: C:\SpringToolSuite4\plugins\org.eclipse.m2e.maven.runtime_3.9.700.20240602-2313\jars\maven-plugin-api-3.9.7.jar
2025-06-05 22:20:57,031 [Worker-3: Launching Executing clean in F__ARCHIVOS_INSTITUTO CIBERTEC CLASES_LENGUAJE DE PROGRAMACI脫N II_CLASES LPII_SESI脫N 04 LPII_LPII_Sesi贸n_04 - Sol_jpa_sesion02_jpa_sesion02] INFO  o.eclipse.m2e.core.internal.Bundles - 	Entry: C:\SpringToolSuite4\plugins\org.eclipse.m2e.maven.runtime_3.9.700.20240602-2313\jars\maven-repository-metadata-3.9.7.jar
2025-06-05 22:20:57,031 [Worker-3: Launching Executing clean in F__ARCHIVOS_INSTITUTO CIBERTEC CLASES_LENGUAJE DE PROGRAMACI脫N II_CLASES LPII_SESI脫N 04 LPII_LPII_Sesi贸n_04 - Sol_jpa_sesion02_jpa_sesion02] INFO  o.eclipse.m2e.core.internal.Bundles - 	Entry: C:\SpringToolSuite4\plugins\org.eclipse.m2e.maven.runtime_3.9.700.20240602-2313\jars\maven-resolver-api-1.9.20.jar
2025-06-05 22:20:57,032 [Worker-3: Launching Executing clean in F__ARCHIVOS_INSTITUTO CIBERTEC CLASES_LENGUAJE DE PROGRAMACI脫N II_CLASES LPII_SESI脫N 04 LPII_LPII_Sesi贸n_04 - Sol_jpa_sesion02_jpa_sesion02] INFO  o.eclipse.m2e.core.internal.Bundles - 	Entry: C:\SpringToolSuite4\plugins\org.eclipse.m2e.maven.runtime_3.9.700.20240602-2313\jars\maven-resolver-connector-basic-1.9.20.jar
2025-06-05 22:20:57,032 [Worker-3: Launching Executing clean in F__ARCHIVOS_INSTITUTO CIBERTEC CLASES_LENGUAJE DE PROGRAMACI脫N II_CLASES LPII_SESI脫N 04 LPII_LPII_Sesi贸n_04 - Sol_jpa_sesion02_jpa_sesion02] INFO  o.eclipse.m2e.core.internal.Bundles - 	Entry: C:\SpringToolSuite4\plugins\org.eclipse.m2e.maven.runtime_3.9.700.20240602-2313\jars\maven-resolver-impl-1.9.20.jar
2025-06-05 22:20:57,032 [Worker-3: Launching Executing clean in F__ARCHIVOS_INSTITUTO CIBERTEC CLASES_LENGUAJE DE PROGRAMACI脫N II_CLASES LPII_SESI脫N 04 LPII_LPII_Sesi贸n_04 - Sol_jpa_sesion02_jpa_sesion02] INFO  o.eclipse.m2e.core.internal.Bundles - 	Entry: C:\SpringToolSuite4\plugins\org.eclipse.m2e.maven.runtime_3.9.700.20240602-2313\jars\maven-resolver-named-locks-1.9.20.jar
2025-06-05 22:20:57,032 [Worker-3: Launching Executing clean in F__ARCHIVOS_INSTITUTO CIBERTEC CLASES_LENGUAJE DE PROGRAMACI脫N II_CLASES LPII_SESI脫N 04 LPII_LPII_Sesi贸n_04 - Sol_jpa_sesion02_jpa_sesion02] INFO  o.eclipse.m2e.core.internal.Bundles - 	Entry: C:\SpringToolSuite4\plugins\org.eclipse.m2e.maven.runtime_3.9.700.20240602-2313\jars\maven-resolver-provider-3.9.7.jar
2025-06-05 22:20:57,032 [Worker-3: Launching Executing clean in F__ARCHIVOS_INSTITUTO CIBERTEC CLASES_LENGUAJE DE PROGRAMACI脫N II_CLASES LPII_SESI脫N 04 LPII_LPII_Sesi贸n_04 - Sol_jpa_sesion02_jpa_sesion02] INFO  o.eclipse.m2e.core.internal.Bundles - 	Entry: C:\SpringToolSuite4\plugins\org.eclipse.m2e.maven.runtime_3.9.700.20240602-2313\jars\maven-resolver-spi-1.9.20.jar
2025-06-05 22:20:57,032 [Worker-3: Launching Executing clean in F__ARCHIVOS_INSTITUTO CIBERTEC CLASES_LENGUAJE DE PROGRAMACI脫N II_CLASES LPII_SESI脫N 04 LPII_LPII_Sesi贸n_04 - Sol_jpa_sesion02_jpa_sesion02] INFO  o.eclipse.m2e.core.internal.Bundles - 	Entry: C:\SpringToolSuite4\plugins\org.eclipse.m2e.maven.runtime_3.9.700.20240602-2313\jars\maven-resolver-transport-file-1.9.20.jar
2025-06-05 22:20:57,033 [Worker-3: Launching Executing clean in F__ARCHIVOS_INSTITUTO CIBERTEC CLASES_LENGUAJE DE PROGRAMACI脫N II_CLASES LPII_SESI脫N 04 LPII_LPII_Sesi贸n_04 - Sol_jpa_sesion02_jpa_sesion02] INFO  o.eclipse.m2e.core.internal.Bundles - 	Entry: C:\SpringToolSuite4\plugins\org.eclipse.m2e.maven.runtime_3.9.700.20240602-2313\jars\maven-resolver-transport-http-1.9.20.jar
2025-06-05 22:20:57,033 [Worker-3: Launching Executing clean in F__ARCHIVOS_INSTITUTO CIBERTEC CLASES_LENGUAJE DE PROGRAMACI脫N II_CLASES LPII_SESI脫N 04 LPII_LPII_Sesi贸n_04 - Sol_jpa_sesion02_jpa_sesion02] INFO  o.eclipse.m2e.core.internal.Bundles - 	Entry: C:\SpringToolSuite4\plugins\org.eclipse.m2e.maven.runtime_3.9.700.20240602-2313\jars\maven-resolver-transport-wagon-1.9.20.jar
2025-06-05 22:20:57,033 [Worker-3: Launching Executing clean in F__ARCHIVOS_INSTITUTO CIBERTEC CLASES_LENGUAJE DE PROGRAMACI脫N II_CLASES LPII_SESI脫N 04 LPII_LPII_Sesi贸n_04 - Sol_jpa_sesion02_jpa_sesion02] INFO  o.eclipse.m2e.core.internal.Bundles - 	Entry: C:\SpringToolSuite4\plugins\org.eclipse.m2e.maven.runtime_3.9.700.20240602-2313\jars\maven-resolver-util-1.9.20.jar
2025-06-05 22:20:57,033 [Worker-3: Launching Executing clean in F__ARCHIVOS_INSTITUTO CIBERTEC CLASES_LENGUAJE DE PROGRAMACI脫N II_CLASES LPII_SESI脫N 04 LPII_LPII_Sesi贸n_04 - Sol_jpa_sesion02_jpa_sesion02] INFO  o.eclipse.m2e.core.internal.Bundles - 	Entry: C:\SpringToolSuite4\plugins\org.eclipse.m2e.maven.runtime_3.9.700.20240602-2313\jars\maven-settings-3.9.7.jar
2025-06-05 22:20:57,033 [Worker-3: Launching Executing clean in F__ARCHIVOS_INSTITUTO CIBERTEC CLASES_LENGUAJE DE PROGRAMACI脫N II_CLASES LPII_SESI脫N 04 LPII_LPII_Sesi贸n_04 - Sol_jpa_sesion02_jpa_sesion02] INFO  o.eclipse.m2e.core.internal.Bundles - 	Entry: C:\SpringToolSuite4\plugins\org.eclipse.m2e.maven.runtime_3.9.700.20240602-2313\jars\maven-settings-builder-3.9.7.jar
2025-06-05 22:20:57,033 [Worker-3: Launching Executing clean in F__ARCHIVOS_INSTITUTO CIBERTEC CLASES_LENGUAJE DE PROGRAMACI脫N II_CLASES LPII_SESI脫N 04 LPII_LPII_Sesi贸n_04 - Sol_jpa_sesion02_jpa_sesion02] INFO  o.eclipse.m2e.core.internal.Bundles - 	Entry: C:\SpringToolSuite4\plugins\org.eclipse.m2e.maven.runtime_3.9.700.20240602-2313\jars\maven-shared-utils-3.4.2.jar
2025-06-05 22:20:57,033 [Worker-3: Launching Executing clean in F__ARCHIVOS_INSTITUTO CIBERTEC CLASES_LENGUAJE DE PROGRAMACI脫N II_CLASES LPII_SESI脫N 04 LPII_LPII_Sesi贸n_04 - Sol_jpa_sesion02_jpa_sesion02] INFO  o.eclipse.m2e.core.internal.Bundles - 	Entry: C:\SpringToolSuite4\plugins\org.eclipse.m2e.maven.runtime_3.9.700.20240602-2313\jars\org.eclipse.sisu.inject-0.9.0.M2.jar
2025-06-05 22:20:57,034 [Worker-3: Launching Executing clean in F__ARCHIVOS_INSTITUTO CIBERTEC CLASES_LENGUAJE DE PROGRAMACI脫N II_CLASES LPII_SESI脫N 04 LPII_LPII_Sesi贸n_04 - Sol_jpa_sesion02_jpa_sesion02] INFO  o.eclipse.m2e.core.internal.Bundles - 	Entry: C:\SpringToolSuite4\plugins\org.eclipse.m2e.maven.runtime_3.9.700.20240602-2313\jars\org.eclipse.sisu.plexus-0.9.0.M2.jar
2025-06-05 22:20:57,034 [Worker-3: Launching Executing clean in F__ARCHIVOS_INSTITUTO CIBERTEC CLASES_LENGUAJE DE PROGRAMACI脫N II_CLASES LPII_SESI脫N 04 LPII_LPII_Sesi贸n_04 - Sol_jpa_sesion02_jpa_sesion02] INFO  o.eclipse.m2e.core.internal.Bundles - 	Entry: C:\SpringToolSuite4\plugins\org.eclipse.m2e.maven.runtime_3.9.700.20240602-2313\jars\plexus-build-api-0.0.7.jar
2025-06-05 22:20:57,034 [Worker-3: Launching Executing clean in F__ARCHIVOS_INSTITUTO CIBERTEC CLASES_LENGUAJE DE PROGRAMACI脫N II_CLASES LPII_SESI脫N 04 LPII_LPII_Sesi贸n_04 - Sol_jpa_sesion02_jpa_sesion02] INFO  o.eclipse.m2e.core.internal.Bundles - 	Entry: C:\SpringToolSuite4\plugins\org.eclipse.m2e.maven.runtime_3.9.700.20240602-2313\jars\plexus-build-api-1.2.0.jar
2025-06-05 22:20:57,034 [Worker-3: Launching Executing clean in F__ARCHIVOS_INSTITUTO CIBERTEC CLASES_LENGUAJE DE PROGRAMACI脫N II_CLASES LPII_SESI脫N 04 LPII_LPII_Sesi贸n_04 - Sol_jpa_sesion02_jpa_sesion02] INFO  o.eclipse.m2e.core.internal.Bundles - 	Entry: C:\SpringToolSuite4\plugins\org.eclipse.m2e.maven.runtime_3.9.700.20240602-2313\jars\plexus-cipher-2.0.jar
2025-06-05 22:20:57,034 [Worker-3: Launching Executing clean in F__ARCHIVOS_INSTITUTO CIBERTEC CLASES_LENGUAJE DE PROGRAMACI脫N II_CLASES LPII_SESI脫N 04 LPII_LPII_Sesi贸n_04 - Sol_jpa_sesion02_jpa_sesion02] INFO  o.eclipse.m2e.core.internal.Bundles - 	Entry: C:\SpringToolSuite4\plugins\org.eclipse.m2e.maven.runtime_3.9.700.20240602-2313\jars\plexus-classworlds-2.8.0.jar
2025-06-05 22:20:57,034 [Worker-3: Launching Executing clean in F__ARCHIVOS_INSTITUTO CIBERTEC CLASES_LENGUAJE DE PROGRAMACI脫N II_CLASES LPII_SESI脫N 04 LPII_LPII_Sesi贸n_04 - Sol_jpa_sesion02_jpa_sesion02] INFO  o.eclipse.m2e.core.internal.Bundles - 	Entry: C:\SpringToolSuite4\plugins\org.eclipse.m2e.maven.runtime_3.9.700.20240602-2313\jars\plexus-component-annotations-2.1.0.jar
2025-06-05 22:20:57,034 [Worker-3: Launching Executing clean in F__ARCHIVOS_INSTITUTO CIBERTEC CLASES_LENGUAJE DE PROGRAMACI脫N II_CLASES LPII_SESI脫N 04 LPII_LPII_Sesi贸n_04 - Sol_jpa_sesion02_jpa_sesion02] INFO  o.eclipse.m2e.core.internal.Bundles - 	Entry: C:\SpringToolSuite4\plugins\org.eclipse.m2e.maven.runtime_3.9.700.20240602-2313\jars\plexus-interpolation-1.27.jar
2025-06-05 22:20:57,034 [Worker-3: Launching Executing clean in F__ARCHIVOS_INSTITUTO CIBERTEC CLASES_LENGUAJE DE PROGRAMACI脫N II_CLASES LPII_SESI脫N 04 LPII_LPII_Sesi贸n_04 - Sol_jpa_sesion02_jpa_sesion02] INFO  o.eclipse.m2e.core.internal.Bundles - 	Entry: C:\SpringToolSuite4\plugins\org.eclipse.m2e.maven.runtime_3.9.700.20240602-2313\jars\plexus-sec-dispatcher-2.0.jar
2025-06-05 22:20:57,034 [Worker-3: Launching Executing clean in F__ARCHIVOS_INSTITUTO CIBERTEC CLASES_LENGUAJE DE PROGRAMACI脫N II_CLASES LPII_SESI脫N 04 LPII_LPII_Sesi贸n_04 - Sol_jpa_sesion02_jpa_sesion02] INFO  o.eclipse.m2e.core.internal.Bundles - 	Entry: C:\SpringToolSuite4\plugins\org.eclipse.m2e.maven.runtime_3.9.700.20240602-2313\jars\plexus-utils-3.5.1.jar
2025-06-05 22:20:57,034 [Worker-3: Launching Executing clean in F__ARCHIVOS_INSTITUTO CIBERTEC CLASES_LENGUAJE DE PROGRAMACI脫N II_CLASES LPII_SESI脫N 04 LPII_LPII_Sesi贸n_04 - Sol_jpa_sesion02_jpa_sesion02] INFO  o.eclipse.m2e.core.internal.Bundles - 	Entry: C:\SpringToolSuite4\plugins\org.eclipse.m2e.maven.runtime_3.9.700.20240602-2313\jars\wagon-file-3.5.3.jar
2025-06-05 22:20:57,034 [Worker-3: Launching Executing clean in F__ARCHIVOS_INSTITUTO CIBERTEC CLASES_LENGUAJE DE PROGRAMACI脫N II_CLASES LPII_SESI脫N 04 LPII_LPII_Sesi贸n_04 - Sol_jpa_sesion02_jpa_sesion02] INFO  o.eclipse.m2e.core.internal.Bundles - 	Entry: C:\SpringToolSuite4\plugins\org.eclipse.m2e.maven.runtime_3.9.700.20240602-2313\jars\wagon-http-3.5.3.jar
2025-06-05 22:20:57,034 [Worker-3: Launching Executing clean in F__ARCHIVOS_INSTITUTO CIBERTEC CLASES_LENGUAJE DE PROGRAMACI脫N II_CLASES LPII_SESI脫N 04 LPII_LPII_Sesi贸n_04 - Sol_jpa_sesion02_jpa_sesion02] INFO  o.eclipse.m2e.core.internal.Bundles - 	Entry: C:\SpringToolSuite4\plugins\org.eclipse.m2e.maven.runtime_3.9.700.20240602-2313\jars\wagon-http-shared-3.5.3.jar
2025-06-05 22:20:57,035 [Worker-3: Launching Executing clean in F__ARCHIVOS_INSTITUTO CIBERTEC CLASES_LENGUAJE DE PROGRAMACI脫N II_CLASES LPII_SESI脫N 04 LPII_LPII_Sesi贸n_04 - Sol_jpa_sesion02_jpa_sesion02] INFO  o.eclipse.m2e.core.internal.Bundles - 	Entry: C:\SpringToolSuite4\plugins\org.eclipse.m2e.maven.runtime_3.9.700.20240602-2313\jars\wagon-provider-api-3.5.3.jar
2025-06-05 22:20:57,036 [Worker-3: Launching Executing clean in F__ARCHIVOS_INSTITUTO CIBERTEC CLASES_LENGUAJE DE PROGRAMACI脫N II_CLASES LPII_SESI脫N 04 LPII_LPII_Sesi贸n_04 - Sol_jpa_sesion02_jpa_sesion02] INFO  o.eclipse.m2e.core.internal.Bundles - getClasspathEntries(Bundle=com.google.guava_33.2.0.jre [29])
2025-06-05 22:20:57,037 [Worker-3: Launching Executing clean in F__ARCHIVOS_INSTITUTO CIBERTEC CLASES_LENGUAJE DE PROGRAMACI脫N II_CLASES LPII_SESI脫N 04 LPII_LPII_Sesi贸n_04 - Sol_jpa_sesion02_jpa_sesion02] INFO  o.eclipse.m2e.core.internal.Bundles - 	Entry: C:\SpringToolSuite4\plugins\com.google.guava_33.2.0.jre.jar
2025-06-05 22:20:57,037 [Worker-3: Launching Executing clean in F__ARCHIVOS_INSTITUTO CIBERTEC CLASES_LENGUAJE DE PROGRAMACI脫N II_CLASES LPII_SESI脫N 04 LPII_LPII_Sesi贸n_04 - Sol_jpa_sesion02_jpa_sesion02] INFO  o.eclipse.m2e.core.internal.Bundles - getClasspathEntries(Bundle=slf4j.api_2.0.13 [590])
2025-06-05 22:20:57,037 [Worker-3: Launching Executing clean in F__ARCHIVOS_INSTITUTO CIBERTEC CLASES_LENGUAJE DE PROGRAMACI脫N II_CLASES LPII_SESI脫N 04 LPII_LPII_Sesi贸n_04 - Sol_jpa_sesion02_jpa_sesion02] INFO  o.eclipse.m2e.core.internal.Bundles - 	Entry: C:\SpringToolSuite4\plugins\slf4j.api_2.0.13.jar
2025-06-05 22:20:57,037 [Worker-3: Launching Executing clean in F__ARCHIVOS_INSTITUTO CIBERTEC CLASES_LENGUAJE DE PROGRAMACI脫N II_CLASES LPII_SESI脫N 04 LPII_LPII_Sesi贸n_04 - Sol_jpa_sesion02_jpa_sesion02] INFO  o.eclipse.m2e.core.internal.Bundles - getClasspathEntries(Bundle=jakarta.inject.jakarta.inject-api_1.0.5 [44])
2025-06-05 22:20:57,037 [Worker-3: Launching Executing clean in F__ARCHIVOS_INSTITUTO CIBERTEC CLASES_LENGUAJE DE PROGRAMACI脫N II_CLASES LPII_SESI脫N 04 LPII_LPII_Sesi贸n_04 - Sol_jpa_sesion02_jpa_sesion02] INFO  o.eclipse.m2e.core.internal.Bundles - 	Entry: C:\SpringToolSuite4\plugins\jakarta.inject.jakarta.inject-api_1.0.5.jar
2025-06-05 22:20:57,037 [Worker-3: Launching Executing clean in F__ARCHIVOS_INSTITUTO CIBERTEC CLASES_LENGUAJE DE PROGRAMACI脫N II_CLASES LPII_SESI脫N 04 LPII_LPII_Sesi贸n_04 - Sol_jpa_sesion02_jpa_sesion02] INFO  o.eclipse.m2e.core.internal.Bundles - getClasspathEntries(Bundle=javax.annotation_1.3.5.v20200909-1856 [53])
2025-06-05 22:20:57,038 [Worker-3: Launching Executing clean in F__ARCHIVOS_INSTITUTO CIBERTEC CLASES_LENGUAJE DE PROGRAMACI脫N II_CLASES LPII_SESI脫N 04 LPII_LPII_Sesi贸n_04 - Sol_jpa_sesion02_jpa_sesion02] INFO  o.eclipse.m2e.core.internal.Bundles - 	Entry: C:\SpringToolSuite4\plugins\javax.annotation_1.3.5.v20200909-1856.jar
2025-06-05 22:20:57,038 [Worker-3: Launching Executing clean in F__ARCHIVOS_INSTITUTO CIBERTEC CLASES_LENGUAJE DE PROGRAMACI脫N II_CLASES LPII_SESI脫N 04 LPII_LPII_Sesi贸n_04 - Sol_jpa_sesion02_jpa_sesion02] INFO  o.eclipse.m2e.core.internal.Bundles - getClasspathEntries(Bundle=org.apache.commons.cli_1.8.0 [76])
2025-06-05 22:20:57,038 [Worker-3: Launching Executing clean in F__ARCHIVOS_INSTITUTO CIBERTEC CLASES_LENGUAJE DE PROGRAMACI脫N II_CLASES LPII_SESI脫N 04 LPII_LPII_Sesi贸n_04 - Sol_jpa_sesion02_jpa_sesion02] INFO  o.eclipse.m2e.core.internal.Bundles - 	Entry: C:\SpringToolSuite4\plugins\org.apache.commons.cli_1.8.0.jar
2025-06-05 22:20:57,038 [Worker-3: Launching Executing clean in F__ARCHIVOS_INSTITUTO CIBERTEC CLASES_LENGUAJE DE PROGRAMACI脫N II_CLASES LPII_SESI脫N 04 LPII_LPII_Sesi贸n_04 - Sol_jpa_sesion02_jpa_sesion02] INFO  o.eclipse.m2e.core.internal.Bundles - getClasspathEntries(Bundle=org.apache.commons.commons-codec_1.16.0 [78])
2025-06-05 22:20:57,038 [Worker-3: Launching Executing clean in F__ARCHIVOS_INSTITUTO CIBERTEC CLASES_LENGUAJE DE PROGRAMACI脫N II_CLASES LPII_SESI脫N 04 LPII_LPII_Sesi贸n_04 - Sol_jpa_sesion02_jpa_sesion02] INFO  o.eclipse.m2e.core.internal.Bundles - 	Entry: C:\SpringToolSuite4\plugins\org.apache.commons.commons-codec_1.16.0.jar
2025-06-05 22:20:57,039 [Worker-3: Launching Executing clean in F__ARCHIVOS_INSTITUTO CIBERTEC CLASES_LENGUAJE DE PROGRAMACI脫N II_CLASES LPII_SESI脫N 04 LPII_LPII_Sesi贸n_04 - Sol_jpa_sesion02_jpa_sesion02] INFO  o.eclipse.m2e.core.internal.Bundles - getClasspathEntries(Bundle=org.apache.commons.lang3_3.14.0 [82])
2025-06-05 22:20:57,039 [Worker-3: Launching Executing clean in F__ARCHIVOS_INSTITUTO CIBERTEC CLASES_LENGUAJE DE PROGRAMACI脫N II_CLASES LPII_SESI脫N 04 LPII_LPII_Sesi贸n_04 - Sol_jpa_sesion02_jpa_sesion02] INFO  o.eclipse.m2e.core.internal.Bundles - 	Entry: C:\SpringToolSuite4\plugins\org.apache.commons.lang3_3.14.0.jar
2025-06-05 22:20:57,039 [Worker-3: Launching Executing clean in F__ARCHIVOS_INSTITUTO CIBERTEC CLASES_LENGUAJE DE PROGRAMACI脫N II_CLASES LPII_SESI脫N 04 LPII_LPII_Sesi贸n_04 - Sol_jpa_sesion02_jpa_sesion02] INFO  o.eclipse.m2e.core.internal.Bundles - getClasspathEntries(Bundle=com.google.guava.failureaccess_1.0.2 [30])
2025-06-05 22:20:57,040 [Worker-3: Launching Executing clean in F__ARCHIVOS_INSTITUTO CIBERTEC CLASES_LENGUAJE DE PROGRAMACI脫N II_CLASES LPII_SESI脫N 04 LPII_LPII_Sesi贸n_04 - Sol_jpa_sesion02_jpa_sesion02] INFO  o.eclipse.m2e.core.internal.Bundles - 	Entry: C:\SpringToolSuite4\plugins\com.google.guava.failureaccess_1.0.2.jar
2025-06-05 22:20:57,044 [Worker-3: Launching Executing clean in F__ARCHIVOS_INSTITUTO CIBERTEC CLASES_LENGUAJE DE PROGRAMACI脫N II_CLASES LPII_SESI脫N 04 LPII_LPII_Sesi贸n_04 - Sol_jpa_sesion02_jpa_sesion02] INFO  o.e.m.i.launch.MavenLaunchDelegate - Run build in "F:\ARCHIVOS\INSTITUTO CIBERTEC CLASES\LENGUAJE DE PROGRAMACI脫N II\CLASES LPII\SESI脫N 04 LPII\LPII_Sesi贸n_04 - Sol\jpa_sesion02\jpa_sesion02":
2025-06-05 22:20:57,045 [Worker-3: Launching Executing clean in F__ARCHIVOS_INSTITUTO CIBERTEC CLASES_LENGUAJE DE PROGRAMACI脫N II_CLASES LPII_SESI脫N 04 LPII_LPII_Sesi贸n_04 - Sol_jpa_sesion02_jpa_sesion02] INFO  o.e.m.i.launch.MavenLaunchDelegate -  mvn  -B -Dstyle.color=always clean
2025-06-05 22:21:08,644 [Worker-5: Updating Maven Project] INFO  o.e.m.c.i.p.ProjectConfigurationManager - Update started
2025-06-05 22:21:10,314 [Worker-5: Updating Maven Project] INFO  o.e.m.c.i.l.LifecycleMappingFactory - Using org.eclipse.m2e.jdt.JarLifecycleMapping lifecycle mapping for MavenProject: org.cibertec:LPII_Sesion04_MV_GIT:0.0.1-SNAPSHOT @ F:\ARCHIVOS\INSTITUTO CIBERTEC CLASES\LENGUAJE DE PROGRAMACI脫N II\CLASES LPII\SESI脫N 04 LPII\LPII_Sesi贸n_04 - Sol\jpa_sesion02\jpa_sesion02\pom.xml.
2025-06-05 22:21:11,103 [Worker-5: Updating Maven Project] INFO  o.e.m.j.i.AbstractJavaProjectConfigurator - Adding source folder /LPII_Sesion04_MV_GIT/src/main/java
2025-06-05 22:21:11,107 [Worker-5: Updating Maven Project] INFO  o.e.m.j.i.AbstractJavaProjectConfigurator - Adding resource folder /LPII_Sesion04_MV_GIT/src/main/resources
2025-06-05 22:21:11,107 [Worker-5: Updating Maven Project] INFO  o.e.m.j.i.AbstractJavaProjectConfigurator - Adding source folder /LPII_Sesion04_MV_GIT/src/test/java
2025-06-05 22:21:11,109 [Worker-5: Updating Maven Project] INFO  o.e.m.j.i.AbstractJavaProjectConfigurator - Adding resource folder /LPII_Sesion04_MV_GIT/src/test/resources
2025-06-05 22:21:11,465 [Worker-5: Updating Maven Project] INFO  o.e.m.c.i.p.ProjectConfigurationManager - Update completed for 1 poms: local refresh takes 0.00 sec, refresh facades takes 2.00 sec, update config takes 0.00 sec 
2025-06-05 22:21:12,166 [Worker-2: Building] INFO  o.a.m.s.f.DefaultMavenResourcesFiltering - Copying 1 resource from src\main\resources to target\classes
2025-06-05 22:21:12,368 [Worker-2: Building] INFO  o.a.m.s.f.DefaultMavenResourcesFiltering - skip non existing resourceDirectory F:\ARCHIVOS\INSTITUTO CIBERTEC CLASES\LENGUAJE DE PROGRAMACI脫N II\CLASES LPII\SESI脫N 04 LPII\LPII_Sesi贸n_04 - Sol\jpa_sesion02\jpa_sesion02\src\test\resources
2025-06-05 22:26:04,206 [Worker-4: Launching FrmManteProd (1)] INFO  o.a.m.s.f.DefaultMavenResourcesFiltering - Copying 1 resource from src\main\resources to target\classes
2025-06-05 22:26:04,208 [Worker-4: Launching FrmManteProd (1)] INFO  o.a.m.s.f.DefaultMavenResourcesFiltering - skip non existing resourceDirectory F:\ARCHIVOS\INSTITUTO CIBERTEC CLASES\LENGUAJE DE PROGRAMACI脫N II\CLASES LPII\SESI脫N 04 LPII\LPII_Sesi贸n_04 - Sol\jpa_sesion02\jpa_sesion02\src\test\resources
2025-06-05 22:39:49,586 [Worker-0: Loading available Gradle versions] INFO  o.e.b.c.i.u.g.PublishedGradleVersions - Gradle version information cache is up-to-date. Trying to read.
2025-06-05 22:39:53,095 [Worker-5: Building] INFO  o.a.m.s.f.DefaultMavenResourcesFiltering - Copying 1 resource from src\main\resources to target\classes
2025-06-05 22:39:53,112 [Worker-5: Building] INFO  o.a.m.s.f.DefaultMavenResourcesFiltering - skip non existing resourceDirectory F:\ARCHIVOS\INSTITUTO CIBERTEC CLASES\LENGUAJE DE PROGRAMACI脫N II\CLASES LPII\SESI脫N 04 LPII\LPII_Sesi贸n_04 - Sol\jpa_sesion02\jpa_sesion02\src\test\resources
2025-06-05 22:49:56,332 [Worker-0: Loading available Gradle versions] INFO  o.e.b.c.i.u.g.PublishedGradleVersions - Gradle version information cache is up-to-date. Trying to read.
2025-06-05 22:50:00,244 [Worker-2: Building] INFO  o.a.m.s.f.DefaultMavenResourcesFiltering - Copying 1 resource from src\main\resources to target\classes
2025-06-05 22:50:00,259 [Worker-2: Building] INFO  o.a.m.s.f.DefaultMavenResourcesFiltering - skip non existing resourceDirectory F:\ARCHIVOS\INSTITUTO CIBERTEC CLASES\LENGUAJE DE PROGRAMACI脫N II\CLASES LPII\SESI脫N 04 LPII\LPII_Sesi贸n_04 - Sol\jpa_sesion02\jpa_sesion02\src\test\resources
2025-06-05 22:51:20,394 [Worker-1: Building] INFO  o.a.m.s.f.DefaultMavenResourcesFiltering - Copying 1 resource from src\main\resources to target\classes
2025-06-05 22:51:20,397 [Worker-1: Building] INFO  o.a.m.s.f.DefaultMavenResourcesFiltering - skip non existing resourceDirectory F:\ARCHIVOS\INSTITUTO CIBERTEC CLASES\LENGUAJE DE PROGRAMACI脫N II\CLASES LPII\SESI脫N 04 LPII\LPII_Sesi贸n_04 - Sol\jpa_sesion02\jpa_sesion02\src\test\resources
2025-06-05 22:51:55,493 [Worker-3: Building] INFO  o.a.m.s.f.DefaultMavenResourcesFiltering - Copying 1 resource from src\main\resources to target\classes
2025-06-05 22:51:55,496 [Worker-3: Building] INFO  o.a.m.s.f.DefaultMavenResourcesFiltering - skip non existing resourceDirectory F:\ARCHIVOS\INSTITUTO CIBERTEC CLASES\LENGUAJE DE PROGRAMACI脫N II\CLASES LPII\SESI脫N 04 LPII\LPII_Sesi贸n_04 - Sol\jpa_sesion02\jpa_sesion02\src\test\resources
2025-06-05 22:52:57,444 [Worker-1: Building] INFO  o.a.m.s.f.DefaultMavenResourcesFiltering - Copying 1 resource from src\main\resources to target\classes
2025-06-05 22:52:57,447 [Worker-1: Building] INFO  o.a.m.s.f.DefaultMavenResourcesFiltering - skip non existing resourceDirectory F:\ARCHIVOS\INSTITUTO CIBERTEC CLASES\LENGUAJE DE PROGRAMACI脫N II\CLASES LPII\SESI脫N 04 LPII\LPII_Sesi贸n_04 - Sol\jpa_sesion02\jpa_sesion02\src\test\resources
2025-06-06 10:24:40,110 [Worker-6: Loading available Gradle versions] INFO  o.e.b.c.i.u.g.PublishedGradleVersions - Gradle version information cache is out-of-date. Trying to update.
2025-06-06 10:24:42,822 [Worker-1: Building] INFO  o.e.m.c.i.e.AbstractTransferListenerAdapter - Downloading https://repo.maven.apache.org/maven2/mysql/mysql-connector-java/8.0.28/mysql-connector-java-8.0.28.pom
2025-06-06 10:24:42,871 [Worker-1: Building] INFO  o.e.m.c.i.e.AbstractTransferListenerAdapter - Downloaded https://repo.maven.apache.org/maven2/mysql/mysql-connector-java/8.0.28/mysql-connector-java-8.0.28.pom
2025-06-06 10:24:42,995 [Worker-1: Building] INFO  o.e.m.c.i.e.AbstractTransferListenerAdapter - Downloading https://repo.maven.apache.org/maven2/javax/persistence/javax.persistence-api/2.2/javax.persistence-api-2.2.pom
2025-06-06 10:24:43,031 [Worker-1: Building] INFO  o.e.m.c.i.e.AbstractTransferListenerAdapter - Downloaded https://repo.maven.apache.org/maven2/javax/persistence/javax.persistence-api/2.2/javax.persistence-api-2.2.pom
2025-06-06 10:24:43,059 [Worker-1: Building] INFO  o.e.m.c.i.e.AbstractTransferListenerAdapter - Downloading https://repo.maven.apache.org/maven2/net/java/jvnet-parent/5/jvnet-parent-5.pom
2025-06-06 10:24:43,104 [Worker-1: Building] INFO  o.e.m.c.i.e.AbstractTransferListenerAdapter - Downloaded https://repo.maven.apache.org/maven2/net/java/jvnet-parent/5/jvnet-parent-5.pom
2025-06-06 10:24:43,132 [Worker-1: Building] INFO  o.e.m.c.i.e.AbstractTransferListenerAdapter - Downloading https://repo.maven.apache.org/maven2/org/hibernate/hibernate-core/5.4.4.Final/hibernate-core-5.4.4.Final.pom
2025-06-06 10:24:43,161 [Worker-1: Building] INFO  o.e.m.c.i.e.AbstractTransferListenerAdapter - Downloaded https://repo.maven.apache.org/maven2/org/hibernate/hibernate-core/5.4.4.Final/hibernate-core-5.4.4.Final.pom
2025-06-06 10:24:43,176 [Worker-1: Building] INFO  o.e.m.c.i.e.AbstractTransferListenerAdapter - Downloading https://repo.maven.apache.org/maven2/org/jboss/logging/jboss-logging/3.3.2.Final/jboss-logging-3.3.2.Final.pom
2025-06-06 10:24:43,206 [Worker-1: Building] INFO  o.e.m.c.i.e.AbstractTransferListenerAdapter - Downloaded https://repo.maven.apache.org/maven2/org/jboss/logging/jboss-logging/3.3.2.Final/jboss-logging-3.3.2.Final.pom
2025-06-06 10:24:43,219 [Worker-1: Building] INFO  o.e.m.c.i.e.AbstractTransferListenerAdapter - Downloading https://repo.maven.apache.org/maven2/org/jboss/jboss-parent/15/jboss-parent-15.pom
2025-06-06 10:24:43,259 [Worker-1: Building] INFO  o.e.m.c.i.e.AbstractTransferListenerAdapter - Downloaded https://repo.maven.apache.org/maven2/org/jboss/jboss-parent/15/jboss-parent-15.pom
2025-06-06 10:24:43,290 [Worker-1: Building] INFO  o.e.m.c.i.e.AbstractTransferListenerAdapter - Downloading https://repo.maven.apache.org/maven2/org/javassist/javassist/3.24.0-GA/javassist-3.24.0-GA.pom
2025-06-06 10:24:43,330 [Worker-1: Building] INFO  o.e.m.c.i.e.AbstractTransferListenerAdapter - Downloaded https://repo.maven.apache.org/maven2/org/javassist/javassist/3.24.0-GA/javassist-3.24.0-GA.pom
2025-06-06 10:24:43,360 [Worker-1: Building] INFO  o.e.m.c.i.e.AbstractTransferListenerAdapter - Downloading https://repo.maven.apache.org/maven2/net/bytebuddy/byte-buddy/1.9.11/byte-buddy-1.9.11.pom
2025-06-06 10:24:43,393 [Worker-1: Building] INFO  o.e.m.c.i.e.AbstractTransferListenerAdapter - Downloaded https://repo.maven.apache.org/maven2/net/bytebuddy/byte-buddy/1.9.11/byte-buddy-1.9.11.pom
2025-06-06 10:24:43,418 [Worker-1: Building] INFO  o.e.m.c.i.e.AbstractTransferListenerAdapter - Downloading https://repo.maven.apache.org/maven2/net/bytebuddy/byte-buddy-parent/1.9.11/byte-buddy-parent-1.9.11.pom
2025-06-06 10:24:43,457 [Worker-1: Building] INFO  o.e.m.c.i.e.AbstractTransferListenerAdapter - Downloaded https://repo.maven.apache.org/maven2/net/bytebuddy/byte-buddy-parent/1.9.11/byte-buddy-parent-1.9.11.pom
2025-06-06 10:24:43,501 [Worker-1: Building] INFO  o.e.m.c.i.e.AbstractTransferListenerAdapter - Downloading https://repo.maven.apache.org/maven2/antlr/antlr/2.7.7/antlr-2.7.7.pom
2025-06-06 10:24:43,531 [Worker-1: Building] INFO  o.e.m.c.i.e.AbstractTransferListenerAdapter - Downloaded https://repo.maven.apache.org/maven2/antlr/antlr/2.7.7/antlr-2.7.7.pom
2025-06-06 10:24:43,545 [Worker-1: Building] INFO  o.e.m.c.i.e.AbstractTransferListenerAdapter - Downloading https://repo.maven.apache.org/maven2/org/jboss/spec/javax/transaction/jboss-transaction-api_1.2_spec/1.1.1.Final/jboss-transaction-api_1.2_spec-1.1.1.Final.pom
2025-06-06 10:24:43,581 [Worker-1: Building] INFO  o.e.m.c.i.e.AbstractTransferListenerAdapter - Downloaded https://repo.maven.apache.org/maven2/org/jboss/spec/javax/transaction/jboss-transaction-api_1.2_spec/1.1.1.Final/jboss-transaction-api_1.2_spec-1.1.1.Final.pom
2025-06-06 10:24:43,594 [Worker-1: Building] INFO  o.e.m.c.i.e.AbstractTransferListenerAdapter - Downloading https://repo.maven.apache.org/maven2/org/jboss/jboss-parent/25/jboss-parent-25.pom
2025-06-06 10:24:43,639 [Worker-1: Building] INFO  o.e.m.c.i.e.AbstractTransferListenerAdapter - Downloaded https://repo.maven.apache.org/maven2/org/jboss/jboss-parent/25/jboss-parent-25.pom
2025-06-06 10:24:43,670 [Worker-1: Building] INFO  o.e.m.c.i.e.AbstractTransferListenerAdapter - Downloading https://repo.maven.apache.org/maven2/org/jboss/jandex/2.0.5.Final/jandex-2.0.5.Final.pom
2025-06-06 10:24:43,705 [Worker-1: Building] INFO  o.e.m.c.i.e.AbstractTransferListenerAdapter - Downloaded https://repo.maven.apache.org/maven2/org/jboss/jandex/2.0.5.Final/jandex-2.0.5.Final.pom
2025-06-06 10:24:43,717 [Worker-1: Building] INFO  o.e.m.c.i.e.AbstractTransferListenerAdapter - Downloading https://repo.maven.apache.org/maven2/org/jboss/jboss-parent/12/jboss-parent-12.pom
2025-06-06 10:24:43,757 [Worker-1: Building] INFO  o.e.m.c.i.e.AbstractTransferListenerAdapter - Downloaded https://repo.maven.apache.org/maven2/org/jboss/jboss-parent/12/jboss-parent-12.pom
2025-06-06 10:24:43,787 [Worker-1: Building] INFO  o.e.m.c.i.e.AbstractTransferListenerAdapter - Downloading https://repo.maven.apache.org/maven2/com/fasterxml/classmate/1.3.4/classmate-1.3.4.pom
2025-06-06 10:24:43,812 [Worker-1: Building] INFO  o.e.m.c.i.e.AbstractTransferListenerAdapter - Downloaded https://repo.maven.apache.org/maven2/com/fasterxml/classmate/1.3.4/classmate-1.3.4.pom
2025-06-06 10:24:43,825 [Worker-1: Building] INFO  o.e.m.c.i.e.AbstractTransferListenerAdapter - Downloading https://repo.maven.apache.org/maven2/com/fasterxml/oss-parent/24/oss-parent-24.pom
2025-06-06 10:24:43,867 [Worker-1: Building] INFO  o.e.m.c.i.e.AbstractTransferListenerAdapter - Downloaded https://repo.maven.apache.org/maven2/com/fasterxml/oss-parent/24/oss-parent-24.pom
2025-06-06 10:24:43,901 [Worker-1: Building] INFO  o.e.m.c.i.e.AbstractTransferListenerAdapter - Downloading https://repo.maven.apache.org/maven2/javax/activation/javax.activation-api/1.2.0/javax.activation-api-1.2.0.pom
2025-06-06 10:24:43,935 [Worker-1: Building] INFO  o.e.m.c.i.e.AbstractTransferListenerAdapter - Downloaded https://repo.maven.apache.org/maven2/javax/activation/javax.activation-api/1.2.0/javax.activation-api-1.2.0.pom
2025-06-06 10:24:43,954 [Worker-1: Building] INFO  o.e.m.c.i.e.AbstractTransferListenerAdapter - Downloading https://repo.maven.apache.org/maven2/com/sun/activation/all/1.2.0/all-1.2.0.pom
2025-06-06 10:24:43,989 [Worker-1: Building] INFO  o.e.m.c.i.e.AbstractTransferListenerAdapter - Downloaded https://repo.maven.apache.org/maven2/com/sun/activation/all/1.2.0/all-1.2.0.pom
2025-06-06 10:24:44,015 [Worker-1: Building] INFO  o.e.m.c.i.e.AbstractTransferListenerAdapter - Downloading https://repo.maven.apache.org/maven2/net/java/jvnet-parent/1/jvnet-parent-1.pom
2025-06-06 10:24:44,051 [Worker-1: Building] INFO  o.e.m.c.i.e.AbstractTransferListenerAdapter - Downloaded https://repo.maven.apache.org/maven2/net/java/jvnet-parent/1/jvnet-parent-1.pom
2025-06-06 10:24:44,063 [Worker-1: Building] INFO  o.e.m.c.i.e.AbstractTransferListenerAdapter - Downloading https://repo.maven.apache.org/maven2/org/dom4j/dom4j/2.1.1/dom4j-2.1.1.pom
2025-06-06 10:24:44,092 [Worker-1: Building] INFO  o.e.m.c.i.e.AbstractTransferListenerAdapter - Downloaded https://repo.maven.apache.org/maven2/org/dom4j/dom4j/2.1.1/dom4j-2.1.1.pom
2025-06-06 10:24:44,106 [Worker-1: Building] INFO  o.e.m.c.i.e.AbstractTransferListenerAdapter - Downloading https://repo.maven.apache.org/maven2/org/hibernate/common/hibernate-commons-annotations/5.1.0.Final/hibernate-commons-annotations-5.1.0.Final.pom
2025-06-06 10:24:44,136 [Worker-1: Building] INFO  o.e.m.c.i.e.AbstractTransferListenerAdapter - Downloaded https://repo.maven.apache.org/maven2/org/hibernate/common/hibernate-commons-annotations/5.1.0.Final/hibernate-commons-annotations-5.1.0.Final.pom
2025-06-06 10:24:44,149 [Worker-1: Building] INFO  o.e.m.c.i.e.AbstractTransferListenerAdapter - Downloading https://repo.maven.apache.org/maven2/javax/xml/bind/jaxb-api/2.3.1/jaxb-api-2.3.1.pom
2025-06-06 10:24:44,177 [Worker-1: Building] INFO  o.e.m.c.i.e.AbstractTransferListenerAdapter - Downloaded https://repo.maven.apache.org/maven2/javax/xml/bind/jaxb-api/2.3.1/jaxb-api-2.3.1.pom
2025-06-06 10:24:44,203 [Worker-1: Building] INFO  o.e.m.c.i.e.AbstractTransferListenerAdapter - Downloading https://repo.maven.apache.org/maven2/javax/xml/bind/jaxb-api-parent/2.3.1/jaxb-api-parent-2.3.1.pom
2025-06-06 10:24:44,233 [Worker-1: Building] INFO  o.e.m.c.i.e.AbstractTransferListenerAdapter - Downloaded https://repo.maven.apache.org/maven2/javax/xml/bind/jaxb-api-parent/2.3.1/jaxb-api-parent-2.3.1.pom
2025-06-06 10:24:44,246 [Worker-1: Building] INFO  o.e.m.c.i.e.AbstractTransferListenerAdapter - Downloading https://repo.maven.apache.org/maven2/org/glassfish/jaxb/jaxb-runtime/2.3.1/jaxb-runtime-2.3.1.pom
2025-06-06 10:24:44,273 [Worker-1: Building] INFO  o.e.m.c.i.e.AbstractTransferListenerAdapter - Downloaded https://repo.maven.apache.org/maven2/org/glassfish/jaxb/jaxb-runtime/2.3.1/jaxb-runtime-2.3.1.pom
2025-06-06 10:24:44,306 [Worker-1: Building] INFO  o.e.m.c.i.e.AbstractTransferListenerAdapter - Downloading https://repo.maven.apache.org/maven2/com/sun/xml/bind/mvn/jaxb-runtime-parent/2.3.1/jaxb-runtime-parent-2.3.1.pom
2025-06-06 10:24:44,341 [Worker-1: Building] INFO  o.e.m.c.i.e.AbstractTransferListenerAdapter - Downloaded https://repo.maven.apache.org/maven2/com/sun/xml/bind/mvn/jaxb-runtime-parent/2.3.1/jaxb-runtime-parent-2.3.1.pom
2025-06-06 10:24:44,353 [Worker-1: Building] INFO  o.e.m.c.i.e.AbstractTransferListenerAdapter - Downloading https://repo.maven.apache.org/maven2/com/sun/xml/bind/mvn/jaxb-parent/2.3.1/jaxb-parent-2.3.1.pom
2025-06-06 10:24:44,392 [Worker-1: Building] INFO  o.e.m.c.i.e.AbstractTransferListenerAdapter - Downloaded https://repo.maven.apache.org/maven2/com/sun/xml/bind/mvn/jaxb-parent/2.3.1/jaxb-parent-2.3.1.pom
2025-06-06 10:24:44,421 [Worker-1: Building] INFO  o.e.m.c.i.e.AbstractTransferListenerAdapter - Downloading https://repo.maven.apache.org/maven2/com/sun/xml/bind/jaxb-bom-ext/2.3.1/jaxb-bom-ext-2.3.1.pom
2025-06-06 10:24:44,454 [Worker-1: Building] INFO  o.e.m.c.i.e.AbstractTransferListenerAdapter - Downloaded https://repo.maven.apache.org/maven2/com/sun/xml/bind/jaxb-bom-ext/2.3.1/jaxb-bom-ext-2.3.1.pom
2025-06-06 10:24:44,477 [Worker-1: Building] INFO  o.e.m.c.i.e.AbstractTransferListenerAdapter - Downloading https://repo.maven.apache.org/maven2/org/glassfish/jaxb/jaxb-bom/2.3.1/jaxb-bom-2.3.1.pom
2025-06-06 10:24:44,513 [Worker-1: Building] INFO  o.e.m.c.i.e.AbstractTransferListenerAdapter - Downloaded https://repo.maven.apache.org/maven2/org/glassfish/jaxb/jaxb-bom/2.3.1/jaxb-bom-2.3.1.pom
2025-06-06 10:24:44,543 [Worker-1: Building] INFO  o.e.m.c.i.e.AbstractTransferListenerAdapter - Downloading https://repo.maven.apache.org/maven2/org/glassfish/jaxb/txw2/2.3.1/txw2-2.3.1.pom
2025-06-06 10:24:44,574 [Worker-1: Building] INFO  o.e.m.c.i.e.AbstractTransferListenerAdapter - Downloaded https://repo.maven.apache.org/maven2/org/glassfish/jaxb/txw2/2.3.1/txw2-2.3.1.pom
2025-06-06 10:24:44,587 [Worker-1: Building] INFO  o.e.m.c.i.e.AbstractTransferListenerAdapter - Downloading https://repo.maven.apache.org/maven2/com/sun/xml/bind/mvn/jaxb-txw-parent/2.3.1/jaxb-txw-parent-2.3.1.pom
2025-06-06 10:24:44,617 [Worker-1: Building] INFO  o.e.m.c.i.e.AbstractTransferListenerAdapter - Downloaded https://repo.maven.apache.org/maven2/com/sun/xml/bind/mvn/jaxb-txw-parent/2.3.1/jaxb-txw-parent-2.3.1.pom
2025-06-06 10:24:44,631 [Worker-1: Building] INFO  o.e.m.c.i.e.AbstractTransferListenerAdapter - Downloading https://repo.maven.apache.org/maven2/com/sun/istack/istack-commons-runtime/3.0.7/istack-commons-runtime-3.0.7.pom
2025-06-06 10:24:44,661 [Worker-1: Building] INFO  o.e.m.c.i.e.AbstractTransferListenerAdapter - Downloaded https://repo.maven.apache.org/maven2/com/sun/istack/istack-commons-runtime/3.0.7/istack-commons-runtime-3.0.7.pom
2025-06-06 10:24:44,674 [Worker-1: Building] INFO  o.e.m.c.i.e.AbstractTransferListenerAdapter - Downloading https://repo.maven.apache.org/maven2/com/sun/istack/istack-commons/3.0.7/istack-commons-3.0.7.pom
2025-06-06 10:24:44,704 [Worker-1: Building] INFO  o.e.m.c.i.e.AbstractTransferListenerAdapter - Downloaded https://repo.maven.apache.org/maven2/com/sun/istack/istack-commons/3.0.7/istack-commons-3.0.7.pom
2025-06-06 10:24:44,731 [Worker-1: Building] INFO  o.e.m.c.i.e.AbstractTransferListenerAdapter - Downloading https://repo.maven.apache.org/maven2/org/jvnet/staxex/stax-ex/1.8/stax-ex-1.8.pom
2025-06-06 10:24:44,761 [Worker-1: Building] INFO  o.e.m.c.i.e.AbstractTransferListenerAdapter - Downloaded https://repo.maven.apache.org/maven2/org/jvnet/staxex/stax-ex/1.8/stax-ex-1.8.pom
2025-06-06 10:24:44,785 [Worker-1: Building] INFO  o.e.m.c.i.e.AbstractTransferListenerAdapter - Downloading https://repo.maven.apache.org/maven2/com/sun/xml/fastinfoset/FastInfoset/1.2.15/FastInfoset-1.2.15.pom
2025-06-06 10:24:44,812 [Worker-1: Building] INFO  o.e.m.c.i.e.AbstractTransferListenerAdapter - Downloaded https://repo.maven.apache.org/maven2/com/sun/xml/fastinfoset/FastInfoset/1.2.15/FastInfoset-1.2.15.pom
2025-06-06 10:24:44,826 [Worker-1: Building] INFO  o.e.m.c.i.e.AbstractTransferListenerAdapter - Downloading https://repo.maven.apache.org/maven2/com/sun/xml/fastinfoset/fastinfoset-project/1.2.15/fastinfoset-project-1.2.15.pom
2025-06-06 10:24:44,867 [Worker-1: Building] INFO  o.e.m.c.i.e.AbstractTransferListenerAdapter - Downloaded https://repo.maven.apache.org/maven2/com/sun/xml/fastinfoset/fastinfoset-project/1.2.15/fastinfoset-project-1.2.15.pom
2025-06-06 10:24:44,893 [Worker-1: Building] INFO  o.e.m.c.i.e.AbstractTransferListenerAdapter - Downloading https://repo.maven.apache.org/maven2/org/hibernate/hibernate-entitymanager/5.4.4.Final/hibernate-entitymanager-5.4.4.Final.pom
2025-06-06 10:24:44,924 [Worker-1: Building] INFO  o.e.m.c.i.e.AbstractTransferListenerAdapter - Downloaded https://repo.maven.apache.org/maven2/org/hibernate/hibernate-entitymanager/5.4.4.Final/hibernate-entitymanager-5.4.4.Final.pom
2025-06-06 10:24:45,003 [Worker-1: Building] INFO  o.e.m.c.i.e.AbstractTransferListenerAdapter - Downloading https://repo.maven.apache.org/maven2/mysql/mysql-connector-java/8.0.28/mysql-connector-java-8.0.28.jar
2025-06-06 10:24:45,136 [Worker-1: Building] INFO  o.e.m.c.i.e.AbstractTransferListenerAdapter - Downloaded https://repo.maven.apache.org/maven2/mysql/mysql-connector-java/8.0.28/mysql-connector-java-8.0.28.jar
2025-06-06 10:24:45,148 [BasicRepositoryConnector-repo.maven.apache.org-0-1] INFO  o.e.m.c.i.e.AbstractTransferListenerAdapter - Downloading https://repo.maven.apache.org/maven2/org/hibernate/hibernate-core/5.4.4.Final/hibernate-core-5.4.4.Final.jar
2025-06-06 10:24:45,157 [BasicRepositoryConnector-repo.maven.apache.org-0-0] INFO  o.e.m.c.i.e.AbstractTransferListenerAdapter - Downloading https://repo.maven.apache.org/maven2/javax/persistence/javax.persistence-api/2.2/javax.persistence-api-2.2.jar
2025-06-06 10:24:45,163 [BasicRepositoryConnector-repo.maven.apache.org-0-2] INFO  o.e.m.c.i.e.AbstractTransferListenerAdapter - Downloading https://repo.maven.apache.org/maven2/org/jboss/logging/jboss-logging/3.3.2.Final/jboss-logging-3.3.2.Final.jar
2025-06-06 10:24:45,164 [BasicRepositoryConnector-repo.maven.apache.org-0-4] INFO  o.e.m.c.i.e.AbstractTransferListenerAdapter - Downloading https://repo.maven.apache.org/maven2/net/bytebuddy/byte-buddy/1.9.11/byte-buddy-1.9.11.jar
2025-06-06 10:24:45,174 [BasicRepositoryConnector-repo.maven.apache.org-0-3] INFO  o.e.m.c.i.e.AbstractTransferListenerAdapter - Downloading https://repo.maven.apache.org/maven2/org/javassist/javassist/3.24.0-GA/javassist-3.24.0-GA.jar
2025-06-06 10:24:45,222 [BasicRepositoryConnector-repo.maven.apache.org-0-2] INFO  o.e.m.c.i.e.AbstractTransferListenerAdapter - Downloaded https://repo.maven.apache.org/maven2/org/jboss/logging/jboss-logging/3.3.2.Final/jboss-logging-3.3.2.Final.jar
2025-06-06 10:24:45,226 [BasicRepositoryConnector-repo.maven.apache.org-0-2] INFO  o.e.m.c.i.e.AbstractTransferListenerAdapter - Downloading https://repo.maven.apache.org/maven2/antlr/antlr/2.7.7/antlr-2.7.7.jar
2025-06-06 10:24:45,238 [BasicRepositoryConnector-repo.maven.apache.org-0-0] INFO  o.e.m.c.i.e.AbstractTransferListenerAdapter - Downloaded https://repo.maven.apache.org/maven2/javax/persistence/javax.persistence-api/2.2/javax.persistence-api-2.2.jar
2025-06-06 10:24:45,293 [BasicRepositoryConnector-repo.maven.apache.org-0-0] INFO  o.e.m.c.i.e.AbstractTransferListenerAdapter - Downloading https://repo.maven.apache.org/maven2/org/jboss/spec/javax/transaction/jboss-transaction-api_1.2_spec/1.1.1.Final/jboss-transaction-api_1.2_spec-1.1.1.Final.jar
2025-06-06 10:24:45,361 [BasicRepositoryConnector-repo.maven.apache.org-0-2] INFO  o.e.m.c.i.e.AbstractTransferListenerAdapter - Downloaded https://repo.maven.apache.org/maven2/antlr/antlr/2.7.7/antlr-2.7.7.jar
2025-06-06 10:24:45,381 [BasicRepositoryConnector-repo.maven.apache.org-0-3] INFO  o.e.m.c.i.e.AbstractTransferListenerAdapter - Downloaded https://repo.maven.apache.org/maven2/org/javassist/javassist/3.24.0-GA/javassist-3.24.0-GA.jar
2025-06-06 10:24:45,431 [BasicRepositoryConnector-repo.maven.apache.org-0-2] INFO  o.e.m.c.i.e.AbstractTransferListenerAdapter - Downloading https://repo.maven.apache.org/maven2/org/jboss/jandex/2.0.5.Final/jandex-2.0.5.Final.jar
2025-06-06 10:24:45,465 [BasicRepositoryConnector-repo.maven.apache.org-0-3] INFO  o.e.m.c.i.e.AbstractTransferListenerAdapter - Downloading https://repo.maven.apache.org/maven2/com/fasterxml/classmate/1.3.4/classmate-1.3.4.jar
2025-06-06 10:24:45,523 [BasicRepositoryConnector-repo.maven.apache.org-0-3] INFO  o.e.m.c.i.e.AbstractTransferListenerAdapter - Downloaded https://repo.maven.apache.org/maven2/com/fasterxml/classmate/1.3.4/classmate-1.3.4.jar
2025-06-06 10:24:45,528 [BasicRepositoryConnector-repo.maven.apache.org-0-2] INFO  o.e.m.c.i.e.AbstractTransferListenerAdapter - Downloaded https://repo.maven.apache.org/maven2/org/jboss/jandex/2.0.5.Final/jandex-2.0.5.Final.jar
2025-06-06 10:24:45,583 [BasicRepositoryConnector-repo.maven.apache.org-0-3] INFO  o.e.m.c.i.e.AbstractTransferListenerAdapter - Downloading https://repo.maven.apache.org/maven2/javax/activation/javax.activation-api/1.2.0/javax.activation-api-1.2.0.jar
2025-06-06 10:24:45,592 [BasicRepositoryConnector-repo.maven.apache.org-0-2] INFO  o.e.m.c.i.e.AbstractTransferListenerAdapter - Downloading https://repo.maven.apache.org/maven2/org/dom4j/dom4j/2.1.1/dom4j-2.1.1.jar
2025-06-06 10:24:45,634 [BasicRepositoryConnector-repo.maven.apache.org-0-3] INFO  o.e.m.c.i.e.AbstractTransferListenerAdapter - Downloaded https://repo.maven.apache.org/maven2/javax/activation/javax.activation-api/1.2.0/javax.activation-api-1.2.0.jar
2025-06-06 10:24:45,727 [BasicRepositoryConnector-repo.maven.apache.org-0-3] INFO  o.e.m.c.i.e.AbstractTransferListenerAdapter - Downloading https://repo.maven.apache.org/maven2/org/hibernate/common/hibernate-commons-annotations/5.1.0.Final/hibernate-commons-annotations-5.1.0.Final.jar
2025-06-06 10:24:45,734 [BasicRepositoryConnector-repo.maven.apache.org-0-0] INFO  o.e.m.c.i.e.AbstractTransferListenerAdapter - Downloaded https://repo.maven.apache.org/maven2/org/jboss/spec/javax/transaction/jboss-transaction-api_1.2_spec/1.1.1.Final/jboss-transaction-api_1.2_spec-1.1.1.Final.jar
2025-06-06 10:24:45,747 [BasicRepositoryConnector-repo.maven.apache.org-0-2] INFO  o.e.m.c.i.e.AbstractTransferListenerAdapter - Downloaded https://repo.maven.apache.org/maven2/org/dom4j/dom4j/2.1.1/dom4j-2.1.1.jar
2025-06-06 10:24:45,802 [BasicRepositoryConnector-repo.maven.apache.org-0-3] INFO  o.e.m.c.i.e.AbstractTransferListenerAdapter - Downloaded https://repo.maven.apache.org/maven2/org/hibernate/common/hibernate-commons-annotations/5.1.0.Final/hibernate-commons-annotations-5.1.0.Final.jar
2025-06-06 10:24:45,812 [BasicRepositoryConnector-repo.maven.apache.org-0-0] INFO  o.e.m.c.i.e.AbstractTransferListenerAdapter - Downloading https://repo.maven.apache.org/maven2/javax/xml/bind/jaxb-api/2.3.1/jaxb-api-2.3.1.jar
2025-06-06 10:24:45,825 [BasicRepositoryConnector-repo.maven.apache.org-0-2] INFO  o.e.m.c.i.e.AbstractTransferListenerAdapter - Downloading https://repo.maven.apache.org/maven2/org/glassfish/jaxb/jaxb-runtime/2.3.1/jaxb-runtime-2.3.1.jar
2025-06-06 10:24:45,912 [BasicRepositoryConnector-repo.maven.apache.org-0-0] INFO  o.e.m.c.i.e.AbstractTransferListenerAdapter - Downloaded https://repo.maven.apache.org/maven2/javax/xml/bind/jaxb-api/2.3.1/jaxb-api-2.3.1.jar
2025-06-06 10:24:45,918 [BasicRepositoryConnector-repo.maven.apache.org-0-3] INFO  o.e.m.c.i.e.AbstractTransferListenerAdapter - Downloading https://repo.maven.apache.org/maven2/org/glassfish/jaxb/txw2/2.3.1/txw2-2.3.1.jar
2025-06-06 10:24:45,981 [BasicRepositoryConnector-repo.maven.apache.org-0-3] INFO  o.e.m.c.i.e.AbstractTransferListenerAdapter - Downloaded https://repo.maven.apache.org/maven2/org/glassfish/jaxb/txw2/2.3.1/txw2-2.3.1.jar
2025-06-06 10:24:46,045 [BasicRepositoryConnector-repo.maven.apache.org-0-0] INFO  o.e.m.c.i.e.AbstractTransferListenerAdapter - Downloading https://repo.maven.apache.org/maven2/com/sun/istack/istack-commons-runtime/3.0.7/istack-commons-runtime-3.0.7.jar
2025-06-06 10:24:46,115 [BasicRepositoryConnector-repo.maven.apache.org-0-3] INFO  o.e.m.c.i.e.AbstractTransferListenerAdapter - Downloading https://repo.maven.apache.org/maven2/org/jvnet/staxex/stax-ex/1.8/stax-ex-1.8.jar
2025-06-06 10:24:46,226 [BasicRepositoryConnector-repo.maven.apache.org-0-4] INFO  o.e.m.c.i.e.AbstractTransferListenerAdapter - Downloaded https://repo.maven.apache.org/maven2/net/bytebuddy/byte-buddy/1.9.11/byte-buddy-1.9.11.jar
2025-06-06 10:24:46,282 [BasicRepositoryConnector-repo.maven.apache.org-0-4] INFO  o.e.m.c.i.e.AbstractTransferListenerAdapter - Downloading https://repo.maven.apache.org/maven2/com/sun/xml/fastinfoset/FastInfoset/1.2.15/FastInfoset-1.2.15.jar
2025-06-06 10:24:46,318 [BasicRepositoryConnector-repo.maven.apache.org-0-2] INFO  o.e.m.c.i.e.AbstractTransferListenerAdapter - Downloaded https://repo.maven.apache.org/maven2/org/glassfish/jaxb/jaxb-runtime/2.3.1/jaxb-runtime-2.3.1.jar
2025-06-06 10:24:46,371 [BasicRepositoryConnector-repo.maven.apache.org-0-2] INFO  o.e.m.c.i.e.AbstractTransferListenerAdapter - Downloading https://repo.maven.apache.org/maven2/org/hibernate/hibernate-entitymanager/5.4.4.Final/hibernate-entitymanager-5.4.4.Final.jar
2025-06-06 10:24:46,422 [BasicRepositoryConnector-repo.maven.apache.org-0-4] INFO  o.e.m.c.i.e.AbstractTransferListenerAdapter - Downloaded https://repo.maven.apache.org/maven2/com/sun/xml/fastinfoset/FastInfoset/1.2.15/FastInfoset-1.2.15.jar
2025-06-06 10:24:46,430 [BasicRepositoryConnector-repo.maven.apache.org-0-2] INFO  o.e.m.c.i.e.AbstractTransferListenerAdapter - Downloaded https://repo.maven.apache.org/maven2/org/hibernate/hibernate-entitymanager/5.4.4.Final/hibernate-entitymanager-5.4.4.Final.jar
2025-06-06 10:24:46,552 [BasicRepositoryConnector-repo.maven.apache.org-0-0] INFO  o.e.m.c.i.e.AbstractTransferListenerAdapter - Downloaded https://repo.maven.apache.org/maven2/com/sun/istack/istack-commons-runtime/3.0.7/istack-commons-runtime-3.0.7.jar
2025-06-06 10:24:46,655 [BasicRepositoryConnector-repo.maven.apache.org-0-3] INFO  o.e.m.c.i.e.AbstractTransferListenerAdapter - Downloaded https://repo.maven.apache.org/maven2/org/jvnet/staxex/stax-ex/1.8/stax-ex-1.8.jar
2025-06-06 10:24:46,777 [BasicRepositoryConnector-repo.maven.apache.org-0-1] INFO  o.e.m.c.i.e.AbstractTransferListenerAdapter - Downloaded https://repo.maven.apache.org/maven2/org/hibernate/hibernate-core/5.4.4.Final/hibernate-core-5.4.4.Final.jar
2025-06-06 10:24:46,982 [Worker-1: Building] INFO  o.e.m.c.i.e.AbstractTransferListenerAdapter - Downloading https://repo.maven.apache.org/maven2/org/apache/maven/plugins/maven-resources-plugin/3.3.1/maven-resources-plugin-3.3.1.pom
2025-06-06 10:24:47,018 [Worker-1: Building] INFO  o.e.m.c.i.e.AbstractTransferListenerAdapter - Downloaded https://repo.maven.apache.org/maven2/org/apache/maven/plugins/maven-resources-plugin/3.3.1/maven-resources-plugin-3.3.1.pom
2025-06-06 10:24:47,029 [Worker-1: Building] INFO  o.e.m.c.i.e.AbstractTransferListenerAdapter - Downloading https://repo.maven.apache.org/maven2/org/apache/maven/plugins/maven-plugins/39/maven-plugins-39.pom
2025-06-06 10:24:47,054 [Worker-1: Building] INFO  o.e.m.c.i.e.AbstractTransferListenerAdapter - Downloaded https://repo.maven.apache.org/maven2/org/apache/maven/plugins/maven-plugins/39/maven-plugins-39.pom
2025-06-06 10:24:47,132 [Worker-1: Building] INFO  o.e.m.c.i.e.AbstractTransferListenerAdapter - Downloading https://repo.maven.apache.org/maven2/org/apache/maven/plugins/maven-resources-plugin/3.3.1/maven-resources-plugin-3.3.1.jar
2025-06-06 10:24:47,392 [Worker-1: Building] INFO  o.e.m.c.i.e.AbstractTransferListenerAdapter - Downloaded https://repo.maven.apache.org/maven2/org/apache/maven/plugins/maven-resources-plugin/3.3.1/maven-resources-plugin-3.3.1.jar
2025-06-06 10:24:47,529 [Worker-1: Building] INFO  o.e.m.c.i.e.AbstractTransferListenerAdapter - Downloading https://repo.maven.apache.org/maven2/org/apache/maven/plugins/maven-compiler-plugin/3.13.0/maven-compiler-plugin-3.13.0.pom
2025-06-06 10:24:47,556 [Worker-1: Building] INFO  o.e.m.c.i.e.AbstractTransferListenerAdapter - Downloaded https://repo.maven.apache.org/maven2/org/apache/maven/plugins/maven-compiler-plugin/3.13.0/maven-compiler-plugin-3.13.0.pom
2025-06-06 10:24:47,576 [Worker-1: Building] INFO  o.e.m.c.i.e.AbstractTransferListenerAdapter - Downloading https://repo.maven.apache.org/maven2/org/apache/maven/plugins/maven-plugins/41/maven-plugins-41.pom
2025-06-06 10:24:47,606 [Worker-1: Building] INFO  o.e.m.c.i.e.AbstractTransferListenerAdapter - Downloaded https://repo.maven.apache.org/maven2/org/apache/maven/plugins/maven-plugins/41/maven-plugins-41.pom
2025-06-06 10:24:47,614 [Worker-1: Building] INFO  o.e.m.c.i.e.AbstractTransferListenerAdapter - Downloading https://repo.maven.apache.org/maven2/org/apache/maven/maven-parent/41/maven-parent-41.pom
2025-06-06 10:24:47,636 [Worker-1: Building] INFO  o.e.m.c.i.e.AbstractTransferListenerAdapter - Downloaded https://repo.maven.apache.org/maven2/org/apache/maven/maven-parent/41/maven-parent-41.pom
2025-06-06 10:24:47,677 [Worker-1: Building] INFO  o.e.m.c.i.e.AbstractTransferListenerAdapter - Downloading https://repo.maven.apache.org/maven2/org/apache/maven/plugins/maven-compiler-plugin/3.13.0/maven-compiler-plugin-3.13.0.jar
2025-06-06 10:24:47,703 [Worker-1: Building] INFO  o.e.m.c.i.e.AbstractTransferListenerAdapter - Downloaded https://repo.maven.apache.org/maven2/org/apache/maven/plugins/maven-compiler-plugin/3.13.0/maven-compiler-plugin-3.13.0.jar
2025-06-06 10:24:47,737 [Worker-1: Building] INFO  o.e.m.c.i.e.AbstractTransferListenerAdapter - Downloading https://repo.maven.apache.org/maven2/org/apache/maven/plugins/maven-jar-plugin/3.4.1/maven-jar-plugin-3.4.1.pom
2025-06-06 10:24:47,760 [Worker-1: Building] INFO  o.e.m.c.i.e.AbstractTransferListenerAdapter - Downloaded https://repo.maven.apache.org/maven2/org/apache/maven/plugins/maven-jar-plugin/3.4.1/maven-jar-plugin-3.4.1.pom
2025-06-06 10:24:47,770 [Worker-1: Building] INFO  o.e.m.c.i.e.AbstractTransferListenerAdapter - Downloading https://repo.maven.apache.org/maven2/org/apache/maven/plugins/maven-plugins/42/maven-plugins-42.pom
2025-06-06 10:24:47,794 [Worker-1: Building] INFO  o.e.m.c.i.e.AbstractTransferListenerAdapter - Downloaded https://repo.maven.apache.org/maven2/org/apache/maven/plugins/maven-plugins/42/maven-plugins-42.pom
2025-06-06 10:24:47,804 [Worker-1: Building] INFO  o.e.m.c.i.e.AbstractTransferListenerAdapter - Downloading https://repo.maven.apache.org/maven2/org/apache/maven/maven-parent/42/maven-parent-42.pom
2025-06-06 10:24:47,829 [Worker-1: Building] INFO  o.e.m.c.i.e.AbstractTransferListenerAdapter - Downloaded https://repo.maven.apache.org/maven2/org/apache/maven/maven-parent/42/maven-parent-42.pom
2025-06-06 10:24:47,888 [Worker-1: Building] INFO  o.e.m.c.i.e.AbstractTransferListenerAdapter - Downloading https://repo.maven.apache.org/maven2/org/apache/maven/plugins/maven-jar-plugin/3.4.1/maven-jar-plugin-3.4.1.jar
2025-06-06 10:24:48,123 [Worker-1: Building] INFO  o.e.m.c.i.e.AbstractTransferListenerAdapter - Downloaded https://repo.maven.apache.org/maven2/org/apache/maven/plugins/maven-jar-plugin/3.4.1/maven-jar-plugin-3.4.1.jar
2025-06-06 10:40:10,335 [Worker-0: Loading available Gradle versions] INFO  o.e.b.c.i.u.g.PublishedGradleVersions - Gradle version information cache is up-to-date. Trying to read.
2025-06-06 10:41:25,762 [Worker-3: Launching Executing clean in F__ARCHIVOS_INSTITUTO CIBERTEC CLASES_LENGUAJE DE PROGRAMACI脫N II_CLASES LPII_SESI脫N 04 LPII_LPII_Sesi贸n_04 - Sol_jpa_sesion02_jpa_sesion02] INFO  o.eclipse.m2e.core.internal.Bundles - getClasspathEntries(Bundle=org.eclipse.m2e.maven.runtime_3.9.900.20240824-1409 [364])
2025-06-06 10:41:25,772 [Worker-3: Launching Executing clean in F__ARCHIVOS_INSTITUTO CIBERTEC CLASES_LENGUAJE DE PROGRAMACI脫N II_CLASES LPII_SESI脫N 04 LPII_LPII_Sesi贸n_04 - Sol_jpa_sesion02_jpa_sesion02] INFO  o.eclipse.m2e.core.internal.Bundles - 	Entry: E:\Eclipse\SpringToolSuite4\plugins\org.eclipse.m2e.maven.runtime_3.9.900.20240824-1409
2025-06-06 10:41:25,772 [Worker-3: Launching Executing clean in F__ARCHIVOS_INSTITUTO CIBERTEC CLASES_LENGUAJE DE PROGRAMACI脫N II_CLASES LPII_SESI脫N 04 LPII_LPII_Sesi贸n_04 - Sol_jpa_sesion02_jpa_sesion02] INFO  o.eclipse.m2e.core.internal.Bundles - 	Entry: E:\Eclipse\SpringToolSuite4\plugins\org.eclipse.m2e.maven.runtime_3.9.900.20240824-1409\jars\aopalliance-1.0.jar
2025-06-06 10:41:25,772 [Worker-3: Launching Executing clean in F__ARCHIVOS_INSTITUTO CIBERTEC CLASES_LENGUAJE DE PROGRAMACI脫N II_CLASES LPII_SESI脫N 04 LPII_LPII_Sesi贸n_04 - Sol_jpa_sesion02_jpa_sesion02] INFO  o.eclipse.m2e.core.internal.Bundles - 	Entry: E:\Eclipse\SpringToolSuite4\plugins\org.eclipse.m2e.maven.runtime_3.9.900.20240824-1409\jars\guice-5.1.0.jar
2025-06-06 10:41:25,772 [Worker-3: Launching Executing clean in F__ARCHIVOS_INSTITUTO CIBERTEC CLASES_LENGUAJE DE PROGRAMACI脫N II_CLASES LPII_SESI脫N 04 LPII_LPII_Sesi贸n_04 - Sol_jpa_sesion02_jpa_sesion02] INFO  o.eclipse.m2e.core.internal.Bundles - 	Entry: E:\Eclipse\SpringToolSuite4\plugins\org.eclipse.m2e.maven.runtime_3.9.900.20240824-1409\jars\httpclient-4.5.14.jar
2025-06-06 10:41:25,772 [Worker-3: Launching Executing clean in F__ARCHIVOS_INSTITUTO CIBERTEC CLASES_LENGUAJE DE PROGRAMACI脫N II_CLASES LPII_SESI脫N 04 LPII_LPII_Sesi贸n_04 - Sol_jpa_sesion02_jpa_sesion02] INFO  o.eclipse.m2e.core.internal.Bundles - 	Entry: E:\Eclipse\SpringToolSuite4\plugins\org.eclipse.m2e.maven.runtime_3.9.900.20240824-1409\jars\httpcore-4.4.16.jar
2025-06-06 10:41:25,772 [Worker-3: Launching Executing clean in F__ARCHIVOS_INSTITUTO CIBERTEC CLASES_LENGUAJE DE PROGRAMACI脫N II_CLASES LPII_SESI脫N 04 LPII_LPII_Sesi贸n_04 - Sol_jpa_sesion02_jpa_sesion02] INFO  o.eclipse.m2e.core.internal.Bundles - 	Entry: E:\Eclipse\SpringToolSuite4\plugins\org.eclipse.m2e.maven.runtime_3.9.900.20240824-1409\jars\jansi-2.4.1.jar
2025-06-06 10:41:25,773 [Worker-3: Launching Executing clean in F__ARCHIVOS_INSTITUTO CIBERTEC CLASES_LENGUAJE DE PROGRAMACI脫N II_CLASES LPII_SESI脫N 04 LPII_LPII_Sesi贸n_04 - Sol_jpa_sesion02_jpa_sesion02] INFO  o.eclipse.m2e.core.internal.Bundles - 	Entry: E:\Eclipse\SpringToolSuite4\plugins\org.eclipse.m2e.maven.runtime_3.9.900.20240824-1409\jars\jcl-over-slf4j-1.7.36.jar
2025-06-06 10:41:25,773 [Worker-3: Launching Executing clean in F__ARCHIVOS_INSTITUTO CIBERTEC CLASES_LENGUAJE DE PROGRAMACI脫N II_CLASES LPII_SESI脫N 04 LPII_LPII_Sesi贸n_04 - Sol_jpa_sesion02_jpa_sesion02] INFO  o.eclipse.m2e.core.internal.Bundles - 	Entry: E:\Eclipse\SpringToolSuite4\plugins\org.eclipse.m2e.maven.runtime_3.9.900.20240824-1409\jars\maven-artifact-3.9.9.jar
2025-06-06 10:41:25,773 [Worker-3: Launching Executing clean in F__ARCHIVOS_INSTITUTO CIBERTEC CLASES_LENGUAJE DE PROGRAMACI脫N II_CLASES LPII_SESI脫N 04 LPII_LPII_Sesi贸n_04 - Sol_jpa_sesion02_jpa_sesion02] INFO  o.eclipse.m2e.core.internal.Bundles - 	Entry: E:\Eclipse\SpringToolSuite4\plugins\org.eclipse.m2e.maven.runtime_3.9.900.20240824-1409\jars\maven-builder-support-3.9.9.jar
2025-06-06 10:41:25,773 [Worker-3: Launching Executing clean in F__ARCHIVOS_INSTITUTO CIBERTEC CLASES_LENGUAJE DE PROGRAMACI脫N II_CLASES LPII_SESI脫N 04 LPII_LPII_Sesi贸n_04 - Sol_jpa_sesion02_jpa_sesion02] INFO  o.eclipse.m2e.core.internal.Bundles - 	Entry: E:\Eclipse\SpringToolSuite4\plugins\org.eclipse.m2e.maven.runtime_3.9.900.20240824-1409\jars\maven-compat-3.9.9.jar
2025-06-06 10:41:25,773 [Worker-3: Launching Executing clean in F__ARCHIVOS_INSTITUTO CIBERTEC CLASES_LENGUAJE DE PROGRAMACI脫N II_CLASES LPII_SESI脫N 04 LPII_LPII_Sesi贸n_04 - Sol_jpa_sesion02_jpa_sesion02] INFO  o.eclipse.m2e.core.internal.Bundles - 	Entry: E:\Eclipse\SpringToolSuite4\plugins\org.eclipse.m2e.maven.runtime_3.9.900.20240824-1409\jars\maven-core-3.9.9.jar
2025-06-06 10:41:25,773 [Worker-3: Launching Executing clean in F__ARCHIVOS_INSTITUTO CIBERTEC CLASES_LENGUAJE DE PROGRAMACI脫N II_CLASES LPII_SESI脫N 04 LPII_LPII_Sesi贸n_04 - Sol_jpa_sesion02_jpa_sesion02] INFO  o.eclipse.m2e.core.internal.Bundles - 	Entry: E:\Eclipse\SpringToolSuite4\plugins\org.eclipse.m2e.maven.runtime_3.9.900.20240824-1409\jars\maven-embedder-3.9.9.jar
2025-06-06 10:41:25,773 [Worker-3: Launching Executing clean in F__ARCHIVOS_INSTITUTO CIBERTEC CLASES_LENGUAJE DE PROGRAMACI脫N II_CLASES LPII_SESI脫N 04 LPII_LPII_Sesi贸n_04 - Sol_jpa_sesion02_jpa_sesion02] INFO  o.eclipse.m2e.core.internal.Bundles - 	Entry: E:\Eclipse\SpringToolSuite4\plugins\org.eclipse.m2e.maven.runtime_3.9.900.20240824-1409\jars\maven-model-3.9.9.jar
2025-06-06 10:41:25,773 [Worker-3: Launching Executing clean in F__ARCHIVOS_INSTITUTO CIBERTEC CLASES_LENGUAJE DE PROGRAMACI脫N II_CLASES LPII_SESI脫N 04 LPII_LPII_Sesi贸n_04 - Sol_jpa_sesion02_jpa_sesion02] INFO  o.eclipse.m2e.core.internal.Bundles - 	Entry: E:\Eclipse\SpringToolSuite4\plugins\org.eclipse.m2e.maven.runtime_3.9.900.20240824-1409\jars\maven-model-builder-3.9.9.jar
2025-06-06 10:41:25,773 [Worker-3: Launching Executing clean in F__ARCHIVOS_INSTITUTO CIBERTEC CLASES_LENGUAJE DE PROGRAMACI脫N II_CLASES LPII_SESI脫N 04 LPII_LPII_Sesi贸n_04 - Sol_jpa_sesion02_jpa_sesion02] INFO  o.eclipse.m2e.core.internal.Bundles - 	Entry: E:\Eclipse\SpringToolSuite4\plugins\org.eclipse.m2e.maven.runtime_3.9.900.20240824-1409\jars\maven-plugin-api-3.9.9.jar
2025-06-06 10:41:25,773 [Worker-3: Launching Executing clean in F__ARCHIVOS_INSTITUTO CIBERTEC CLASES_LENGUAJE DE PROGRAMACI脫N II_CLASES LPII_SESI脫N 04 LPII_LPII_Sesi贸n_04 - Sol_jpa_sesion02_jpa_sesion02] INFO  o.eclipse.m2e.core.internal.Bundles - 	Entry: E:\Eclipse\SpringToolSuite4\plugins\org.eclipse.m2e.maven.runtime_3.9.900.20240824-1409\jars\maven-repository-metadata-3.9.9.jar
2025-06-06 10:41:25,773 [Worker-3: Launching Executing clean in F__ARCHIVOS_INSTITUTO CIBERTEC CLASES_LENGUAJE DE PROGRAMACI脫N II_CLASES LPII_SESI脫N 04 LPII_LPII_Sesi贸n_04 - Sol_jpa_sesion02_jpa_sesion02] INFO  o.eclipse.m2e.core.internal.Bundles - 	Entry: E:\Eclipse\SpringToolSuite4\plugins\org.eclipse.m2e.maven.runtime_3.9.900.20240824-1409\jars\maven-resolver-api-1.9.22.jar
2025-06-06 10:41:25,774 [Worker-3: Launching Executing clean in F__ARCHIVOS_INSTITUTO CIBERTEC CLASES_LENGUAJE DE PROGRAMACI脫N II_CLASES LPII_SESI脫N 04 LPII_LPII_Sesi贸n_04 - Sol_jpa_sesion02_jpa_sesion02] INFO  o.eclipse.m2e.core.internal.Bundles - 	Entry: E:\Eclipse\SpringToolSuite4\plugins\org.eclipse.m2e.maven.runtime_3.9.900.20240824-1409\jars\maven-resolver-connector-basic-1.9.22.jar
2025-06-06 10:41:25,774 [Worker-3: Launching Executing clean in F__ARCHIVOS_INSTITUTO CIBERTEC CLASES_LENGUAJE DE PROGRAMACI脫N II_CLASES LPII_SESI脫N 04 LPII_LPII_Sesi贸n_04 - Sol_jpa_sesion02_jpa_sesion02] INFO  o.eclipse.m2e.core.internal.Bundles - 	Entry: E:\Eclipse\SpringToolSuite4\plugins\org.eclipse.m2e.maven.runtime_3.9.900.20240824-1409\jars\maven-resolver-impl-1.9.22.jar
2025-06-06 10:41:25,774 [Worker-3: Launching Executing clean in F__ARCHIVOS_INSTITUTO CIBERTEC CLASES_LENGUAJE DE PROGRAMACI脫N II_CLASES LPII_SESI脫N 04 LPII_LPII_Sesi贸n_04 - Sol_jpa_sesion02_jpa_sesion02] INFO  o.eclipse.m2e.core.internal.Bundles - 	Entry: E:\Eclipse\SpringToolSuite4\plugins\org.eclipse.m2e.maven.runtime_3.9.900.20240824-1409\jars\maven-resolver-named-locks-1.9.22.jar
2025-06-06 10:41:25,774 [Worker-3: Launching Executing clean in F__ARCHIVOS_INSTITUTO CIBERTEC CLASES_LENGUAJE DE PROGRAMACI脫N II_CLASES LPII_SESI脫N 04 LPII_LPII_Sesi贸n_04 - Sol_jpa_sesion02_jpa_sesion02] INFO  o.eclipse.m2e.core.internal.Bundles - 	Entry: E:\Eclipse\SpringToolSuite4\plugins\org.eclipse.m2e.maven.runtime_3.9.900.20240824-1409\jars\maven-resolver-provider-3.9.9.jar
2025-06-06 10:41:25,774 [Worker-3: Launching Executing clean in F__ARCHIVOS_INSTITUTO CIBERTEC CLASES_LENGUAJE DE PROGRAMACI脫N II_CLASES LPII_SESI脫N 04 LPII_LPII_Sesi贸n_04 - Sol_jpa_sesion02_jpa_sesion02] INFO  o.eclipse.m2e.core.internal.Bundles - 	Entry: E:\Eclipse\SpringToolSuite4\plugins\org.eclipse.m2e.maven.runtime_3.9.900.20240824-1409\jars\maven-resolver-spi-1.9.22.jar
2025-06-06 10:41:25,774 [Worker-3: Launching Executing clean in F__ARCHIVOS_INSTITUTO CIBERTEC CLASES_LENGUAJE DE PROGRAMACI脫N II_CLASES LPII_SESI脫N 04 LPII_LPII_Sesi贸n_04 - Sol_jpa_sesion02_jpa_sesion02] INFO  o.eclipse.m2e.core.internal.Bundles - 	Entry: E:\Eclipse\SpringToolSuite4\plugins\org.eclipse.m2e.maven.runtime_3.9.900.20240824-1409\jars\maven-resolver-transport-file-1.9.22.jar
2025-06-06 10:41:25,774 [Worker-3: Launching Executing clean in F__ARCHIVOS_INSTITUTO CIBERTEC CLASES_LENGUAJE DE PROGRAMACI脫N II_CLASES LPII_SESI脫N 04 LPII_LPII_Sesi贸n_04 - Sol_jpa_sesion02_jpa_sesion02] INFO  o.eclipse.m2e.core.internal.Bundles - 	Entry: E:\Eclipse\SpringToolSuite4\plugins\org.eclipse.m2e.maven.runtime_3.9.900.20240824-1409\jars\maven-resolver-transport-http-1.9.22.jar
2025-06-06 10:41:25,774 [Worker-3: Launching Executing clean in F__ARCHIVOS_INSTITUTO CIBERTEC CLASES_LENGUAJE DE PROGRAMACI脫N II_CLASES LPII_SESI脫N 04 LPII_LPII_Sesi贸n_04 - Sol_jpa_sesion02_jpa_sesion02] INFO  o.eclipse.m2e.core.internal.Bundles - 	Entry: E:\Eclipse\SpringToolSuite4\plugins\org.eclipse.m2e.maven.runtime_3.9.900.20240824-1409\jars\maven-resolver-transport-wagon-1.9.22.jar
2025-06-06 10:41:25,774 [Worker-3: Launching Executing clean in F__ARCHIVOS_INSTITUTO CIBERTEC CLASES_LENGUAJE DE PROGRAMACI脫N II_CLASES LPII_SESI脫N 04 LPII_LPII_Sesi贸n_04 - Sol_jpa_sesion02_jpa_sesion02] INFO  o.eclipse.m2e.core.internal.Bundles - 	Entry: E:\Eclipse\SpringToolSuite4\plugins\org.eclipse.m2e.maven.runtime_3.9.900.20240824-1409\jars\maven-resolver-util-1.9.22.jar
2025-06-06 10:41:25,774 [Worker-3: Launching Executing clean in F__ARCHIVOS_INSTITUTO CIBERTEC CLASES_LENGUAJE DE PROGRAMACI脫N II_CLASES LPII_SESI脫N 04 LPII_LPII_Sesi贸n_04 - Sol_jpa_sesion02_jpa_sesion02] INFO  o.eclipse.m2e.core.internal.Bundles - 	Entry: E:\Eclipse\SpringToolSuite4\plugins\org.eclipse.m2e.maven.runtime_3.9.900.20240824-1409\jars\maven-settings-3.9.9.jar
2025-06-06 10:41:25,774 [Worker-3: Launching Executing clean in F__ARCHIVOS_INSTITUTO CIBERTEC CLASES_LENGUAJE DE PROGRAMACI脫N II_CLASES LPII_SESI脫N 04 LPII_LPII_Sesi贸n_04 - Sol_jpa_sesion02_jpa_sesion02] INFO  o.eclipse.m2e.core.internal.Bundles - 	Entry: E:\Eclipse\SpringToolSuite4\plugins\org.eclipse.m2e.maven.runtime_3.9.900.20240824-1409\jars\maven-settings-builder-3.9.9.jar
2025-06-06 10:41:25,774 [Worker-3: Launching Executing clean in F__ARCHIVOS_INSTITUTO CIBERTEC CLASES_LENGUAJE DE PROGRAMACI脫N II_CLASES LPII_SESI脫N 04 LPII_LPII_Sesi贸n_04 - Sol_jpa_sesion02_jpa_sesion02] INFO  o.eclipse.m2e.core.internal.Bundles - 	Entry: E:\Eclipse\SpringToolSuite4\plugins\org.eclipse.m2e.maven.runtime_3.9.900.20240824-1409\jars\maven-shared-utils-3.4.2.jar
2025-06-06 10:41:25,774 [Worker-3: Launching Executing clean in F__ARCHIVOS_INSTITUTO CIBERTEC CLASES_LENGUAJE DE PROGRAMACI脫N II_CLASES LPII_SESI脫N 04 LPII_LPII_Sesi贸n_04 - Sol_jpa_sesion02_jpa_sesion02] INFO  o.eclipse.m2e.core.internal.Bundles - 	Entry: E:\Eclipse\SpringToolSuite4\plugins\org.eclipse.m2e.maven.runtime_3.9.900.20240824-1409\jars\org.eclipse.sisu.inject-0.9.0.M3.jar
2025-06-06 10:41:25,774 [Worker-3: Launching Executing clean in F__ARCHIVOS_INSTITUTO CIBERTEC CLASES_LENGUAJE DE PROGRAMACI脫N II_CLASES LPII_SESI脫N 04 LPII_LPII_Sesi贸n_04 - Sol_jpa_sesion02_jpa_sesion02] INFO  o.eclipse.m2e.core.internal.Bundles - 	Entry: E:\Eclipse\SpringToolSuite4\plugins\org.eclipse.m2e.maven.runtime_3.9.900.20240824-1409\jars\org.eclipse.sisu.plexus-0.9.0.M3.jar
2025-06-06 10:41:25,775 [Worker-3: Launching Executing clean in F__ARCHIVOS_INSTITUTO CIBERTEC CLASES_LENGUAJE DE PROGRAMACI脫N II_CLASES LPII_SESI脫N 04 LPII_LPII_Sesi贸n_04 - Sol_jpa_sesion02_jpa_sesion02] INFO  o.eclipse.m2e.core.internal.Bundles - 	Entry: E:\Eclipse\SpringToolSuite4\plugins\org.eclipse.m2e.maven.runtime_3.9.900.20240824-1409\jars\plexus-build-api-0.0.7.jar
2025-06-06 10:41:25,775 [Worker-3: Launching Executing clean in F__ARCHIVOS_INSTITUTO CIBERTEC CLASES_LENGUAJE DE PROGRAMACI脫N II_CLASES LPII_SESI脫N 04 LPII_LPII_Sesi贸n_04 - Sol_jpa_sesion02_jpa_sesion02] INFO  o.eclipse.m2e.core.internal.Bundles - 	Entry: E:\Eclipse\SpringToolSuite4\plugins\org.eclipse.m2e.maven.runtime_3.9.900.20240824-1409\jars\plexus-build-api-1.2.0.jar
2025-06-06 10:41:25,775 [Worker-3: Launching Executing clean in F__ARCHIVOS_INSTITUTO CIBERTEC CLASES_LENGUAJE DE PROGRAMACI脫N II_CLASES LPII_SESI脫N 04 LPII_LPII_Sesi贸n_04 - Sol_jpa_sesion02_jpa_sesion02] INFO  o.eclipse.m2e.core.internal.Bundles - 	Entry: E:\Eclipse\SpringToolSuite4\plugins\org.eclipse.m2e.maven.runtime_3.9.900.20240824-1409\jars\plexus-cipher-2.0.jar
2025-06-06 10:41:25,775 [Worker-3: Launching Executing clean in F__ARCHIVOS_INSTITUTO CIBERTEC CLASES_LENGUAJE DE PROGRAMACI脫N II_CLASES LPII_SESI脫N 04 LPII_LPII_Sesi贸n_04 - Sol_jpa_sesion02_jpa_sesion02] INFO  o.eclipse.m2e.core.internal.Bundles - 	Entry: E:\Eclipse\SpringToolSuite4\plugins\org.eclipse.m2e.maven.runtime_3.9.900.20240824-1409\jars\plexus-classworlds-2.8.0.jar
2025-06-06 10:41:25,775 [Worker-3: Launching Executing clean in F__ARCHIVOS_INSTITUTO CIBERTEC CLASES_LENGUAJE DE PROGRAMACI脫N II_CLASES LPII_SESI脫N 04 LPII_LPII_Sesi贸n_04 - Sol_jpa_sesion02_jpa_sesion02] INFO  o.eclipse.m2e.core.internal.Bundles - 	Entry: E:\Eclipse\SpringToolSuite4\plugins\org.eclipse.m2e.maven.runtime_3.9.900.20240824-1409\jars\plexus-component-annotations-2.1.0.jar
2025-06-06 10:41:25,775 [Worker-3: Launching Executing clean in F__ARCHIVOS_INSTITUTO CIBERTEC CLASES_LENGUAJE DE PROGRAMACI脫N II_CLASES LPII_SESI脫N 04 LPII_LPII_Sesi贸n_04 - Sol_jpa_sesion02_jpa_sesion02] INFO  o.eclipse.m2e.core.internal.Bundles - 	Entry: E:\Eclipse\SpringToolSuite4\plugins\org.eclipse.m2e.maven.runtime_3.9.900.20240824-1409\jars\plexus-interpolation-1.27.jar
2025-06-06 10:41:25,775 [Worker-3: Launching Executing clean in F__ARCHIVOS_INSTITUTO CIBERTEC CLASES_LENGUAJE DE PROGRAMACI脫N II_CLASES LPII_SESI脫N 04 LPII_LPII_Sesi贸n_04 - Sol_jpa_sesion02_jpa_sesion02] INFO  o.eclipse.m2e.core.internal.Bundles - 	Entry: E:\Eclipse\SpringToolSuite4\plugins\org.eclipse.m2e.maven.runtime_3.9.900.20240824-1409\jars\plexus-sec-dispatcher-2.0.jar
2025-06-06 10:41:25,775 [Worker-3: Launching Executing clean in F__ARCHIVOS_INSTITUTO CIBERTEC CLASES_LENGUAJE DE PROGRAMACI脫N II_CLASES LPII_SESI脫N 04 LPII_LPII_Sesi贸n_04 - Sol_jpa_sesion02_jpa_sesion02] INFO  o.eclipse.m2e.core.internal.Bundles - 	Entry: E:\Eclipse\SpringToolSuite4\plugins\org.eclipse.m2e.maven.runtime_3.9.900.20240824-1409\jars\plexus-utils-3.5.1.jar
2025-06-06 10:41:25,775 [Worker-3: Launching Executing clean in F__ARCHIVOS_INSTITUTO CIBERTEC CLASES_LENGUAJE DE PROGRAMACI脫N II_CLASES LPII_SESI脫N 04 LPII_LPII_Sesi贸n_04 - Sol_jpa_sesion02_jpa_sesion02] INFO  o.eclipse.m2e.core.internal.Bundles - 	Entry: E:\Eclipse\SpringToolSuite4\plugins\org.eclipse.m2e.maven.runtime_3.9.900.20240824-1409\jars\plexus-xml-3.0.1.jar
2025-06-06 10:41:25,775 [Worker-3: Launching Executing clean in F__ARCHIVOS_INSTITUTO CIBERTEC CLASES_LENGUAJE DE PROGRAMACI脫N II_CLASES LPII_SESI脫N 04 LPII_LPII_Sesi贸n_04 - Sol_jpa_sesion02_jpa_sesion02] INFO  o.eclipse.m2e.core.internal.Bundles - 	Entry: E:\Eclipse\SpringToolSuite4\plugins\org.eclipse.m2e.maven.runtime_3.9.900.20240824-1409\jars\wagon-file-3.5.3.jar
2025-06-06 10:41:25,775 [Worker-3: Launching Executing clean in F__ARCHIVOS_INSTITUTO CIBERTEC CLASES_LENGUAJE DE PROGRAMACI脫N II_CLASES LPII_SESI脫N 04 LPII_LPII_Sesi贸n_04 - Sol_jpa_sesion02_jpa_sesion02] INFO  o.eclipse.m2e.core.internal.Bundles - 	Entry: E:\Eclipse\SpringToolSuite4\plugins\org.eclipse.m2e.maven.runtime_3.9.900.20240824-1409\jars\wagon-http-3.5.3.jar
2025-06-06 10:41:25,775 [Worker-3: Launching Executing clean in F__ARCHIVOS_INSTITUTO CIBERTEC CLASES_LENGUAJE DE PROGRAMACI脫N II_CLASES LPII_SESI脫N 04 LPII_LPII_Sesi贸n_04 - Sol_jpa_sesion02_jpa_sesion02] INFO  o.eclipse.m2e.core.internal.Bundles - 	Entry: E:\Eclipse\SpringToolSuite4\plugins\org.eclipse.m2e.maven.runtime_3.9.900.20240824-1409\jars\wagon-http-shared-3.5.3.jar
2025-06-06 10:41:25,775 [Worker-3: Launching Executing clean in F__ARCHIVOS_INSTITUTO CIBERTEC CLASES_LENGUAJE DE PROGRAMACI脫N II_CLASES LPII_SESI脫N 04 LPII_LPII_Sesi贸n_04 - Sol_jpa_sesion02_jpa_sesion02] INFO  o.eclipse.m2e.core.internal.Bundles - 	Entry: E:\Eclipse\SpringToolSuite4\plugins\org.eclipse.m2e.maven.runtime_3.9.900.20240824-1409\jars\wagon-provider-api-3.5.3.jar
2025-06-06 10:41:25,777 [Worker-3: Launching Executing clean in F__ARCHIVOS_INSTITUTO CIBERTEC CLASES_LENGUAJE DE PROGRAMACI脫N II_CLASES LPII_SESI脫N 04 LPII_LPII_Sesi贸n_04 - Sol_jpa_sesion02_jpa_sesion02] INFO  o.eclipse.m2e.core.internal.Bundles - getClasspathEntries(Bundle=com.google.guava_33.3.1.jre [29])
2025-06-06 10:41:25,777 [Worker-3: Launching Executing clean in F__ARCHIVOS_INSTITUTO CIBERTEC CLASES_LENGUAJE DE PROGRAMACI脫N II_CLASES LPII_SESI脫N 04 LPII_LPII_Sesi贸n_04 - Sol_jpa_sesion02_jpa_sesion02] INFO  o.eclipse.m2e.core.internal.Bundles - 	Entry: E:\Eclipse\SpringToolSuite4\plugins\com.google.guava_33.3.1.jre.jar
2025-06-06 10:41:25,777 [Worker-3: Launching Executing clean in F__ARCHIVOS_INSTITUTO CIBERTEC CLASES_LENGUAJE DE PROGRAMACI脫N II_CLASES LPII_SESI脫N 04 LPII_LPII_Sesi贸n_04 - Sol_jpa_sesion02_jpa_sesion02] INFO  o.eclipse.m2e.core.internal.Bundles - getClasspathEntries(Bundle=slf4j.api_2.0.16 [615])
2025-06-06 10:41:25,778 [Worker-3: Launching Executing clean in F__ARCHIVOS_INSTITUTO CIBERTEC CLASES_LENGUAJE DE PROGRAMACI脫N II_CLASES LPII_SESI脫N 04 LPII_LPII_Sesi贸n_04 - Sol_jpa_sesion02_jpa_sesion02] INFO  o.eclipse.m2e.core.internal.Bundles - 	Entry: E:\Eclipse\SpringToolSuite4\plugins\slf4j.api_2.0.16.jar
2025-06-06 10:41:25,778 [Worker-3: Launching Executing clean in F__ARCHIVOS_INSTITUTO CIBERTEC CLASES_LENGUAJE DE PROGRAMACI脫N II_CLASES LPII_SESI脫N 04 LPII_LPII_Sesi贸n_04 - Sol_jpa_sesion02_jpa_sesion02] INFO  o.eclipse.m2e.core.internal.Bundles - getClasspathEntries(Bundle=jakarta.inject.jakarta.inject-api_1.0.5 [45])
2025-06-06 10:41:25,778 [Worker-3: Launching Executing clean in F__ARCHIVOS_INSTITUTO CIBERTEC CLASES_LENGUAJE DE PROGRAMACI脫N II_CLASES LPII_SESI脫N 04 LPII_LPII_Sesi贸n_04 - Sol_jpa_sesion02_jpa_sesion02] INFO  o.eclipse.m2e.core.internal.Bundles - 	Entry: E:\Eclipse\SpringToolSuite4\plugins\jakarta.inject.jakarta.inject-api_1.0.5.jar
2025-06-06 10:41:25,778 [Worker-3: Launching Executing clean in F__ARCHIVOS_INSTITUTO CIBERTEC CLASES_LENGUAJE DE PROGRAMACI脫N II_CLASES LPII_SESI脫N 04 LPII_LPII_Sesi贸n_04 - Sol_jpa_sesion02_jpa_sesion02] INFO  o.eclipse.m2e.core.internal.Bundles - getClasspathEntries(Bundle=jakarta.annotation-api_1.3.5 [41])
2025-06-06 10:41:25,778 [Worker-3: Launching Executing clean in F__ARCHIVOS_INSTITUTO CIBERTEC CLASES_LENGUAJE DE PROGRAMACI脫N II_CLASES LPII_SESI脫N 04 LPII_LPII_Sesi贸n_04 - Sol_jpa_sesion02_jpa_sesion02] INFO  o.eclipse.m2e.core.internal.Bundles - 	Entry: E:\Eclipse\SpringToolSuite4\plugins\jakarta.annotation-api_1.3.5.jar
2025-06-06 10:41:25,778 [Worker-3: Launching Executing clean in F__ARCHIVOS_INSTITUTO CIBERTEC CLASES_LENGUAJE DE PROGRAMACI脫N II_CLASES LPII_SESI脫N 04 LPII_LPII_Sesi贸n_04 - Sol_jpa_sesion02_jpa_sesion02] INFO  o.eclipse.m2e.core.internal.Bundles - getClasspathEntries(Bundle=org.apache.commons.cli_1.9.0 [78])
2025-06-06 10:41:25,778 [Worker-3: Launching Executing clean in F__ARCHIVOS_INSTITUTO CIBERTEC CLASES_LENGUAJE DE PROGRAMACI脫N II_CLASES LPII_SESI脫N 04 LPII_LPII_Sesi贸n_04 - Sol_jpa_sesion02_jpa_sesion02] INFO  o.eclipse.m2e.core.internal.Bundles - 	Entry: E:\Eclipse\SpringToolSuite4\plugins\org.apache.commons.cli_1.9.0.jar
2025-06-06 10:41:25,779 [Worker-3: Launching Executing clean in F__ARCHIVOS_INSTITUTO CIBERTEC CLASES_LENGUAJE DE PROGRAMACI脫N II_CLASES LPII_SESI脫N 04 LPII_LPII_Sesi贸n_04 - Sol_jpa_sesion02_jpa_sesion02] INFO  o.eclipse.m2e.core.internal.Bundles - getClasspathEntries(Bundle=org.apache.commons.commons-codec_1.16.0 [81])
2025-06-06 10:41:25,779 [Worker-3: Launching Executing clean in F__ARCHIVOS_INSTITUTO CIBERTEC CLASES_LENGUAJE DE PROGRAMACI脫N II_CLASES LPII_SESI脫N 04 LPII_LPII_Sesi贸n_04 - Sol_jpa_sesion02_jpa_sesion02] INFO  o.eclipse.m2e.core.internal.Bundles - 	Entry: E:\Eclipse\SpringToolSuite4\plugins\org.apache.commons.commons-codec_1.16.0.jar
2025-06-06 10:41:25,779 [Worker-3: Launching Executing clean in F__ARCHIVOS_INSTITUTO CIBERTEC CLASES_LENGUAJE DE PROGRAMACI脫N II_CLASES LPII_SESI脫N 04 LPII_LPII_Sesi贸n_04 - Sol_jpa_sesion02_jpa_sesion02] INFO  o.eclipse.m2e.core.internal.Bundles - getClasspathEntries(Bundle=com.google.guava.failureaccess_1.0.2 [30])
2025-06-06 10:41:25,779 [Worker-3: Launching Executing clean in F__ARCHIVOS_INSTITUTO CIBERTEC CLASES_LENGUAJE DE PROGRAMACI脫N II_CLASES LPII_SESI脫N 04 LPII_LPII_Sesi贸n_04 - Sol_jpa_sesion02_jpa_sesion02] INFO  o.eclipse.m2e.core.internal.Bundles - 	Entry: E:\Eclipse\SpringToolSuite4\plugins\com.google.guava.failureaccess_1.0.2.jar
2025-06-06 10:41:25,788 [Worker-3: Launching Executing clean in F__ARCHIVOS_INSTITUTO CIBERTEC CLASES_LENGUAJE DE PROGRAMACI脫N II_CLASES LPII_SESI脫N 04 LPII_LPII_Sesi贸n_04 - Sol_jpa_sesion02_jpa_sesion02] INFO  o.e.m.i.launch.MavenLaunchDelegate - Run build in "F:\ARCHIVOS\INSTITUTO CIBERTEC CLASES\LENGUAJE DE PROGRAMACI脫N II\CLASES LPII\SESI脫N 04 LPII\LPII_Sesi贸n_04 - Sol\jpa_sesion02\jpa_sesion02":
2025-06-06 10:41:25,797 [Worker-3: Launching Executing clean in F__ARCHIVOS_INSTITUTO CIBERTEC CLASES_LENGUAJE DE PROGRAMACI脫N II_CLASES LPII_SESI脫N 04 LPII_LPII_Sesi贸n_04 - Sol_jpa_sesion02_jpa_sesion02] INFO  o.e.m.i.launch.MavenLaunchDelegate -  mvn  -B -Dstyle.color=always clean
2025-06-06 10:42:04,965 [Worker-4: Updating Maven Project] INFO  o.e.m.c.i.p.ProjectConfigurationManager - Update started
2025-06-06 10:42:05,585 [Worker-4: Updating Maven Project] INFO  o.e.m.c.i.e.AbstractTransferListenerAdapter - Downloading https://repo.maven.apache.org/maven2/org/apache/maven/plugins/maven-surefire-plugin/3.2.5/maven-surefire-plugin-3.2.5.jar
2025-06-06 10:42:05,635 [Worker-4: Updating Maven Project] INFO  o.e.m.c.i.e.AbstractTransferListenerAdapter - Downloaded https://repo.maven.apache.org/maven2/org/apache/maven/plugins/maven-surefire-plugin/3.2.5/maven-surefire-plugin-3.2.5.jar
2025-06-06 10:42:05,646 [Worker-4: Updating Maven Project] INFO  o.e.m.c.i.e.AbstractTransferListenerAdapter - Downloading https://repo.maven.apache.org/maven2/org/apache/maven/plugins/maven-install-plugin/3.1.2/maven-install-plugin-3.1.2.jar
2025-06-06 10:42:05,655 [Worker-4: Updating Maven Project] INFO  o.e.m.c.i.e.AbstractTransferListenerAdapter - Downloaded https://repo.maven.apache.org/maven2/org/apache/maven/plugins/maven-install-plugin/3.1.2/maven-install-plugin-3.1.2.jar
2025-06-06 10:42:05,663 [Worker-4: Updating Maven Project] INFO  o.e.m.c.i.e.AbstractTransferListenerAdapter - Downloading https://repo.maven.apache.org/maven2/org/apache/maven/plugins/maven-deploy-plugin/3.1.2/maven-deploy-plugin-3.1.2.jar
2025-06-06 10:42:05,669 [Worker-4: Updating Maven Project] INFO  o.e.m.c.i.e.AbstractTransferListenerAdapter - Downloaded https://repo.maven.apache.org/maven2/org/apache/maven/plugins/maven-deploy-plugin/3.1.2/maven-deploy-plugin-3.1.2.jar
2025-06-06 10:42:05,733 [Worker-4: Updating Maven Project] INFO  o.e.m.c.i.e.AbstractTransferListenerAdapter - Downloading https://repo.maven.apache.org/maven2/org/apache/maven/shared/maven-shared-utils/3.4.2/maven-shared-utils-3.4.2.pom
2025-06-06 10:42:05,736 [Worker-4: Updating Maven Project] INFO  o.e.m.c.i.e.AbstractTransferListenerAdapter - Downloaded https://repo.maven.apache.org/maven2/org/apache/maven/shared/maven-shared-utils/3.4.2/maven-shared-utils-3.4.2.pom
2025-06-06 10:42:05,745 [Worker-4: Updating Maven Project] INFO  o.e.m.c.i.e.AbstractTransferListenerAdapter - Downloading https://repo.maven.apache.org/maven2/org/apache/maven/shared/maven-shared-components/39/maven-shared-components-39.pom
2025-06-06 10:42:05,748 [Worker-4: Updating Maven Project] INFO  o.e.m.c.i.e.AbstractTransferListenerAdapter - Downloaded https://repo.maven.apache.org/maven2/org/apache/maven/shared/maven-shared-components/39/maven-shared-components-39.pom
2025-06-06 10:42:05,799 [Worker-4: Updating Maven Project] INFO  o.e.m.c.i.e.AbstractTransferListenerAdapter - Downloading https://repo.maven.apache.org/maven2/org/codehaus/plexus/plexus-java/1.2.0/plexus-java-1.2.0.pom
2025-06-06 10:42:05,804 [Worker-4: Updating Maven Project] INFO  o.e.m.c.i.e.AbstractTransferListenerAdapter - Downloaded https://repo.maven.apache.org/maven2/org/codehaus/plexus/plexus-java/1.2.0/plexus-java-1.2.0.pom
2025-06-06 10:42:05,814 [Worker-4: Updating Maven Project] INFO  o.e.m.c.i.e.AbstractTransferListenerAdapter - Downloading https://repo.maven.apache.org/maven2/org/codehaus/plexus/plexus-languages/1.2.0/plexus-languages-1.2.0.pom
2025-06-06 10:42:05,818 [Worker-4: Updating Maven Project] INFO  o.e.m.c.i.e.AbstractTransferListenerAdapter - Downloaded https://repo.maven.apache.org/maven2/org/codehaus/plexus/plexus-languages/1.2.0/plexus-languages-1.2.0.pom
2025-06-06 10:42:05,826 [Worker-4: Updating Maven Project] INFO  o.e.m.c.i.e.AbstractTransferListenerAdapter - Downloading https://repo.maven.apache.org/maven2/org/codehaus/plexus/plexus/15/plexus-15.pom
2025-06-06 10:42:05,832 [Worker-4: Updating Maven Project] INFO  o.e.m.c.i.e.AbstractTransferListenerAdapter - Downloaded https://repo.maven.apache.org/maven2/org/codehaus/plexus/plexus/15/plexus-15.pom
2025-06-06 10:42:05,842 [Worker-4: Updating Maven Project] INFO  o.e.m.c.i.e.AbstractTransferListenerAdapter - Downloading https://repo.maven.apache.org/maven2/org/junit/junit-bom/5.10.0/junit-bom-5.10.0.pom
2025-06-06 10:42:05,846 [Worker-4: Updating Maven Project] INFO  o.e.m.c.i.e.AbstractTransferListenerAdapter - Downloaded https://repo.maven.apache.org/maven2/org/junit/junit-bom/5.10.0/junit-bom-5.10.0.pom
2025-06-06 10:42:05,855 [Worker-4: Updating Maven Project] INFO  o.e.m.c.i.e.AbstractTransferListenerAdapter - Downloading https://repo.maven.apache.org/maven2/org/ow2/asm/asm/9.6/asm-9.6.pom
2025-06-06 10:42:05,857 [Worker-4: Updating Maven Project] INFO  o.e.m.c.i.e.AbstractTransferListenerAdapter - Downloaded https://repo.maven.apache.org/maven2/org/ow2/asm/asm/9.6/asm-9.6.pom
2025-06-06 10:42:05,865 [Worker-4: Updating Maven Project] INFO  o.e.m.c.i.e.AbstractTransferListenerAdapter - Downloading https://repo.maven.apache.org/maven2/org/ow2/ow2/1.5.1/ow2-1.5.1.pom
2025-06-06 10:42:05,868 [Worker-4: Updating Maven Project] INFO  o.e.m.c.i.e.AbstractTransferListenerAdapter - Downloaded https://repo.maven.apache.org/maven2/org/ow2/ow2/1.5.1/ow2-1.5.1.pom
2025-06-06 10:42:05,876 [Worker-4: Updating Maven Project] INFO  o.e.m.c.i.e.AbstractTransferListenerAdapter - Downloading https://repo.maven.apache.org/maven2/com/thoughtworks/qdox/qdox/2.0.3/qdox-2.0.3.pom
2025-06-06 10:42:05,881 [Worker-4: Updating Maven Project] INFO  o.e.m.c.i.e.AbstractTransferListenerAdapter - Downloaded https://repo.maven.apache.org/maven2/com/thoughtworks/qdox/qdox/2.0.3/qdox-2.0.3.pom
2025-06-06 10:42:05,896 [Worker-4: Updating Maven Project] INFO  o.e.m.c.i.e.AbstractTransferListenerAdapter - Downloading https://repo.maven.apache.org/maven2/org/codehaus/plexus/plexus-compiler-api/2.15.0/plexus-compiler-api-2.15.0.pom
2025-06-06 10:42:05,899 [Worker-4: Updating Maven Project] INFO  o.e.m.c.i.e.AbstractTransferListenerAdapter - Downloaded https://repo.maven.apache.org/maven2/org/codehaus/plexus/plexus-compiler-api/2.15.0/plexus-compiler-api-2.15.0.pom
2025-06-06 10:42:05,913 [Worker-4: Updating Maven Project] INFO  o.e.m.c.i.e.AbstractTransferListenerAdapter - Downloading https://repo.maven.apache.org/maven2/org/codehaus/plexus/plexus-compiler/2.15.0/plexus-compiler-2.15.0.pom
2025-06-06 10:42:05,916 [Worker-4: Updating Maven Project] INFO  o.e.m.c.i.e.AbstractTransferListenerAdapter - Downloaded https://repo.maven.apache.org/maven2/org/codehaus/plexus/plexus-compiler/2.15.0/plexus-compiler-2.15.0.pom
2025-06-06 10:42:05,924 [Worker-4: Updating Maven Project] INFO  o.e.m.c.i.e.AbstractTransferListenerAdapter - Downloading https://repo.maven.apache.org/maven2/org/codehaus/plexus/plexus/17/plexus-17.pom
2025-06-06 10:42:05,928 [Worker-4: Updating Maven Project] INFO  o.e.m.c.i.e.AbstractTransferListenerAdapter - Downloaded https://repo.maven.apache.org/maven2/org/codehaus/plexus/plexus/17/plexus-17.pom
2025-06-06 10:42:05,942 [Worker-4: Updating Maven Project] INFO  o.e.m.c.i.e.AbstractTransferListenerAdapter - Downloading https://repo.maven.apache.org/maven2/org/codehaus/plexus/plexus-utils/4.0.0/plexus-utils-4.0.0.pom
2025-06-06 10:42:05,945 [Worker-4: Updating Maven Project] INFO  o.e.m.c.i.e.AbstractTransferListenerAdapter - Downloaded https://repo.maven.apache.org/maven2/org/codehaus/plexus/plexus-utils/4.0.0/plexus-utils-4.0.0.pom
2025-06-06 10:42:05,953 [Worker-4: Updating Maven Project] INFO  o.e.m.c.i.e.AbstractTransferListenerAdapter - Downloading https://repo.maven.apache.org/maven2/org/codehaus/plexus/plexus/13/plexus-13.pom
2025-06-06 10:42:05,957 [Worker-4: Updating Maven Project] INFO  o.e.m.c.i.e.AbstractTransferListenerAdapter - Downloaded https://repo.maven.apache.org/maven2/org/codehaus/plexus/plexus/13/plexus-13.pom
2025-06-06 10:42:05,966 [Worker-4: Updating Maven Project] INFO  o.e.m.c.i.e.AbstractTransferListenerAdapter - Downloading https://repo.maven.apache.org/maven2/org/junit/junit-bom/5.9.3/junit-bom-5.9.3.pom
2025-06-06 10:42:05,969 [Worker-4: Updating Maven Project] INFO  o.e.m.c.i.e.AbstractTransferListenerAdapter - Downloaded https://repo.maven.apache.org/maven2/org/junit/junit-bom/5.9.3/junit-bom-5.9.3.pom
2025-06-06 10:42:05,978 [Worker-4: Updating Maven Project] INFO  o.e.m.c.i.e.AbstractTransferListenerAdapter - Downloading https://repo.maven.apache.org/maven2/org/codehaus/plexus/plexus-compiler-manager/2.15.0/plexus-compiler-manager-2.15.0.pom
2025-06-06 10:42:05,980 [Worker-4: Updating Maven Project] INFO  o.e.m.c.i.e.AbstractTransferListenerAdapter - Downloaded https://repo.maven.apache.org/maven2/org/codehaus/plexus/plexus-compiler-manager/2.15.0/plexus-compiler-manager-2.15.0.pom
2025-06-06 10:42:05,994 [Worker-4: Updating Maven Project] INFO  o.e.m.c.i.e.AbstractTransferListenerAdapter - Downloading https://repo.maven.apache.org/maven2/org/codehaus/plexus/plexus-xml/3.0.0/plexus-xml-3.0.0.pom
2025-06-06 10:42:05,997 [Worker-4: Updating Maven Project] INFO  o.e.m.c.i.e.AbstractTransferListenerAdapter - Downloaded https://repo.maven.apache.org/maven2/org/codehaus/plexus/plexus-xml/3.0.0/plexus-xml-3.0.0.pom
2025-06-06 10:42:06,006 [Worker-4: Updating Maven Project] INFO  o.e.m.c.i.e.AbstractTransferListenerAdapter - Downloading https://repo.maven.apache.org/maven2/org/codehaus/plexus/plexus-compiler-javac/2.15.0/plexus-compiler-javac-2.15.0.pom
2025-06-06 10:42:06,010 [Worker-4: Updating Maven Project] INFO  o.e.m.c.i.e.AbstractTransferListenerAdapter - Downloaded https://repo.maven.apache.org/maven2/org/codehaus/plexus/plexus-compiler-javac/2.15.0/plexus-compiler-javac-2.15.0.pom
2025-06-06 10:42:06,018 [Worker-4: Updating Maven Project] INFO  o.e.m.c.i.e.AbstractTransferListenerAdapter - Downloading https://repo.maven.apache.org/maven2/org/codehaus/plexus/plexus-compilers/2.15.0/plexus-compilers-2.15.0.pom
2025-06-06 10:42:06,021 [Worker-4: Updating Maven Project] INFO  o.e.m.c.i.e.AbstractTransferListenerAdapter - Downloaded https://repo.maven.apache.org/maven2/org/codehaus/plexus/plexus-compilers/2.15.0/plexus-compilers-2.15.0.pom
2025-06-06 10:42:06,041 [Worker-4: Updating Maven Project] INFO  o.e.m.c.i.e.AbstractTransferListenerAdapter - Downloading https://repo.maven.apache.org/maven2/org/apache/maven/shared/maven-shared-utils/3.4.2/maven-shared-utils-3.4.2.jar
2025-06-06 10:42:06,049 [Worker-4: Updating Maven Project] INFO  o.e.m.c.i.e.AbstractTransferListenerAdapter - Downloaded https://repo.maven.apache.org/maven2/org/apache/maven/shared/maven-shared-utils/3.4.2/maven-shared-utils-3.4.2.jar
2025-06-06 10:42:06,055 [BasicRepositoryConnector-repo.maven.apache.org-0-1] INFO  o.e.m.c.i.e.AbstractTransferListenerAdapter - Downloading https://repo.maven.apache.org/maven2/org/ow2/asm/asm/9.6/asm-9.6.jar
2025-06-06 10:42:06,062 [BasicRepositoryConnector-repo.maven.apache.org-0-2] INFO  o.e.m.c.i.e.AbstractTransferListenerAdapter - Downloading https://repo.maven.apache.org/maven2/com/thoughtworks/qdox/qdox/2.0.3/qdox-2.0.3.jar
2025-06-06 10:42:06,063 [BasicRepositoryConnector-repo.maven.apache.org-0-1] INFO  o.e.m.c.i.e.AbstractTransferListenerAdapter - Downloaded https://repo.maven.apache.org/maven2/org/ow2/asm/asm/9.6/asm-9.6.jar
2025-06-06 10:42:06,064 [BasicRepositoryConnector-repo.maven.apache.org-0-4] INFO  o.e.m.c.i.e.AbstractTransferListenerAdapter - Downloading https://repo.maven.apache.org/maven2/org/codehaus/plexus/plexus-compiler-manager/2.15.0/plexus-compiler-manager-2.15.0.jar
2025-06-06 10:42:06,065 [BasicRepositoryConnector-repo.maven.apache.org-0-0] INFO  o.e.m.c.i.e.AbstractTransferListenerAdapter - Downloading https://repo.maven.apache.org/maven2/org/codehaus/plexus/plexus-java/1.2.0/plexus-java-1.2.0.jar
2025-06-06 10:42:06,066 [BasicRepositoryConnector-repo.maven.apache.org-0-3] INFO  o.e.m.c.i.e.AbstractTransferListenerAdapter - Downloading https://repo.maven.apache.org/maven2/org/codehaus/plexus/plexus-compiler-api/2.15.0/plexus-compiler-api-2.15.0.jar
2025-06-06 10:42:06,068 [BasicRepositoryConnector-repo.maven.apache.org-0-1] INFO  o.e.m.c.i.e.AbstractTransferListenerAdapter - Downloading https://repo.maven.apache.org/maven2/org/codehaus/plexus/plexus-xml/3.0.0/plexus-xml-3.0.0.jar
2025-06-06 10:42:06,068 [BasicRepositoryConnector-repo.maven.apache.org-0-4] INFO  o.e.m.c.i.e.AbstractTransferListenerAdapter - Downloaded https://repo.maven.apache.org/maven2/org/codehaus/plexus/plexus-compiler-manager/2.15.0/plexus-compiler-manager-2.15.0.jar
2025-06-06 10:42:06,072 [BasicRepositoryConnector-repo.maven.apache.org-0-4] INFO  o.e.m.c.i.e.AbstractTransferListenerAdapter - Downloading https://repo.maven.apache.org/maven2/org/codehaus/plexus/plexus-compiler-javac/2.15.0/plexus-compiler-javac-2.15.0.jar
2025-06-06 10:42:06,074 [BasicRepositoryConnector-repo.maven.apache.org-0-0] INFO  o.e.m.c.i.e.AbstractTransferListenerAdapter - Downloaded https://repo.maven.apache.org/maven2/org/codehaus/plexus/plexus-java/1.2.0/plexus-java-1.2.0.jar
2025-06-06 10:42:06,074 [BasicRepositoryConnector-repo.maven.apache.org-0-1] INFO  o.e.m.c.i.e.AbstractTransferListenerAdapter - Downloaded https://repo.maven.apache.org/maven2/org/codehaus/plexus/plexus-xml/3.0.0/plexus-xml-3.0.0.jar
2025-06-06 10:42:06,074 [BasicRepositoryConnector-repo.maven.apache.org-0-3] INFO  o.e.m.c.i.e.AbstractTransferListenerAdapter - Downloaded https://repo.maven.apache.org/maven2/org/codehaus/plexus/plexus-compiler-api/2.15.0/plexus-compiler-api-2.15.0.jar
2025-06-06 10:42:06,079 [BasicRepositoryConnector-repo.maven.apache.org-0-0] INFO  o.e.m.c.i.e.AbstractTransferListenerAdapter - Downloading https://repo.maven.apache.org/maven2/org/codehaus/plexus/plexus-utils/4.0.0/plexus-utils-4.0.0.jar
2025-06-06 10:42:06,079 [BasicRepositoryConnector-repo.maven.apache.org-0-4] INFO  o.e.m.c.i.e.AbstractTransferListenerAdapter - Downloaded https://repo.maven.apache.org/maven2/org/codehaus/plexus/plexus-compiler-javac/2.15.0/plexus-compiler-javac-2.15.0.jar
2025-06-06 10:42:06,079 [BasicRepositoryConnector-repo.maven.apache.org-0-2] INFO  o.e.m.c.i.e.AbstractTransferListenerAdapter - Downloaded https://repo.maven.apache.org/maven2/com/thoughtworks/qdox/qdox/2.0.3/qdox-2.0.3.jar
2025-06-06 10:42:06,086 [BasicRepositoryConnector-repo.maven.apache.org-0-0] INFO  o.e.m.c.i.e.AbstractTransferListenerAdapter - Downloaded https://repo.maven.apache.org/maven2/org/codehaus/plexus/plexus-utils/4.0.0/plexus-utils-4.0.0.jar
2025-06-06 10:42:06,216 [Worker-4: Updating Maven Project] INFO  o.e.m.c.i.l.LifecycleMappingFactory - Using org.eclipse.m2e.jdt.JarLifecycleMapping lifecycle mapping for MavenProject: org.cibertec:LPII_Sesion04_MV_GIT:0.0.1-SNAPSHOT @ F:\ARCHIVOS\INSTITUTO CIBERTEC CLASES\LENGUAJE DE PROGRAMACI脫N II\CLASES LPII\SESI脫N 04 LPII\LPII_Sesi贸n_04 - Sol\jpa_sesion02\jpa_sesion02\pom.xml.
2025-06-06 10:42:06,347 [Worker-4: Updating Maven Project] INFO  o.e.m.c.i.e.AbstractTransferListenerAdapter - Downloading https://repo.maven.apache.org/maven2/org/apache/maven/plugins/maven-surefire-plugin/3.2.5/maven-surefire-plugin-3.2.5.pom
2025-06-06 10:42:06,350 [Worker-4: Updating Maven Project] INFO  o.e.m.c.i.e.AbstractTransferListenerAdapter - Downloaded https://repo.maven.apache.org/maven2/org/apache/maven/plugins/maven-surefire-plugin/3.2.5/maven-surefire-plugin-3.2.5.pom
2025-06-06 10:42:06,358 [Worker-4: Updating Maven Project] INFO  o.e.m.c.i.e.AbstractTransferListenerAdapter - Downloading https://repo.maven.apache.org/maven2/org/apache/maven/surefire/surefire/3.2.5/surefire-3.2.5.pom
2025-06-06 10:42:06,364 [Worker-4: Updating Maven Project] INFO  o.e.m.c.i.e.AbstractTransferListenerAdapter - Downloaded https://repo.maven.apache.org/maven2/org/apache/maven/surefire/surefire/3.2.5/surefire-3.2.5.pom
2025-06-06 10:42:06,422 [Worker-4: Updating Maven Project] INFO  o.e.m.c.i.e.AbstractTransferListenerAdapter - Downloading https://repo.maven.apache.org/maven2/org/codehaus/plexus/plexus-utils/4.0.1/plexus-utils-4.0.1.pom
2025-06-06 10:42:06,426 [Worker-4: Updating Maven Project] INFO  o.e.m.c.i.e.AbstractTransferListenerAdapter - Downloaded https://repo.maven.apache.org/maven2/org/codehaus/plexus/plexus-utils/4.0.1/plexus-utils-4.0.1.pom
2025-06-06 10:42:06,456 [Worker-4: Updating Maven Project] INFO  o.e.m.c.i.e.AbstractTransferListenerAdapter - Downloading https://repo.maven.apache.org/maven2/org/apache/maven/maven-archiver/3.6.2/maven-archiver-3.6.2.pom
2025-06-06 10:42:06,460 [Worker-4: Updating Maven Project] INFO  o.e.m.c.i.e.AbstractTransferListenerAdapter - Downloaded https://repo.maven.apache.org/maven2/org/apache/maven/maven-archiver/3.6.2/maven-archiver-3.6.2.pom
2025-06-06 10:42:06,468 [Worker-4: Updating Maven Project] INFO  o.e.m.c.i.e.AbstractTransferListenerAdapter - Downloading https://repo.maven.apache.org/maven2/org/apache/maven/shared/maven-shared-components/41/maven-shared-components-41.pom
2025-06-06 10:42:06,472 [Worker-4: Updating Maven Project] INFO  o.e.m.c.i.e.AbstractTransferListenerAdapter - Downloaded https://repo.maven.apache.org/maven2/org/apache/maven/shared/maven-shared-components/41/maven-shared-components-41.pom
2025-06-06 10:42:06,481 [Worker-4: Updating Maven Project] INFO  o.e.m.c.i.e.AbstractTransferListenerAdapter - Downloading https://repo.maven.apache.org/maven2/org/codehaus/plexus/plexus-archiver/4.9.2/plexus-archiver-4.9.2.pom
2025-06-06 10:42:06,485 [Worker-4: Updating Maven Project] INFO  o.e.m.c.i.e.AbstractTransferListenerAdapter - Downloaded https://repo.maven.apache.org/maven2/org/codehaus/plexus/plexus-archiver/4.9.2/plexus-archiver-4.9.2.pom
2025-06-06 10:42:06,495 [Worker-4: Updating Maven Project] INFO  o.e.m.c.i.e.AbstractTransferListenerAdapter - Downloading https://repo.maven.apache.org/maven2/org/codehaus/plexus/plexus-io/3.4.2/plexus-io-3.4.2.pom
2025-06-06 10:42:06,499 [Worker-4: Updating Maven Project] INFO  o.e.m.c.i.e.AbstractTransferListenerAdapter - Downloaded https://repo.maven.apache.org/maven2/org/codehaus/plexus/plexus-io/3.4.2/plexus-io-3.4.2.pom
2025-06-06 10:42:06,507 [Worker-4: Updating Maven Project] INFO  o.e.m.c.i.e.AbstractTransferListenerAdapter - Downloading https://repo.maven.apache.org/maven2/org/codehaus/plexus/plexus/16/plexus-16.pom
2025-06-06 10:42:06,513 [Worker-4: Updating Maven Project] INFO  o.e.m.c.i.e.AbstractTransferListenerAdapter - Downloaded https://repo.maven.apache.org/maven2/org/codehaus/plexus/plexus/16/plexus-16.pom
2025-06-06 10:42:06,529 [Worker-4: Updating Maven Project] INFO  o.e.m.c.i.e.AbstractTransferListenerAdapter - Downloading https://repo.maven.apache.org/maven2/org/junit/junit-bom/5.10.1/junit-bom-5.10.1.pom
2025-06-06 10:42:06,533 [Worker-4: Updating Maven Project] INFO  o.e.m.c.i.e.AbstractTransferListenerAdapter - Downloaded https://repo.maven.apache.org/maven2/org/junit/junit-bom/5.10.1/junit-bom-5.10.1.pom
2025-06-06 10:42:06,543 [Worker-4: Updating Maven Project] INFO  o.e.m.c.i.e.AbstractTransferListenerAdapter - Downloading https://repo.maven.apache.org/maven2/org/apache/commons/commons-compress/1.26.1/commons-compress-1.26.1.pom
2025-06-06 10:42:06,548 [Worker-4: Updating Maven Project] INFO  o.e.m.c.i.e.AbstractTransferListenerAdapter - Downloaded https://repo.maven.apache.org/maven2/org/apache/commons/commons-compress/1.26.1/commons-compress-1.26.1.pom
2025-06-06 10:42:06,558 [Worker-4: Updating Maven Project] INFO  o.e.m.c.i.e.AbstractTransferListenerAdapter - Downloading https://repo.maven.apache.org/maven2/org/apache/commons/commons-parent/66/commons-parent-66.pom
2025-06-06 10:42:06,564 [Worker-4: Updating Maven Project] INFO  o.e.m.c.i.e.AbstractTransferListenerAdapter - Downloaded https://repo.maven.apache.org/maven2/org/apache/commons/commons-parent/66/commons-parent-66.pom
2025-06-06 10:42:06,576 [Worker-4: Updating Maven Project] INFO  o.e.m.c.i.e.AbstractTransferListenerAdapter - Downloading https://repo.maven.apache.org/maven2/commons-codec/commons-codec/1.16.1/commons-codec-1.16.1.pom
2025-06-06 10:42:06,581 [Worker-4: Updating Maven Project] INFO  o.e.m.c.i.e.AbstractTransferListenerAdapter - Downloaded https://repo.maven.apache.org/maven2/commons-codec/commons-codec/1.16.1/commons-codec-1.16.1.pom
2025-06-06 10:42:06,591 [Worker-4: Updating Maven Project] INFO  o.e.m.c.i.e.AbstractTransferListenerAdapter - Downloading https://repo.maven.apache.org/maven2/org/apache/commons/commons-lang3/3.14.0/commons-lang3-3.14.0.pom
2025-06-06 10:42:06,594 [Worker-4: Updating Maven Project] INFO  o.e.m.c.i.e.AbstractTransferListenerAdapter - Downloaded https://repo.maven.apache.org/maven2/org/apache/commons/commons-lang3/3.14.0/commons-lang3-3.14.0.pom
2025-06-06 10:42:06,603 [Worker-4: Updating Maven Project] INFO  o.e.m.c.i.e.AbstractTransferListenerAdapter - Downloading https://repo.maven.apache.org/maven2/org/apache/commons/commons-parent/64/commons-parent-64.pom
2025-06-06 10:42:06,608 [Worker-4: Updating Maven Project] INFO  o.e.m.c.i.e.AbstractTransferListenerAdapter - Downloaded https://repo.maven.apache.org/maven2/org/apache/commons/commons-parent/64/commons-parent-64.pom
2025-06-06 10:42:06,617 [Worker-4: Updating Maven Project] INFO  o.e.m.c.i.e.AbstractTransferListenerAdapter - Downloading https://repo.maven.apache.org/maven2/org/apache/apache/30/apache-30.pom
2025-06-06 10:42:06,622 [Worker-4: Updating Maven Project] INFO  o.e.m.c.i.e.AbstractTransferListenerAdapter - Downloaded https://repo.maven.apache.org/maven2/org/apache/apache/30/apache-30.pom
2025-06-06 10:42:06,638 [Worker-4: Updating Maven Project] INFO  o.e.m.c.i.e.AbstractTransferListenerAdapter - Downloading https://repo.maven.apache.org/maven2/com/github/luben/zstd-jni/1.5.5-11/zstd-jni-1.5.5-11.pom
2025-06-06 10:42:06,641 [Worker-4: Updating Maven Project] INFO  o.e.m.c.i.e.AbstractTransferListenerAdapter - Downloaded https://repo.maven.apache.org/maven2/com/github/luben/zstd-jni/1.5.5-11/zstd-jni-1.5.5-11.pom
2025-06-06 10:42:06,649 [Worker-4: Updating Maven Project] INFO  o.e.m.c.i.e.AbstractTransferListenerAdapter - Downloading https://repo.maven.apache.org/maven2/org/codehaus/plexus/plexus-interpolation/1.27/plexus-interpolation-1.27.pom
2025-06-06 10:42:06,653 [Worker-4: Updating Maven Project] INFO  o.e.m.c.i.e.AbstractTransferListenerAdapter - Downloaded https://repo.maven.apache.org/maven2/org/codehaus/plexus/plexus-interpolation/1.27/plexus-interpolation-1.27.pom
2025-06-06 10:42:06,674 [Worker-4: Updating Maven Project] INFO  o.e.m.c.i.e.AbstractTransferListenerAdapter - Downloading https://repo.maven.apache.org/maven2/commons-io/commons-io/2.16.1/commons-io-2.16.1.jar
2025-06-06 10:42:06,690 [Worker-4: Updating Maven Project] INFO  o.e.m.c.i.e.AbstractTransferListenerAdapter - Downloaded https://repo.maven.apache.org/maven2/commons-io/commons-io/2.16.1/commons-io-2.16.1.jar
2025-06-06 10:42:06,695 [BasicRepositoryConnector-repo.maven.apache.org-1-1] INFO  o.e.m.c.i.e.AbstractTransferListenerAdapter - Downloading https://repo.maven.apache.org/maven2/org/codehaus/plexus/plexus-interpolation/1.27/plexus-interpolation-1.27.jar
2025-06-06 10:42:06,695 [BasicRepositoryConnector-repo.maven.apache.org-1-2] INFO  o.e.m.c.i.e.AbstractTransferListenerAdapter - Downloading https://repo.maven.apache.org/maven2/org/codehaus/plexus/plexus-utils/4.0.1/plexus-utils-4.0.1.jar
2025-06-06 10:42:06,696 [BasicRepositoryConnector-repo.maven.apache.org-1-3] INFO  o.e.m.c.i.e.AbstractTransferListenerAdapter - Downloading https://repo.maven.apache.org/maven2/org/codehaus/plexus/plexus-archiver/4.9.2/plexus-archiver-4.9.2.jar
2025-06-06 10:42:06,697 [BasicRepositoryConnector-repo.maven.apache.org-1-0] INFO  o.e.m.c.i.e.AbstractTransferListenerAdapter - Downloading https://repo.maven.apache.org/maven2/org/apache/maven/maven-archiver/3.6.2/maven-archiver-3.6.2.jar
2025-06-06 10:42:06,698 [BasicRepositoryConnector-repo.maven.apache.org-1-4] INFO  o.e.m.c.i.e.AbstractTransferListenerAdapter - Downloading https://repo.maven.apache.org/maven2/org/codehaus/plexus/plexus-io/3.4.2/plexus-io-3.4.2.jar
2025-06-06 10:42:06,702 [BasicRepositoryConnector-repo.maven.apache.org-1-0] INFO  o.e.m.c.i.e.AbstractTransferListenerAdapter - Downloaded https://repo.maven.apache.org/maven2/org/apache/maven/maven-archiver/3.6.2/maven-archiver-3.6.2.jar
2025-06-06 10:42:06,703 [BasicRepositoryConnector-repo.maven.apache.org-1-1] INFO  o.e.m.c.i.e.AbstractTransferListenerAdapter - Downloaded https://repo.maven.apache.org/maven2/org/codehaus/plexus/plexus-interpolation/1.27/plexus-interpolation-1.27.jar
2025-06-06 10:42:06,705 [BasicRepositoryConnector-repo.maven.apache.org-1-4] INFO  o.e.m.c.i.e.AbstractTransferListenerAdapter - Downloaded https://repo.maven.apache.org/maven2/org/codehaus/plexus/plexus-io/3.4.2/plexus-io-3.4.2.jar
2025-06-06 10:42:06,706 [BasicRepositoryConnector-repo.maven.apache.org-1-1] INFO  o.e.m.c.i.e.AbstractTransferListenerAdapter - Downloading https://repo.maven.apache.org/maven2/org/apache/commons/commons-lang3/3.14.0/commons-lang3-3.14.0.jar
2025-06-06 10:42:06,707 [BasicRepositoryConnector-repo.maven.apache.org-1-3] INFO  o.e.m.c.i.e.AbstractTransferListenerAdapter - Downloaded https://repo.maven.apache.org/maven2/org/codehaus/plexus/plexus-archiver/4.9.2/plexus-archiver-4.9.2.jar
2025-06-06 10:42:06,707 [BasicRepositoryConnector-repo.maven.apache.org-1-0] INFO  o.e.m.c.i.e.AbstractTransferListenerAdapter - Downloading https://repo.maven.apache.org/maven2/org/apache/commons/commons-compress/1.26.1/commons-compress-1.26.1.jar
2025-06-06 10:42:06,708 [BasicRepositoryConnector-repo.maven.apache.org-1-2] INFO  o.e.m.c.i.e.AbstractTransferListenerAdapter - Downloaded https://repo.maven.apache.org/maven2/org/codehaus/plexus/plexus-utils/4.0.1/plexus-utils-4.0.1.jar
2025-06-06 10:42:06,713 [BasicRepositoryConnector-repo.maven.apache.org-1-4] INFO  o.e.m.c.i.e.AbstractTransferListenerAdapter - Downloading https://repo.maven.apache.org/maven2/commons-codec/commons-codec/1.16.1/commons-codec-1.16.1.jar
2025-06-06 10:42:06,718 [BasicRepositoryConnector-repo.maven.apache.org-1-3] INFO  o.e.m.c.i.e.AbstractTransferListenerAdapter - Downloading https://repo.maven.apache.org/maven2/com/github/luben/zstd-jni/1.5.5-11/zstd-jni-1.5.5-11.jar
2025-06-06 10:42:06,727 [BasicRepositoryConnector-repo.maven.apache.org-1-1] INFO  o.e.m.c.i.e.AbstractTransferListenerAdapter - Downloaded https://repo.maven.apache.org/maven2/org/apache/commons/commons-lang3/3.14.0/commons-lang3-3.14.0.jar
2025-06-06 10:42:06,734 [BasicRepositoryConnector-repo.maven.apache.org-1-4] INFO  o.e.m.c.i.e.AbstractTransferListenerAdapter - Downloaded https://repo.maven.apache.org/maven2/commons-codec/commons-codec/1.16.1/commons-codec-1.16.1.jar
2025-06-06 10:42:06,741 [BasicRepositoryConnector-repo.maven.apache.org-1-0] INFO  o.e.m.c.i.e.AbstractTransferListenerAdapter - Downloaded https://repo.maven.apache.org/maven2/org/apache/commons/commons-compress/1.26.1/commons-compress-1.26.1.jar
2025-06-06 10:42:07,400 [BasicRepositoryConnector-repo.maven.apache.org-1-3] INFO  o.e.m.c.i.e.AbstractTransferListenerAdapter - Downloaded https://repo.maven.apache.org/maven2/com/github/luben/zstd-jni/1.5.5-11/zstd-jni-1.5.5-11.jar
2025-06-06 10:42:07,893 [Worker-4: Updating Maven Project] INFO  o.e.m.c.i.e.AbstractTransferListenerAdapter - Downloading https://repo.maven.apache.org/maven2/org/codehaus/plexus/plexus-utils/3.5.1/plexus-utils-3.5.1.pom
2025-06-06 10:42:07,897 [Worker-4: Updating Maven Project] INFO  o.e.m.c.i.e.AbstractTransferListenerAdapter - Downloaded https://repo.maven.apache.org/maven2/org/codehaus/plexus/plexus-utils/3.5.1/plexus-utils-3.5.1.pom
2025-06-06 10:42:07,912 [Worker-4: Updating Maven Project] INFO  o.e.m.c.i.e.AbstractTransferListenerAdapter - Downloading https://repo.maven.apache.org/maven2/org/apache/maven/shared/maven-filtering/3.3.1/maven-filtering-3.3.1.pom
2025-06-06 10:42:07,917 [Worker-4: Updating Maven Project] INFO  o.e.m.c.i.e.AbstractTransferListenerAdapter - Downloaded https://repo.maven.apache.org/maven2/org/apache/maven/shared/maven-filtering/3.3.1/maven-filtering-3.3.1.pom
2025-06-06 10:42:07,939 [Worker-4: Updating Maven Project] INFO  o.e.m.c.i.e.AbstractTransferListenerAdapter - Downloading https://repo.maven.apache.org/maven2/org/codehaus/plexus/plexus-utils/3.5.0/plexus-utils-3.5.0.pom
2025-06-06 10:42:07,945 [Worker-4: Updating Maven Project] INFO  o.e.m.c.i.e.AbstractTransferListenerAdapter - Downloaded https://repo.maven.apache.org/maven2/org/codehaus/plexus/plexus-utils/3.5.0/plexus-utils-3.5.0.pom
2025-06-06 10:42:07,973 [Worker-4: Updating Maven Project] INFO  o.e.m.c.i.e.AbstractTransferListenerAdapter - Downloading https://repo.maven.apache.org/maven2/org/codehaus/plexus/plexus-utils/3.5.1/plexus-utils-3.5.1.jar
2025-06-06 10:42:07,982 [Worker-4: Updating Maven Project] INFO  o.e.m.c.i.e.AbstractTransferListenerAdapter - Downloaded https://repo.maven.apache.org/maven2/org/codehaus/plexus/plexus-utils/3.5.1/plexus-utils-3.5.1.jar
2025-06-06 10:42:07,986 [BasicRepositoryConnector-repo.maven.apache.org-2-0] INFO  o.e.m.c.i.e.AbstractTransferListenerAdapter - Downloading https://repo.maven.apache.org/maven2/org/apache/maven/shared/maven-filtering/3.3.1/maven-filtering-3.3.1.jar
2025-06-06 10:42:07,990 [BasicRepositoryConnector-repo.maven.apache.org-2-0] INFO  o.e.m.c.i.e.AbstractTransferListenerAdapter - Downloaded https://repo.maven.apache.org/maven2/org/apache/maven/shared/maven-filtering/3.3.1/maven-filtering-3.3.1.jar
2025-06-06 10:42:08,031 [Worker-4: Updating Maven Project] INFO  o.e.m.j.i.AbstractJavaProjectConfigurator - Adding source folder /LPII_Sesion04_MV_GIT/src/main/java
2025-06-06 10:42:08,033 [Worker-4: Updating Maven Project] INFO  o.e.m.j.i.AbstractJavaProjectConfigurator - Adding resource folder /LPII_Sesion04_MV_GIT/src/main/resources
2025-06-06 10:42:08,034 [Worker-4: Updating Maven Project] INFO  o.e.m.j.i.AbstractJavaProjectConfigurator - Adding source folder /LPII_Sesion04_MV_GIT/src/test/java
2025-06-06 10:42:08,035 [Worker-4: Updating Maven Project] INFO  o.e.m.j.i.AbstractJavaProjectConfigurator - Adding resource folder /LPII_Sesion04_MV_GIT/src/test/resources
2025-06-06 10:42:08,451 [Worker-4: Updating Maven Project] INFO  o.e.m.c.i.p.ProjectConfigurationManager - Update completed for 1 poms: local refresh takes 0,00 sec, refresh facades takes 2,00 sec, update config takes 0,00 sec 
2025-06-06 10:42:08,802 [Worker-1: Download sources and javadoc] INFO  o.e.m.c.i.e.AbstractTransferListenerAdapter - Downloading https://repo.maven.apache.org/maven2/mysql/mysql-connector-java/8.0.28/mysql-connector-java-8.0.28-sources.jar
2025-06-06 10:42:08,835 [Worker-1: Download sources and javadoc] INFO  o.e.m.c.i.e.AbstractTransferListenerAdapter - Downloaded https://repo.maven.apache.org/maven2/mysql/mysql-connector-java/8.0.28/mysql-connector-java-8.0.28-sources.jar
2025-06-06 10:42:08,840 [Worker-1: Download sources and javadoc] INFO  o.e.m.j.internal.DownloadSourcesJob - Downloaded sources for mysql:mysql-connector-java:8.0.28
2025-06-06 10:42:08,858 [Worker-1: Download sources and javadoc] INFO  o.e.m.c.i.e.AbstractTransferListenerAdapter - Downloading https://repo.maven.apache.org/maven2/javax/persistence/javax.persistence-api/2.2/javax.persistence-api-2.2-sources.jar
2025-06-06 10:42:08,869 [Worker-1: Download sources and javadoc] INFO  o.e.m.c.i.e.AbstractTransferListenerAdapter - Downloaded https://repo.maven.apache.org/maven2/javax/persistence/javax.persistence-api/2.2/javax.persistence-api-2.2-sources.jar
2025-06-06 10:42:08,873 [Worker-1: Download sources and javadoc] INFO  o.e.m.j.internal.DownloadSourcesJob - Downloaded sources for javax.persistence:javax.persistence-api:2.2
2025-06-06 10:42:08,888 [Worker-1: Download sources and javadoc] INFO  o.e.m.c.i.e.AbstractTransferListenerAdapter - Downloading https://repo.maven.apache.org/maven2/org/hibernate/hibernate-core/5.4.4.Final/hibernate-core-5.4.4.Final-sources.jar
2025-06-06 10:42:09,067 [Worker-7: Building] INFO  o.a.m.s.f.DefaultMavenResourcesFiltering - Copying 1 resource from src\main\resources to target\classes
2025-06-06 10:42:09,109 [Worker-7: Building] INFO  o.a.m.s.f.DefaultMavenResourcesFiltering - skip non existing resourceDirectory F:\ARCHIVOS\INSTITUTO CIBERTEC CLASES\LENGUAJE DE PROGRAMACI脫N II\CLASES LPII\SESI脫N 04 LPII\LPII_Sesi贸n_04 - Sol\jpa_sesion02\jpa_sesion02\src\test\resources
2025-06-06 10:42:09,166 [Worker-1: Download sources and javadoc] INFO  o.e.m.c.i.e.AbstractTransferListenerAdapter - Downloaded https://repo.maven.apache.org/maven2/org/hibernate/hibernate-core/5.4.4.Final/hibernate-core-5.4.4.Final-sources.jar
2025-06-06 10:42:09,170 [Worker-1: Download sources and javadoc] INFO  o.e.m.j.internal.DownloadSourcesJob - Downloaded sources for org.hibernate:hibernate-core:5.4.4.Final
2025-06-06 10:42:09,187 [Worker-1: Download sources and javadoc] INFO  o.e.m.c.i.e.AbstractTransferListenerAdapter - Downloading https://repo.maven.apache.org/maven2/org/jboss/logging/jboss-logging/3.3.2.Final/jboss-logging-3.3.2.Final-sources.jar
2025-06-06 10:42:09,197 [Worker-1: Download sources and javadoc] INFO  o.e.m.c.i.e.AbstractTransferListenerAdapter - Downloaded https://repo.maven.apache.org/maven2/org/jboss/logging/jboss-logging/3.3.2.Final/jboss-logging-3.3.2.Final-sources.jar
2025-06-06 10:42:09,202 [Worker-1: Download sources and javadoc] INFO  o.e.m.j.internal.DownloadSourcesJob - Downloaded sources for org.jboss.logging:jboss-logging:3.3.2.Final
2025-06-06 10:42:09,221 [Worker-1: Download sources and javadoc] INFO  o.e.m.c.i.e.AbstractTransferListenerAdapter - Downloading https://repo.maven.apache.org/maven2/org/javassist/javassist/3.24.0-GA/javassist-3.24.0-GA-sources.jar
2025-06-06 10:42:09,259 [Worker-1: Download sources and javadoc] INFO  o.e.m.c.i.e.AbstractTransferListenerAdapter - Downloaded https://repo.maven.apache.org/maven2/org/javassist/javassist/3.24.0-GA/javassist-3.24.0-GA-sources.jar
2025-06-06 10:42:09,267 [Worker-1: Download sources and javadoc] INFO  o.e.m.j.internal.DownloadSourcesJob - Downloaded sources for org.javassist:javassist:3.24.0-GA
2025-06-06 10:42:09,289 [Worker-1: Download sources and javadoc] INFO  o.e.m.c.i.e.AbstractTransferListenerAdapter - Downloading https://repo.maven.apache.org/maven2/net/bytebuddy/byte-buddy/1.9.11/byte-buddy-1.9.11-sources.jar
2025-06-06 10:42:09,358 [Worker-1: Download sources and javadoc] INFO  o.e.m.c.i.e.AbstractTransferListenerAdapter - Downloaded https://repo.maven.apache.org/maven2/net/bytebuddy/byte-buddy/1.9.11/byte-buddy-1.9.11-sources.jar
2025-06-06 10:42:09,363 [Worker-1: Download sources and javadoc] INFO  o.e.m.j.internal.DownloadSourcesJob - Downloaded sources for net.bytebuddy:byte-buddy:1.9.11
2025-06-06 10:42:09,379 [Worker-1: Download sources and javadoc] INFO  o.e.m.c.i.e.AbstractTransferListenerAdapter - Downloaded https://repo.maven.apache.org/maven2/antlr/antlr/2.7.7/antlr-2.7.7-sources.jar
2025-06-06 10:42:09,382 [Worker-1: Download sources and javadoc] ERROR o.e.m.j.internal.DownloadSourcesJob - Could not download sources for antlr:antlr:2.7.7
org.eclipse.core.runtime.CoreException: Could not resolve artifact antlr:antlr:jar:sources:2.7.7
	at org.eclipse.m2e.core.internal.embedder.MavenImpl.lambda$7(MavenImpl.java:540)
	at org.eclipse.m2e.core.internal.embedder.MavenExecutionContext.executeBare(MavenExecutionContext.java:458)
	at org.eclipse.m2e.core.internal.embedder.MavenExecutionContext.execute(MavenExecutionContext.java:292)
	at org.eclipse.m2e.core.internal.embedder.MavenExecutionContext.execute(MavenExecutionContext.java:278)
	at org.eclipse.m2e.core.internal.embedder.MavenImpl.resolve(MavenImpl.java:509)
	at org.eclipse.m2e.core.internal.embedder.MavenImpl.resolve(MavenImpl.java:494)
	at org.eclipse.m2e.jdt.internal.DownloadSourcesJob.download(DownloadSourcesJob.java:308)
	at org.eclipse.m2e.jdt.internal.DownloadSourcesJob.downloadAttachments(DownloadSourcesJob.java:282)
	at org.eclipse.m2e.jdt.internal.DownloadSourcesJob.downloadMaven(DownloadSourcesJob.java:252)
	at org.eclipse.m2e.jdt.internal.DownloadSourcesJob.downloadFilesAndPopulateToUpdate(DownloadSourcesJob.java:220)
	at org.eclipse.m2e.jdt.internal.DownloadSourcesJob.lambda$0(DownloadSourcesJob.java:149)
	at org.eclipse.m2e.core.internal.embedder.MavenExecutionContext.executeBare(MavenExecutionContext.java:458)
	at org.eclipse.m2e.core.internal.embedder.MavenExecutionContext.execute(MavenExecutionContext.java:339)
	at org.eclipse.m2e.core.internal.embedder.MavenExecutionContext.execute(MavenExecutionContext.java:278)
	at org.eclipse.m2e.core.embedder.IMaven.execute(IMaven.java:300)
	at org.eclipse.m2e.jdt.internal.DownloadSourcesJob.run(DownloadSourcesJob.java:149)
	at org.eclipse.core.internal.jobs.Worker.run(Worker.java:63)
2025-06-06 10:42:09,419 [Worker-1: Download sources and javadoc] INFO  o.e.m.c.i.e.AbstractTransferListenerAdapter - Downloading https://repo.maven.apache.org/maven2/org/jboss/spec/javax/transaction/jboss-transaction-api_1.2_spec/1.1.1.Final/jboss-transaction-api_1.2_spec-1.1.1.Final-sources.jar
2025-06-06 10:42:09,424 [Worker-1: Download sources and javadoc] INFO  o.e.m.c.i.e.AbstractTransferListenerAdapter - Downloaded https://repo.maven.apache.org/maven2/org/jboss/spec/javax/transaction/jboss-transaction-api_1.2_spec/1.1.1.Final/jboss-transaction-api_1.2_spec-1.1.1.Final-sources.jar
2025-06-06 10:42:09,428 [Worker-1: Download sources and javadoc] INFO  o.e.m.j.internal.DownloadSourcesJob - Downloaded sources for org.jboss.spec.javax.transaction:jboss-transaction-api_1.2_spec:1.1.1.Final
2025-06-06 10:42:09,446 [Worker-1: Download sources and javadoc] INFO  o.e.m.c.i.e.AbstractTransferListenerAdapter - Downloading https://repo.maven.apache.org/maven2/org/jboss/jandex/2.0.5.Final/jandex-2.0.5.Final-sources.jar
2025-06-06 10:42:09,453 [Worker-1: Download sources and javadoc] INFO  o.e.m.c.i.e.AbstractTransferListenerAdapter - Downloaded https://repo.maven.apache.org/maven2/org/jboss/jandex/2.0.5.Final/jandex-2.0.5.Final-sources.jar
2025-06-06 10:42:09,457 [Worker-1: Download sources and javadoc] INFO  o.e.m.j.internal.DownloadSourcesJob - Downloaded sources for org.jboss:jandex:2.0.5.Final
2025-06-06 10:42:09,475 [Worker-1: Download sources and javadoc] INFO  o.e.m.c.i.e.AbstractTransferListenerAdapter - Downloading https://repo.maven.apache.org/maven2/com/fasterxml/classmate/1.3.4/classmate-1.3.4-sources.jar
2025-06-06 10:42:09,480 [Worker-1: Download sources and javadoc] INFO  o.e.m.c.i.e.AbstractTransferListenerAdapter - Downloaded https://repo.maven.apache.org/maven2/com/fasterxml/classmate/1.3.4/classmate-1.3.4-sources.jar
2025-06-06 10:42:09,484 [Worker-1: Download sources and javadoc] INFO  o.e.m.j.internal.DownloadSourcesJob - Downloaded sources for com.fasterxml:classmate:1.3.4
2025-06-06 10:42:09,502 [Worker-1: Download sources and javadoc] INFO  o.e.m.c.i.e.AbstractTransferListenerAdapter - Downloading https://repo.maven.apache.org/maven2/javax/activation/javax.activation-api/1.2.0/javax.activation-api-1.2.0-sources.jar
2025-06-06 10:42:09,508 [Worker-1: Download sources and javadoc] INFO  o.e.m.c.i.e.AbstractTransferListenerAdapter - Downloaded https://repo.maven.apache.org/maven2/javax/activation/javax.activation-api/1.2.0/javax.activation-api-1.2.0-sources.jar
2025-06-06 10:42:09,512 [Worker-1: Download sources and javadoc] INFO  o.e.m.j.internal.DownloadSourcesJob - Downloaded sources for javax.activation:javax.activation-api:1.2.0
2025-06-06 10:42:09,528 [Worker-1: Download sources and javadoc] INFO  o.e.m.c.i.e.AbstractTransferListenerAdapter - Downloading https://repo.maven.apache.org/maven2/org/dom4j/dom4j/2.1.1/dom4j-2.1.1-sources.jar
2025-06-06 10:42:09,541 [Worker-1: Download sources and javadoc] INFO  o.e.m.c.i.e.AbstractTransferListenerAdapter - Downloaded https://repo.maven.apache.org/maven2/org/dom4j/dom4j/2.1.1/dom4j-2.1.1-sources.jar
2025-06-06 10:42:09,545 [Worker-1: Download sources and javadoc] INFO  o.e.m.j.internal.DownloadSourcesJob - Downloaded sources for org.dom4j:dom4j:2.1.1
2025-06-06 10:42:09,561 [Worker-1: Download sources and javadoc] INFO  o.e.m.c.i.e.AbstractTransferListenerAdapter - Downloading https://repo.maven.apache.org/maven2/org/hibernate/common/hibernate-commons-annotations/5.1.0.Final/hibernate-commons-annotations-5.1.0.Final-sources.jar
2025-06-06 10:42:09,567 [Worker-1: Download sources and javadoc] INFO  o.e.m.c.i.e.AbstractTransferListenerAdapter - Downloaded https://repo.maven.apache.org/maven2/org/hibernate/common/hibernate-commons-annotations/5.1.0.Final/hibernate-commons-annotations-5.1.0.Final-sources.jar
2025-06-06 10:42:09,571 [Worker-1: Download sources and javadoc] INFO  o.e.m.j.internal.DownloadSourcesJob - Downloaded sources for org.hibernate.common:hibernate-commons-annotations:5.1.0.Final
2025-06-06 10:42:09,586 [Worker-1: Download sources and javadoc] INFO  o.e.m.c.i.e.AbstractTransferListenerAdapter - Downloading https://repo.maven.apache.org/maven2/javax/xml/bind/jaxb-api/2.3.1/jaxb-api-2.3.1-sources.jar
2025-06-06 10:42:09,597 [Worker-1: Download sources and javadoc] INFO  o.e.m.c.i.e.AbstractTransferListenerAdapter - Downloaded https://repo.maven.apache.org/maven2/javax/xml/bind/jaxb-api/2.3.1/jaxb-api-2.3.1-sources.jar
2025-06-06 10:42:09,601 [Worker-1: Download sources and javadoc] INFO  o.e.m.j.internal.DownloadSourcesJob - Downloaded sources for javax.xml.bind:jaxb-api:2.3.1
2025-06-06 10:42:09,618 [Worker-1: Download sources and javadoc] INFO  o.e.m.c.i.e.AbstractTransferListenerAdapter - Downloading https://repo.maven.apache.org/maven2/org/glassfish/jaxb/jaxb-runtime/2.3.1/jaxb-runtime-2.3.1-sources.jar
2025-06-06 10:42:09,642 [Worker-1: Download sources and javadoc] INFO  o.e.m.c.i.e.AbstractTransferListenerAdapter - Downloaded https://repo.maven.apache.org/maven2/org/glassfish/jaxb/jaxb-runtime/2.3.1/jaxb-runtime-2.3.1-sources.jar
2025-06-06 10:42:09,646 [Worker-1: Download sources and javadoc] INFO  o.e.m.j.internal.DownloadSourcesJob - Downloaded sources for org.glassfish.jaxb:jaxb-runtime:2.3.1
2025-06-06 10:42:09,672 [Worker-1: Download sources and javadoc] INFO  o.e.m.c.i.e.AbstractTransferListenerAdapter - Downloading https://repo.maven.apache.org/maven2/org/glassfish/jaxb/txw2/2.3.1/txw2-2.3.1-sources.jar
2025-06-06 10:42:09,679 [Worker-1: Download sources and javadoc] INFO  o.e.m.c.i.e.AbstractTransferListenerAdapter - Downloaded https://repo.maven.apache.org/maven2/org/glassfish/jaxb/txw2/2.3.1/txw2-2.3.1-sources.jar
2025-06-06 10:42:09,683 [Worker-1: Download sources and javadoc] INFO  o.e.m.j.internal.DownloadSourcesJob - Downloaded sources for org.glassfish.jaxb:txw2:2.3.1
2025-06-06 10:42:09,700 [Worker-1: Download sources and javadoc] INFO  o.e.m.c.i.e.AbstractTransferListenerAdapter - Downloading https://repo.maven.apache.org/maven2/com/sun/istack/istack-commons-runtime/3.0.7/istack-commons-runtime-3.0.7-sources.jar
2025-06-06 10:42:09,706 [Worker-1: Download sources and javadoc] INFO  o.e.m.c.i.e.AbstractTransferListenerAdapter - Downloaded https://repo.maven.apache.org/maven2/com/sun/istack/istack-commons-runtime/3.0.7/istack-commons-runtime-3.0.7-sources.jar
2025-06-06 10:42:09,709 [Worker-1: Download sources and javadoc] INFO  o.e.m.j.internal.DownloadSourcesJob - Downloaded sources for com.sun.istack:istack-commons-runtime:3.0.7
2025-06-06 10:42:09,725 [Worker-1: Download sources and javadoc] INFO  o.e.m.c.i.e.AbstractTransferListenerAdapter - Downloading https://repo.maven.apache.org/maven2/org/jvnet/staxex/stax-ex/1.8/stax-ex-1.8-sources.jar
2025-06-06 10:42:09,731 [Worker-1: Download sources and javadoc] INFO  o.e.m.c.i.e.AbstractTransferListenerAdapter - Downloaded https://repo.maven.apache.org/maven2/org/jvnet/staxex/stax-ex/1.8/stax-ex-1.8-sources.jar
2025-06-06 10:42:09,734 [Worker-1: Download sources and javadoc] INFO  o.e.m.j.internal.DownloadSourcesJob - Downloaded sources for org.jvnet.staxex:stax-ex:1.8
2025-06-06 10:42:09,749 [Worker-1: Download sources and javadoc] INFO  o.e.m.c.i.e.AbstractTransferListenerAdapter - Downloading https://repo.maven.apache.org/maven2/com/sun/xml/fastinfoset/FastInfoset/1.2.15/FastInfoset-1.2.15-sources.jar
2025-06-06 10:42:09,758 [Worker-1: Download sources and javadoc] INFO  o.e.m.c.i.e.AbstractTransferListenerAdapter - Downloaded https://repo.maven.apache.org/maven2/com/sun/xml/fastinfoset/FastInfoset/1.2.15/FastInfoset-1.2.15-sources.jar
2025-06-06 10:42:09,763 [Worker-1: Download sources and javadoc] INFO  o.e.m.j.internal.DownloadSourcesJob - Downloaded sources for com.sun.xml.fastinfoset:FastInfoset:1.2.15
2025-06-06 10:42:09,777 [Worker-1: Download sources and javadoc] INFO  o.e.m.c.i.e.AbstractTransferListenerAdapter - Downloading https://repo.maven.apache.org/maven2/org/hibernate/hibernate-entitymanager/5.4.4.Final/hibernate-entitymanager-5.4.4.Final-sources.jar
2025-06-06 10:42:09,781 [Worker-1: Download sources and javadoc] INFO  o.e.m.c.i.e.AbstractTransferListenerAdapter - Downloaded https://repo.maven.apache.org/maven2/org/hibernate/hibernate-entitymanager/5.4.4.Final/hibernate-entitymanager-5.4.4.Final-sources.jar
2025-06-06 10:42:09,785 [Worker-1: Download sources and javadoc] INFO  o.e.m.j.internal.DownloadSourcesJob - Downloaded sources for org.hibernate:hibernate-entitymanager:5.4.4.Final
2025-06-06 10:45:27,425 [Worker-9: Launching Executing clean in F__ARCHIVOS_INSTITUTO CIBERTEC CLASES_LENGUAJE DE PROGRAMACI脫N II_CLASES LPII_SESI脫N 04 LPII_LPII_Sesi贸n_04 - Sol_jpa_sesion02_jpa_sesion02] INFO  o.eclipse.m2e.core.internal.Bundles - getClasspathEntries(Bundle=org.eclipse.m2e.maven.runtime_3.9.900.20240824-1409 [364])
2025-06-06 10:45:27,426 [Worker-9: Launching Executing clean in F__ARCHIVOS_INSTITUTO CIBERTEC CLASES_LENGUAJE DE PROGRAMACI脫N II_CLASES LPII_SESI脫N 04 LPII_LPII_Sesi贸n_04 - Sol_jpa_sesion02_jpa_sesion02] INFO  o.eclipse.m2e.core.internal.Bundles - 	Entry: E:\Eclipse\SpringToolSuite4\plugins\org.eclipse.m2e.maven.runtime_3.9.900.20240824-1409
2025-06-06 10:45:27,426 [Worker-9: Launching Executing clean in F__ARCHIVOS_INSTITUTO CIBERTEC CLASES_LENGUAJE DE PROGRAMACI脫N II_CLASES LPII_SESI脫N 04 LPII_LPII_Sesi贸n_04 - Sol_jpa_sesion02_jpa_sesion02] INFO  o.eclipse.m2e.core.internal.Bundles - 	Entry: E:\Eclipse\SpringToolSuite4\plugins\org.eclipse.m2e.maven.runtime_3.9.900.20240824-1409\jars\aopalliance-1.0.jar
2025-06-06 10:45:27,426 [Worker-9: Launching Executing clean in F__ARCHIVOS_INSTITUTO CIBERTEC CLASES_LENGUAJE DE PROGRAMACI脫N II_CLASES LPII_SESI脫N 04 LPII_LPII_Sesi贸n_04 - Sol_jpa_sesion02_jpa_sesion02] INFO  o.eclipse.m2e.core.internal.Bundles - 	Entry: E:\Eclipse\SpringToolSuite4\plugins\org.eclipse.m2e.maven.runtime_3.9.900.20240824-1409\jars\guice-5.1.0.jar
2025-06-06 10:45:27,426 [Worker-9: Launching Executing clean in F__ARCHIVOS_INSTITUTO CIBERTEC CLASES_LENGUAJE DE PROGRAMACI脫N II_CLASES LPII_SESI脫N 04 LPII_LPII_Sesi贸n_04 - Sol_jpa_sesion02_jpa_sesion02] INFO  o.eclipse.m2e.core.internal.Bundles - 	Entry: E:\Eclipse\SpringToolSuite4\plugins\org.eclipse.m2e.maven.runtime_3.9.900.20240824-1409\jars\httpclient-4.5.14.jar
2025-06-06 10:45:27,426 [Worker-9: Launching Executing clean in F__ARCHIVOS_INSTITUTO CIBERTEC CLASES_LENGUAJE DE PROGRAMACI脫N II_CLASES LPII_SESI脫N 04 LPII_LPII_Sesi贸n_04 - Sol_jpa_sesion02_jpa_sesion02] INFO  o.eclipse.m2e.core.internal.Bundles - 	Entry: E:\Eclipse\SpringToolSuite4\plugins\org.eclipse.m2e.maven.runtime_3.9.900.20240824-1409\jars\httpcore-4.4.16.jar
2025-06-06 10:45:27,426 [Worker-9: Launching Executing clean in F__ARCHIVOS_INSTITUTO CIBERTEC CLASES_LENGUAJE DE PROGRAMACI脫N II_CLASES LPII_SESI脫N 04 LPII_LPII_Sesi贸n_04 - Sol_jpa_sesion02_jpa_sesion02] INFO  o.eclipse.m2e.core.internal.Bundles - 	Entry: E:\Eclipse\SpringToolSuite4\plugins\org.eclipse.m2e.maven.runtime_3.9.900.20240824-1409\jars\jansi-2.4.1.jar
2025-06-06 10:45:27,426 [Worker-9: Launching Executing clean in F__ARCHIVOS_INSTITUTO CIBERTEC CLASES_LENGUAJE DE PROGRAMACI脫N II_CLASES LPII_SESI脫N 04 LPII_LPII_Sesi贸n_04 - Sol_jpa_sesion02_jpa_sesion02] INFO  o.eclipse.m2e.core.internal.Bundles - 	Entry: E:\Eclipse\SpringToolSuite4\plugins\org.eclipse.m2e.maven.runtime_3.9.900.20240824-1409\jars\jcl-over-slf4j-1.7.36.jar
2025-06-06 10:45:27,426 [Worker-9: Launching Executing clean in F__ARCHIVOS_INSTITUTO CIBERTEC CLASES_LENGUAJE DE PROGRAMACI脫N II_CLASES LPII_SESI脫N 04 LPII_LPII_Sesi贸n_04 - Sol_jpa_sesion02_jpa_sesion02] INFO  o.eclipse.m2e.core.internal.Bundles - 	Entry: E:\Eclipse\SpringToolSuite4\plugins\org.eclipse.m2e.maven.runtime_3.9.900.20240824-1409\jars\maven-artifact-3.9.9.jar
2025-06-06 10:45:27,426 [Worker-9: Launching Executing clean in F__ARCHIVOS_INSTITUTO CIBERTEC CLASES_LENGUAJE DE PROGRAMACI脫N II_CLASES LPII_SESI脫N 04 LPII_LPII_Sesi贸n_04 - Sol_jpa_sesion02_jpa_sesion02] INFO  o.eclipse.m2e.core.internal.Bundles - 	Entry: E:\Eclipse\SpringToolSuite4\plugins\org.eclipse.m2e.maven.runtime_3.9.900.20240824-1409\jars\maven-builder-support-3.9.9.jar
2025-06-06 10:45:27,427 [Worker-9: Launching Executing clean in F__ARCHIVOS_INSTITUTO CIBERTEC CLASES_LENGUAJE DE PROGRAMACI脫N II_CLASES LPII_SESI脫N 04 LPII_LPII_Sesi贸n_04 - Sol_jpa_sesion02_jpa_sesion02] INFO  o.eclipse.m2e.core.internal.Bundles - 	Entry: E:\Eclipse\SpringToolSuite4\plugins\org.eclipse.m2e.maven.runtime_3.9.900.20240824-1409\jars\maven-compat-3.9.9.jar
2025-06-06 10:45:27,427 [Worker-9: Launching Executing clean in F__ARCHIVOS_INSTITUTO CIBERTEC CLASES_LENGUAJE DE PROGRAMACI脫N II_CLASES LPII_SESI脫N 04 LPII_LPII_Sesi贸n_04 - Sol_jpa_sesion02_jpa_sesion02] INFO  o.eclipse.m2e.core.internal.Bundles - 	Entry: E:\Eclipse\SpringToolSuite4\plugins\org.eclipse.m2e.maven.runtime_3.9.900.20240824-1409\jars\maven-core-3.9.9.jar
2025-06-06 10:45:27,427 [Worker-9: Launching Executing clean in F__ARCHIVOS_INSTITUTO CIBERTEC CLASES_LENGUAJE DE PROGRAMACI脫N II_CLASES LPII_SESI脫N 04 LPII_LPII_Sesi贸n_04 - Sol_jpa_sesion02_jpa_sesion02] INFO  o.eclipse.m2e.core.internal.Bundles - 	Entry: E:\Eclipse\SpringToolSuite4\plugins\org.eclipse.m2e.maven.runtime_3.9.900.20240824-1409\jars\maven-embedder-3.9.9.jar
2025-06-06 10:45:27,427 [Worker-9: Launching Executing clean in F__ARCHIVOS_INSTITUTO CIBERTEC CLASES_LENGUAJE DE PROGRAMACI脫N II_CLASES LPII_SESI脫N 04 LPII_LPII_Sesi贸n_04 - Sol_jpa_sesion02_jpa_sesion02] INFO  o.eclipse.m2e.core.internal.Bundles - 	Entry: E:\Eclipse\SpringToolSuite4\plugins\org.eclipse.m2e.maven.runtime_3.9.900.20240824-1409\jars\maven-model-3.9.9.jar
2025-06-06 10:45:27,427 [Worker-9: Launching Executing clean in F__ARCHIVOS_INSTITUTO CIBERTEC CLASES_LENGUAJE DE PROGRAMACI脫N II_CLASES LPII_SESI脫N 04 LPII_LPII_Sesi贸n_04 - Sol_jpa_sesion02_jpa_sesion02] INFO  o.eclipse.m2e.core.internal.Bundles - 	Entry: E:\Eclipse\SpringToolSuite4\plugins\org.eclipse.m2e.maven.runtime_3.9.900.20240824-1409\jars\maven-model-builder-3.9.9.jar
2025-06-06 10:45:27,427 [Worker-9: Launching Executing clean in F__ARCHIVOS_INSTITUTO CIBERTEC CLASES_LENGUAJE DE PROGRAMACI脫N II_CLASES LPII_SESI脫N 04 LPII_LPII_Sesi贸n_04 - Sol_jpa_sesion02_jpa_sesion02] INFO  o.eclipse.m2e.core.internal.Bundles - 	Entry: E:\Eclipse\SpringToolSuite4\plugins\org.eclipse.m2e.maven.runtime_3.9.900.20240824-1409\jars\maven-plugin-api-3.9.9.jar
2025-06-06 10:45:27,427 [Worker-9: Launching Executing clean in F__ARCHIVOS_INSTITUTO CIBERTEC CLASES_LENGUAJE DE PROGRAMACI脫N II_CLASES LPII_SESI脫N 04 LPII_LPII_Sesi贸n_04 - Sol_jpa_sesion02_jpa_sesion02] INFO  o.eclipse.m2e.core.internal.Bundles - 	Entry: E:\Eclipse\SpringToolSuite4\plugins\org.eclipse.m2e.maven.runtime_3.9.900.20240824-1409\jars\maven-repository-metadata-3.9.9.jar
2025-06-06 10:45:27,427 [Worker-9: Launching Executing clean in F__ARCHIVOS_INSTITUTO CIBERTEC CLASES_LENGUAJE DE PROGRAMACI脫N II_CLASES LPII_SESI脫N 04 LPII_LPII_Sesi贸n_04 - Sol_jpa_sesion02_jpa_sesion02] INFO  o.eclipse.m2e.core.internal.Bundles - 	Entry: E:\Eclipse\SpringToolSuite4\plugins\org.eclipse.m2e.maven.runtime_3.9.900.20240824-1409\jars\maven-resolver-api-1.9.22.jar
2025-06-06 10:45:27,427 [Worker-9: Launching Executing clean in F__ARCHIVOS_INSTITUTO CIBERTEC CLASES_LENGUAJE DE PROGRAMACI脫N II_CLASES LPII_SESI脫N 04 LPII_LPII_Sesi贸n_04 - Sol_jpa_sesion02_jpa_sesion02] INFO  o.eclipse.m2e.core.internal.Bundles - 	Entry: E:\Eclipse\SpringToolSuite4\plugins\org.eclipse.m2e.maven.runtime_3.9.900.20240824-1409\jars\maven-resolver-connector-basic-1.9.22.jar
2025-06-06 10:45:27,427 [Worker-9: Launching Executing clean in F__ARCHIVOS_INSTITUTO CIBERTEC CLASES_LENGUAJE DE PROGRAMACI脫N II_CLASES LPII_SESI脫N 04 LPII_LPII_Sesi贸n_04 - Sol_jpa_sesion02_jpa_sesion02] INFO  o.eclipse.m2e.core.internal.Bundles - 	Entry: E:\Eclipse\SpringToolSuite4\plugins\org.eclipse.m2e.maven.runtime_3.9.900.20240824-1409\jars\maven-resolver-impl-1.9.22.jar
2025-06-06 10:45:27,427 [Worker-9: Launching Executing clean in F__ARCHIVOS_INSTITUTO CIBERTEC CLASES_LENGUAJE DE PROGRAMACI脫N II_CLASES LPII_SESI脫N 04 LPII_LPII_Sesi贸n_04 - Sol_jpa_sesion02_jpa_sesion02] INFO  o.eclipse.m2e.core.internal.Bundles - 	Entry: E:\Eclipse\SpringToolSuite4\plugins\org.eclipse.m2e.maven.runtime_3.9.900.20240824-1409\jars\maven-resolver-named-locks-1.9.22.jar
2025-06-06 10:45:27,427 [Worker-9: Launching Executing clean in F__ARCHIVOS_INSTITUTO CIBERTEC CLASES_LENGUAJE DE PROGRAMACI脫N II_CLASES LPII_SESI脫N 04 LPII_LPII_Sesi贸n_04 - Sol_jpa_sesion02_jpa_sesion02] INFO  o.eclipse.m2e.core.internal.Bundles - 	Entry: E:\Eclipse\SpringToolSuite4\plugins\org.eclipse.m2e.maven.runtime_3.9.900.20240824-1409\jars\maven-resolver-provider-3.9.9.jar
2025-06-06 10:45:27,427 [Worker-9: Launching Executing clean in F__ARCHIVOS_INSTITUTO CIBERTEC CLASES_LENGUAJE DE PROGRAMACI脫N II_CLASES LPII_SESI脫N 04 LPII_LPII_Sesi贸n_04 - Sol_jpa_sesion02_jpa_sesion02] INFO  o.eclipse.m2e.core.internal.Bundles - 	Entry: E:\Eclipse\SpringToolSuite4\plugins\org.eclipse.m2e.maven.runtime_3.9.900.20240824-1409\jars\maven-resolver-spi-1.9.22.jar
2025-06-06 10:45:27,427 [Worker-9: Launching Executing clean in F__ARCHIVOS_INSTITUTO CIBERTEC CLASES_LENGUAJE DE PROGRAMACI脫N II_CLASES LPII_SESI脫N 04 LPII_LPII_Sesi贸n_04 - Sol_jpa_sesion02_jpa_sesion02] INFO  o.eclipse.m2e.core.internal.Bundles - 	Entry: E:\Eclipse\SpringToolSuite4\plugins\org.eclipse.m2e.maven.runtime_3.9.900.20240824-1409\jars\maven-resolver-transport-file-1.9.22.jar
2025-06-06 10:45:27,427 [Worker-9: Launching Executing clean in F__ARCHIVOS_INSTITUTO CIBERTEC CLASES_LENGUAJE DE PROGRAMACI脫N II_CLASES LPII_SESI脫N 04 LPII_LPII_Sesi贸n_04 - Sol_jpa_sesion02_jpa_sesion02] INFO  o.eclipse.m2e.core.internal.Bundles - 	Entry: E:\Eclipse\SpringToolSuite4\plugins\org.eclipse.m2e.maven.runtime_3.9.900.20240824-1409\jars\maven-resolver-transport-http-1.9.22.jar
2025-06-06 10:45:27,427 [Worker-9: Launching Executing clean in F__ARCHIVOS_INSTITUTO CIBERTEC CLASES_LENGUAJE DE PROGRAMACI脫N II_CLASES LPII_SESI脫N 04 LPII_LPII_Sesi贸n_04 - Sol_jpa_sesion02_jpa_sesion02] INFO  o.eclipse.m2e.core.internal.Bundles - 	Entry: E:\Eclipse\SpringToolSuite4\plugins\org.eclipse.m2e.maven.runtime_3.9.900.20240824-1409\jars\maven-resolver-transport-wagon-1.9.22.jar
2025-06-06 10:45:27,427 [Worker-9: Launching Executing clean in F__ARCHIVOS_INSTITUTO CIBERTEC CLASES_LENGUAJE DE PROGRAMACI脫N II_CLASES LPII_SESI脫N 04 LPII_LPII_Sesi贸n_04 - Sol_jpa_sesion02_jpa_sesion02] INFO  o.eclipse.m2e.core.internal.Bundles - 	Entry: E:\Eclipse\SpringToolSuite4\plugins\org.eclipse.m2e.maven.runtime_3.9.900.20240824-1409\jars\maven-resolver-util-1.9.22.jar
2025-06-06 10:45:27,428 [Worker-9: Launching Executing clean in F__ARCHIVOS_INSTITUTO CIBERTEC CLASES_LENGUAJE DE PROGRAMACI脫N II_CLASES LPII_SESI脫N 04 LPII_LPII_Sesi贸n_04 - Sol_jpa_sesion02_jpa_sesion02] INFO  o.eclipse.m2e.core.internal.Bundles - 	Entry: E:\Eclipse\SpringToolSuite4\plugins\org.eclipse.m2e.maven.runtime_3.9.900.20240824-1409\jars\maven-settings-3.9.9.jar
2025-06-06 10:45:27,428 [Worker-9: Launching Executing clean in F__ARCHIVOS_INSTITUTO CIBERTEC CLASES_LENGUAJE DE PROGRAMACI脫N II_CLASES LPII_SESI脫N 04 LPII_LPII_Sesi贸n_04 - Sol_jpa_sesion02_jpa_sesion02] INFO  o.eclipse.m2e.core.internal.Bundles - 	Entry: E:\Eclipse\SpringToolSuite4\plugins\org.eclipse.m2e.maven.runtime_3.9.900.20240824-1409\jars\maven-settings-builder-3.9.9.jar
2025-06-06 10:45:27,428 [Worker-9: Launching Executing clean in F__ARCHIVOS_INSTITUTO CIBERTEC CLASES_LENGUAJE DE PROGRAMACI脫N II_CLASES LPII_SESI脫N 04 LPII_LPII_Sesi贸n_04 - Sol_jpa_sesion02_jpa_sesion02] INFO  o.eclipse.m2e.core.internal.Bundles - 	Entry: E:\Eclipse\SpringToolSuite4\plugins\org.eclipse.m2e.maven.runtime_3.9.900.20240824-1409\jars\maven-shared-utils-3.4.2.jar
2025-06-06 10:45:27,428 [Worker-9: Launching Executing clean in F__ARCHIVOS_INSTITUTO CIBERTEC CLASES_LENGUAJE DE PROGRAMACI脫N II_CLASES LPII_SESI脫N 04 LPII_LPII_Sesi贸n_04 - Sol_jpa_sesion02_jpa_sesion02] INFO  o.eclipse.m2e.core.internal.Bundles - 	Entry: E:\Eclipse\SpringToolSuite4\plugins\org.eclipse.m2e.maven.runtime_3.9.900.20240824-1409\jars\org.eclipse.sisu.inject-0.9.0.M3.jar
2025-06-06 10:45:27,428 [Worker-9: Launching Executing clean in F__ARCHIVOS_INSTITUTO CIBERTEC CLASES_LENGUAJE DE PROGRAMACI脫N II_CLASES LPII_SESI脫N 04 LPII_LPII_Sesi贸n_04 - Sol_jpa_sesion02_jpa_sesion02] INFO  o.eclipse.m2e.core.internal.Bundles - 	Entry: E:\Eclipse\SpringToolSuite4\plugins\org.eclipse.m2e.maven.runtime_3.9.900.20240824-1409\jars\org.eclipse.sisu.plexus-0.9.0.M3.jar
2025-06-06 10:45:27,428 [Worker-9: Launching Executing clean in F__ARCHIVOS_INSTITUTO CIBERTEC CLASES_LENGUAJE DE PROGRAMACI脫N II_CLASES LPII_SESI脫N 04 LPII_LPII_Sesi贸n_04 - Sol_jpa_sesion02_jpa_sesion02] INFO  o.eclipse.m2e.core.internal.Bundles - 	Entry: E:\Eclipse\SpringToolSuite4\plugins\org.eclipse.m2e.maven.runtime_3.9.900.20240824-1409\jars\plexus-build-api-0.0.7.jar
2025-06-06 10:45:27,428 [Worker-9: Launching Executing clean in F__ARCHIVOS_INSTITUTO CIBERTEC CLASES_LENGUAJE DE PROGRAMACI脫N II_CLASES LPII_SESI脫N 04 LPII_LPII_Sesi贸n_04 - Sol_jpa_sesion02_jpa_sesion02] INFO  o.eclipse.m2e.core.internal.Bundles - 	Entry: E:\Eclipse\SpringToolSuite4\plugins\org.eclipse.m2e.maven.runtime_3.9.900.20240824-1409\jars\plexus-build-api-1.2.0.jar
2025-06-06 10:45:27,428 [Worker-9: Launching Executing clean in F__ARCHIVOS_INSTITUTO CIBERTEC CLASES_LENGUAJE DE PROGRAMACI脫N II_CLASES LPII_SESI脫N 04 LPII_LPII_Sesi贸n_04 - Sol_jpa_sesion02_jpa_sesion02] INFO  o.eclipse.m2e.core.internal.Bundles - 	Entry: E:\Eclipse\SpringToolSuite4\plugins\org.eclipse.m2e.maven.runtime_3.9.900.20240824-1409\jars\plexus-cipher-2.0.jar
2025-06-06 10:45:27,428 [Worker-9: Launching Executing clean in F__ARCHIVOS_INSTITUTO CIBERTEC CLASES_LENGUAJE DE PROGRAMACI脫N II_CLASES LPII_SESI脫N 04 LPII_LPII_Sesi贸n_04 - Sol_jpa_sesion02_jpa_sesion02] INFO  o.eclipse.m2e.core.internal.Bundles - 	Entry: E:\Eclipse\SpringToolSuite4\plugins\org.eclipse.m2e.maven.runtime_3.9.900.20240824-1409\jars\plexus-classworlds-2.8.0.jar
2025-06-06 10:45:27,428 [Worker-9: Launching Executing clean in F__ARCHIVOS_INSTITUTO CIBERTEC CLASES_LENGUAJE DE PROGRAMACI脫N II_CLASES LPII_SESI脫N 04 LPII_LPII_Sesi贸n_04 - Sol_jpa_sesion02_jpa_sesion02] INFO  o.eclipse.m2e.core.internal.Bundles - 	Entry: E:\Eclipse\SpringToolSuite4\plugins\org.eclipse.m2e.maven.runtime_3.9.900.20240824-1409\jars\plexus-component-annotations-2.1.0.jar
2025-06-06 10:45:27,428 [Worker-9: Launching Executing clean in F__ARCHIVOS_INSTITUTO CIBERTEC CLASES_LENGUAJE DE PROGRAMACI脫N II_CLASES LPII_SESI脫N 04 LPII_LPII_Sesi贸n_04 - Sol_jpa_sesion02_jpa_sesion02] INFO  o.eclipse.m2e.core.internal.Bundles - 	Entry: E:\Eclipse\SpringToolSuite4\plugins\org.eclipse.m2e.maven.runtime_3.9.900.20240824-1409\jars\plexus-interpolation-1.27.jar
2025-06-06 10:45:27,428 [Worker-9: Launching Executing clean in F__ARCHIVOS_INSTITUTO CIBERTEC CLASES_LENGUAJE DE PROGRAMACI脫N II_CLASES LPII_SESI脫N 04 LPII_LPII_Sesi贸n_04 - Sol_jpa_sesion02_jpa_sesion02] INFO  o.eclipse.m2e.core.internal.Bundles - 	Entry: E:\Eclipse\SpringToolSuite4\plugins\org.eclipse.m2e.maven.runtime_3.9.900.20240824-1409\jars\plexus-sec-dispatcher-2.0.jar
2025-06-06 10:45:27,428 [Worker-9: Launching Executing clean in F__ARCHIVOS_INSTITUTO CIBERTEC CLASES_LENGUAJE DE PROGRAMACI脫N II_CLASES LPII_SESI脫N 04 LPII_LPII_Sesi贸n_04 - Sol_jpa_sesion02_jpa_sesion02] INFO  o.eclipse.m2e.core.internal.Bundles - 	Entry: E:\Eclipse\SpringToolSuite4\plugins\org.eclipse.m2e.maven.runtime_3.9.900.20240824-1409\jars\plexus-utils-3.5.1.jar
2025-06-06 10:45:27,428 [Worker-9: Launching Executing clean in F__ARCHIVOS_INSTITUTO CIBERTEC CLASES_LENGUAJE DE PROGRAMACI脫N II_CLASES LPII_SESI脫N 04 LPII_LPII_Sesi贸n_04 - Sol_jpa_sesion02_jpa_sesion02] INFO  o.eclipse.m2e.core.internal.Bundles - 	Entry: E:\Eclipse\SpringToolSuite4\plugins\org.eclipse.m2e.maven.runtime_3.9.900.20240824-1409\jars\plexus-xml-3.0.1.jar
2025-06-06 10:45:27,428 [Worker-9: Launching Executing clean in F__ARCHIVOS_INSTITUTO CIBERTEC CLASES_LENGUAJE DE PROGRAMACI脫N II_CLASES LPII_SESI脫N 04 LPII_LPII_Sesi贸n_04 - Sol_jpa_sesion02_jpa_sesion02] INFO  o.eclipse.m2e.core.internal.Bundles - 	Entry: E:\Eclipse\SpringToolSuite4\plugins\org.eclipse.m2e.maven.runtime_3.9.900.20240824-1409\jars\wagon-file-3.5.3.jar
2025-06-06 10:45:27,428 [Worker-9: Launching Executing clean in F__ARCHIVOS_INSTITUTO CIBERTEC CLASES_LENGUAJE DE PROGRAMACI脫N II_CLASES LPII_SESI脫N 04 LPII_LPII_Sesi贸n_04 - Sol_jpa_sesion02_jpa_sesion02] INFO  o.eclipse.m2e.core.internal.Bundles - 	Entry: E:\Eclipse\SpringToolSuite4\plugins\org.eclipse.m2e.maven.runtime_3.9.900.20240824-1409\jars\wagon-http-3.5.3.jar
2025-06-06 10:45:27,428 [Worker-9: Launching Executing clean in F__ARCHIVOS_INSTITUTO CIBERTEC CLASES_LENGUAJE DE PROGRAMACI脫N II_CLASES LPII_SESI脫N 04 LPII_LPII_Sesi贸n_04 - Sol_jpa_sesion02_jpa_sesion02] INFO  o.eclipse.m2e.core.internal.Bundles - 	Entry: E:\Eclipse\SpringToolSuite4\plugins\org.eclipse.m2e.maven.runtime_3.9.900.20240824-1409\jars\wagon-http-shared-3.5.3.jar
2025-06-06 10:45:27,429 [Worker-9: Launching Executing clean in F__ARCHIVOS_INSTITUTO CIBERTEC CLASES_LENGUAJE DE PROGRAMACI脫N II_CLASES LPII_SESI脫N 04 LPII_LPII_Sesi贸n_04 - Sol_jpa_sesion02_jpa_sesion02] INFO  o.eclipse.m2e.core.internal.Bundles - 	Entry: E:\Eclipse\SpringToolSuite4\plugins\org.eclipse.m2e.maven.runtime_3.9.900.20240824-1409\jars\wagon-provider-api-3.5.3.jar
2025-06-06 10:45:27,429 [Worker-9: Launching Executing clean in F__ARCHIVOS_INSTITUTO CIBERTEC CLASES_LENGUAJE DE PROGRAMACI脫N II_CLASES LPII_SESI脫N 04 LPII_LPII_Sesi贸n_04 - Sol_jpa_sesion02_jpa_sesion02] INFO  o.eclipse.m2e.core.internal.Bundles - getClasspathEntries(Bundle=com.google.guava_33.3.1.jre [29])
2025-06-06 10:45:27,429 [Worker-9: Launching Executing clean in F__ARCHIVOS_INSTITUTO CIBERTEC CLASES_LENGUAJE DE PROGRAMACI脫N II_CLASES LPII_SESI脫N 04 LPII_LPII_Sesi贸n_04 - Sol_jpa_sesion02_jpa_sesion02] INFO  o.eclipse.m2e.core.internal.Bundles - 	Entry: E:\Eclipse\SpringToolSuite4\plugins\com.google.guava_33.3.1.jre.jar
2025-06-06 10:45:27,429 [Worker-9: Launching Executing clean in F__ARCHIVOS_INSTITUTO CIBERTEC CLASES_LENGUAJE DE PROGRAMACI脫N II_CLASES LPII_SESI脫N 04 LPII_LPII_Sesi贸n_04 - Sol_jpa_sesion02_jpa_sesion02] INFO  o.eclipse.m2e.core.internal.Bundles - getClasspathEntries(Bundle=slf4j.api_2.0.16 [615])
2025-06-06 10:45:27,429 [Worker-9: Launching Executing clean in F__ARCHIVOS_INSTITUTO CIBERTEC CLASES_LENGUAJE DE PROGRAMACI脫N II_CLASES LPII_SESI脫N 04 LPII_LPII_Sesi贸n_04 - Sol_jpa_sesion02_jpa_sesion02] INFO  o.eclipse.m2e.core.internal.Bundles - 	Entry: E:\Eclipse\SpringToolSuite4\plugins\slf4j.api_2.0.16.jar
2025-06-06 10:45:27,429 [Worker-9: Launching Executing clean in F__ARCHIVOS_INSTITUTO CIBERTEC CLASES_LENGUAJE DE PROGRAMACI脫N II_CLASES LPII_SESI脫N 04 LPII_LPII_Sesi贸n_04 - Sol_jpa_sesion02_jpa_sesion02] INFO  o.eclipse.m2e.core.internal.Bundles - getClasspathEntries(Bundle=jakarta.inject.jakarta.inject-api_1.0.5 [45])
2025-06-06 10:45:27,429 [Worker-9: Launching Executing clean in F__ARCHIVOS_INSTITUTO CIBERTEC CLASES_LENGUAJE DE PROGRAMACI脫N II_CLASES LPII_SESI脫N 04 LPII_LPII_Sesi贸n_04 - Sol_jpa_sesion02_jpa_sesion02] INFO  o.eclipse.m2e.core.internal.Bundles - 	Entry: E:\Eclipse\SpringToolSuite4\plugins\jakarta.inject.jakarta.inject-api_1.0.5.jar
2025-06-06 10:45:27,429 [Worker-9: Launching Executing clean in F__ARCHIVOS_INSTITUTO CIBERTEC CLASES_LENGUAJE DE PROGRAMACI脫N II_CLASES LPII_SESI脫N 04 LPII_LPII_Sesi贸n_04 - Sol_jpa_sesion02_jpa_sesion02] INFO  o.eclipse.m2e.core.internal.Bundles - getClasspathEntries(Bundle=jakarta.annotation-api_1.3.5 [41])
2025-06-06 10:45:27,430 [Worker-9: Launching Executing clean in F__ARCHIVOS_INSTITUTO CIBERTEC CLASES_LENGUAJE DE PROGRAMACI脫N II_CLASES LPII_SESI脫N 04 LPII_LPII_Sesi贸n_04 - Sol_jpa_sesion02_jpa_sesion02] INFO  o.eclipse.m2e.core.internal.Bundles - 	Entry: E:\Eclipse\SpringToolSuite4\plugins\jakarta.annotation-api_1.3.5.jar
2025-06-06 10:45:27,430 [Worker-9: Launching Executing clean in F__ARCHIVOS_INSTITUTO CIBERTEC CLASES_LENGUAJE DE PROGRAMACI脫N II_CLASES LPII_SESI脫N 04 LPII_LPII_Sesi贸n_04 - Sol_jpa_sesion02_jpa_sesion02] INFO  o.eclipse.m2e.core.internal.Bundles - getClasspathEntries(Bundle=org.apache.commons.cli_1.9.0 [78])
2025-06-06 10:45:27,430 [Worker-9: Launching Executing clean in F__ARCHIVOS_INSTITUTO CIBERTEC CLASES_LENGUAJE DE PROGRAMACI脫N II_CLASES LPII_SESI脫N 04 LPII_LPII_Sesi贸n_04 - Sol_jpa_sesion02_jpa_sesion02] INFO  o.eclipse.m2e.core.internal.Bundles - 	Entry: E:\Eclipse\SpringToolSuite4\plugins\org.apache.commons.cli_1.9.0.jar
2025-06-06 10:45:27,430 [Worker-9: Launching Executing clean in F__ARCHIVOS_INSTITUTO CIBERTEC CLASES_LENGUAJE DE PROGRAMACI脫N II_CLASES LPII_SESI脫N 04 LPII_LPII_Sesi贸n_04 - Sol_jpa_sesion02_jpa_sesion02] INFO  o.eclipse.m2e.core.internal.Bundles - getClasspathEntries(Bundle=org.apache.commons.commons-codec_1.16.0 [81])
2025-06-06 10:45:27,430 [Worker-9: Launching Executing clean in F__ARCHIVOS_INSTITUTO CIBERTEC CLASES_LENGUAJE DE PROGRAMACI脫N II_CLASES LPII_SESI脫N 04 LPII_LPII_Sesi贸n_04 - Sol_jpa_sesion02_jpa_sesion02] INFO  o.eclipse.m2e.core.internal.Bundles - 	Entry: E:\Eclipse\SpringToolSuite4\plugins\org.apache.commons.commons-codec_1.16.0.jar
2025-06-06 10:45:27,430 [Worker-9: Launching Executing clean in F__ARCHIVOS_INSTITUTO CIBERTEC CLASES_LENGUAJE DE PROGRAMACI脫N II_CLASES LPII_SESI脫N 04 LPII_LPII_Sesi贸n_04 - Sol_jpa_sesion02_jpa_sesion02] INFO  o.eclipse.m2e.core.internal.Bundles - getClasspathEntries(Bundle=com.google.guava.failureaccess_1.0.2 [30])
2025-06-06 10:45:27,430 [Worker-9: Launching Executing clean in F__ARCHIVOS_INSTITUTO CIBERTEC CLASES_LENGUAJE DE PROGRAMACI脫N II_CLASES LPII_SESI脫N 04 LPII_LPII_Sesi贸n_04 - Sol_jpa_sesion02_jpa_sesion02] INFO  o.eclipse.m2e.core.internal.Bundles - 	Entry: E:\Eclipse\SpringToolSuite4\plugins\com.google.guava.failureaccess_1.0.2.jar
2025-06-06 10:45:27,440 [Worker-9: Launching Executing clean in F__ARCHIVOS_INSTITUTO CIBERTEC CLASES_LENGUAJE DE PROGRAMACI脫N II_CLASES LPII_SESI脫N 04 LPII_LPII_Sesi贸n_04 - Sol_jpa_sesion02_jpa_sesion02] INFO  o.e.m.i.launch.MavenLaunchDelegate - Run build in "F:\ARCHIVOS\INSTITUTO CIBERTEC CLASES\LENGUAJE DE PROGRAMACI脫N II\CLASES LPII\SESI脫N 04 LPII\LPII_Sesi贸n_04 - Sol\jpa_sesion02\jpa_sesion02":
2025-06-06 10:45:27,440 [Worker-9: Launching Executing clean in F__ARCHIVOS_INSTITUTO CIBERTEC CLASES_LENGUAJE DE PROGRAMACI脫N II_CLASES LPII_SESI脫N 04 LPII_LPII_Sesi贸n_04 - Sol_jpa_sesion02_jpa_sesion02] INFO  o.e.m.i.launch.MavenLaunchDelegate -  mvn  -B -Dstyle.color=always clean
2025-06-06 10:45:38,762 [Worker-9: Updating Maven Project] INFO  o.e.m.c.i.p.ProjectConfigurationManager - Update started
2025-06-06 10:45:38,929 [Worker-9: Updating Maven Project] INFO  o.e.m.c.i.l.LifecycleMappingFactory - Using org.eclipse.m2e.jdt.JarLifecycleMapping lifecycle mapping for MavenProject: org.cibertec:LPII_Sesion04_MV_GIT:0.0.1-SNAPSHOT @ F:\ARCHIVOS\INSTITUTO CIBERTEC CLASES\LENGUAJE DE PROGRAMACI脫N II\CLASES LPII\SESI脫N 04 LPII\LPII_Sesi贸n_04 - Sol\jpa_sesion02\jpa_sesion02\pom.xml.
2025-06-06 10:45:39,468 [Worker-9: Updating Maven Project] INFO  o.e.m.j.i.AbstractJavaProjectConfigurator - Adding source folder /LPII_Sesion04_MV_GIT/src/main/java
2025-06-06 10:45:39,469 [Worker-9: Updating Maven Project] INFO  o.e.m.j.i.AbstractJavaProjectConfigurator - Adding resource folder /LPII_Sesion04_MV_GIT/src/main/resources
2025-06-06 10:45:39,469 [Worker-9: Updating Maven Project] INFO  o.e.m.j.i.AbstractJavaProjectConfigurator - Adding source folder /LPII_Sesion04_MV_GIT/src/test/java
2025-06-06 10:45:39,470 [Worker-9: Updating Maven Project] INFO  o.e.m.j.i.AbstractJavaProjectConfigurator - Adding resource folder /LPII_Sesion04_MV_GIT/src/test/resources
2025-06-06 10:45:39,628 [Worker-9: Updating Maven Project] INFO  o.e.m.c.i.p.ProjectConfigurationManager - Update completed for 1 poms: local refresh takes 0,00 sec, refresh facades takes 0,00 sec, update config takes 0,00 sec 
2025-06-06 10:45:40,004 [Worker-11: Building] INFO  o.a.m.s.f.DefaultMavenResourcesFiltering - Copying 1 resource from src\main\resources to target\classes
2025-06-06 10:45:40,014 [Worker-11: Building] INFO  o.a.m.s.f.DefaultMavenResourcesFiltering - skip non existing resourceDirectory F:\ARCHIVOS\INSTITUTO CIBERTEC CLASES\LENGUAJE DE PROGRAMACI脫N II\CLASES LPII\SESI脫N 04 LPII\LPII_Sesi贸n_04 - Sol\jpa_sesion02\jpa_sesion02\src\test\resources
2025-06-06 10:45:40,591 [Worker-8: Download sources and javadoc] INFO  o.e.m.c.i.e.AbstractTransferListenerAdapter - Downloaded https://repo.maven.apache.org/maven2/antlr/antlr/2.7.7/antlr-2.7.7-javadoc.jar
2025-06-06 10:45:40,594 [Worker-8: Download sources and javadoc] ERROR o.e.m.j.internal.DownloadSourcesJob - Could not download javadoc for antlr:antlr:2.7.7
org.eclipse.core.runtime.CoreException: Could not resolve artifact antlr:antlr:jar:javadoc:2.7.7
	at org.eclipse.m2e.core.internal.embedder.MavenImpl.lambda$7(MavenImpl.java:540)
	at org.eclipse.m2e.core.internal.embedder.MavenExecutionContext.executeBare(MavenExecutionContext.java:458)
	at org.eclipse.m2e.core.internal.embedder.MavenExecutionContext.execute(MavenExecutionContext.java:292)
	at org.eclipse.m2e.core.internal.embedder.MavenExecutionContext.execute(MavenExecutionContext.java:278)
	at org.eclipse.m2e.core.internal.embedder.MavenImpl.resolve(MavenImpl.java:509)
	at org.eclipse.m2e.core.internal.embedder.MavenImpl.resolve(MavenImpl.java:494)
	at org.eclipse.m2e.jdt.internal.DownloadSourcesJob.download(DownloadSourcesJob.java:308)
	at org.eclipse.m2e.jdt.internal.DownloadSourcesJob.downloadAttachments(DownloadSourcesJob.java:294)
	at org.eclipse.m2e.jdt.internal.DownloadSourcesJob.downloadMaven(DownloadSourcesJob.java:252)
	at org.eclipse.m2e.jdt.internal.DownloadSourcesJob.downloadFilesAndPopulateToUpdate(DownloadSourcesJob.java:220)
	at org.eclipse.m2e.jdt.internal.DownloadSourcesJob.lambda$0(DownloadSourcesJob.java:149)
	at org.eclipse.m2e.core.internal.embedder.MavenExecutionContext.executeBare(MavenExecutionContext.java:458)
	at org.eclipse.m2e.core.internal.embedder.MavenExecutionContext.execute(MavenExecutionContext.java:339)
	at org.eclipse.m2e.core.internal.embedder.MavenExecutionContext.execute(MavenExecutionContext.java:278)
	at org.eclipse.m2e.core.embedder.IMaven.execute(IMaven.java:300)
	at org.eclipse.m2e.jdt.internal.DownloadSourcesJob.run(DownloadSourcesJob.java:149)
	at org.eclipse.core.internal.jobs.Worker.run(Worker.java:63)
2025-06-06 11:21:15,122 [Worker-24: Launching FrmLogin (1)] INFO  o.a.m.s.f.DefaultMavenResourcesFiltering - Copying 1 resource from src\main\resources to target\classes
2025-06-06 11:21:15,126 [Worker-24: Launching FrmLogin (1)] INFO  o.a.m.s.f.DefaultMavenResourcesFiltering - skip non existing resourceDirectory F:\ARCHIVOS\INSTITUTO CIBERTEC CLASES\LENGUAJE DE PROGRAMACI脫N II\CLASES LPII\SESI脫N 04 LPII\LPII_Sesi贸n_04 - Sol\jpa_sesion02\jpa_sesion02\src\test\resources
2025-06-06 19:41:33,340 [Worker-6: Loading available Gradle versions] INFO  o.e.b.c.i.u.g.PublishedGradleVersions - Gradle version information cache is up-to-date. Trying to read.
2025-06-06 19:42:30,244 [Worker-8: Building] INFO  o.e.m.c.i.e.AbstractTransferListenerAdapter - Downloading https://repo.maven.apache.org/maven2/mysql/mysql-connector-java/8.0.28/mysql-connector-java-8.0.28.pom
2025-06-06 19:42:30,259 [Worker-8: Building] INFO  o.e.m.c.i.e.AbstractTransferListenerAdapter - Downloaded https://repo.maven.apache.org/maven2/mysql/mysql-connector-java/8.0.28/mysql-connector-java-8.0.28.pom
2025-06-06 19:42:30,308 [Worker-8: Building] INFO  o.e.m.c.i.e.AbstractTransferListenerAdapter - Downloading https://repo.maven.apache.org/maven2/javax/persistence/javax.persistence-api/2.2/javax.persistence-api-2.2.pom
2025-06-06 19:42:30,318 [Worker-8: Building] INFO  o.e.m.c.i.e.AbstractTransferListenerAdapter - Downloaded https://repo.maven.apache.org/maven2/javax/persistence/javax.persistence-api/2.2/javax.persistence-api-2.2.pom
2025-06-06 19:42:30,332 [Worker-8: Building] INFO  o.e.m.c.i.e.AbstractTransferListenerAdapter - Downloading https://repo.maven.apache.org/maven2/net/java/jvnet-parent/5/jvnet-parent-5.pom
2025-06-06 19:42:30,342 [Worker-8: Building] INFO  o.e.m.c.i.e.AbstractTransferListenerAdapter - Downloaded https://repo.maven.apache.org/maven2/net/java/jvnet-parent/5/jvnet-parent-5.pom
2025-06-06 19:42:30,356 [Worker-8: Building] INFO  o.e.m.c.i.e.AbstractTransferListenerAdapter - Downloading https://repo.maven.apache.org/maven2/org/hibernate/hibernate-core/5.4.4.Final/hibernate-core-5.4.4.Final.pom
2025-06-06 19:42:30,362 [Worker-8: Building] INFO  o.e.m.c.i.e.AbstractTransferListenerAdapter - Downloaded https://repo.maven.apache.org/maven2/org/hibernate/hibernate-core/5.4.4.Final/hibernate-core-5.4.4.Final.pom
2025-06-06 19:42:30,381 [Worker-8: Building] INFO  o.e.m.c.i.e.AbstractTransferListenerAdapter - Downloading https://repo.maven.apache.org/maven2/org/jboss/logging/jboss-logging/3.3.2.Final/jboss-logging-3.3.2.Final.pom
2025-06-06 19:42:30,387 [Worker-8: Building] INFO  o.e.m.c.i.e.AbstractTransferListenerAdapter - Downloaded https://repo.maven.apache.org/maven2/org/jboss/logging/jboss-logging/3.3.2.Final/jboss-logging-3.3.2.Final.pom
2025-06-06 19:42:30,400 [Worker-8: Building] INFO  o.e.m.c.i.e.AbstractTransferListenerAdapter - Downloading https://repo.maven.apache.org/maven2/org/jboss/jboss-parent/15/jboss-parent-15.pom
2025-06-06 19:42:30,412 [Worker-8: Building] INFO  o.e.m.c.i.e.AbstractTransferListenerAdapter - Downloaded https://repo.maven.apache.org/maven2/org/jboss/jboss-parent/15/jboss-parent-15.pom
2025-06-06 19:42:30,429 [Worker-8: Building] INFO  o.e.m.c.i.e.AbstractTransferListenerAdapter - Downloading https://repo.maven.apache.org/maven2/org/javassist/javassist/3.24.0-GA/javassist-3.24.0-GA.pom
2025-06-06 19:42:30,433 [Worker-8: Building] INFO  o.e.m.c.i.e.AbstractTransferListenerAdapter - Downloaded https://repo.maven.apache.org/maven2/org/javassist/javassist/3.24.0-GA/javassist-3.24.0-GA.pom
2025-06-06 19:42:30,448 [Worker-8: Building] INFO  o.e.m.c.i.e.AbstractTransferListenerAdapter - Downloading https://repo.maven.apache.org/maven2/net/bytebuddy/byte-buddy/1.9.11/byte-buddy-1.9.11.pom
2025-06-06 19:42:30,453 [Worker-8: Building] INFO  o.e.m.c.i.e.AbstractTransferListenerAdapter - Downloaded https://repo.maven.apache.org/maven2/net/bytebuddy/byte-buddy/1.9.11/byte-buddy-1.9.11.pom
2025-06-06 19:42:30,576 [Worker-8: Building] INFO  o.e.m.c.i.e.AbstractTransferListenerAdapter - Downloading https://repo.maven.apache.org/maven2/net/bytebuddy/byte-buddy-parent/1.9.11/byte-buddy-parent-1.9.11.pom
2025-06-06 19:42:30,583 [Worker-8: Building] INFO  o.e.m.c.i.e.AbstractTransferListenerAdapter - Downloaded https://repo.maven.apache.org/maven2/net/bytebuddy/byte-buddy-parent/1.9.11/byte-buddy-parent-1.9.11.pom
2025-06-06 19:42:30,600 [Worker-8: Building] INFO  o.e.m.c.i.e.AbstractTransferListenerAdapter - Downloading https://repo.maven.apache.org/maven2/antlr/antlr/2.7.7/antlr-2.7.7.pom
2025-06-06 19:42:30,604 [Worker-8: Building] INFO  o.e.m.c.i.e.AbstractTransferListenerAdapter - Downloaded https://repo.maven.apache.org/maven2/antlr/antlr/2.7.7/antlr-2.7.7.pom
2025-06-06 19:42:30,632 [Worker-8: Building] INFO  o.e.m.c.i.e.AbstractTransferListenerAdapter - Downloading https://repo.maven.apache.org/maven2/org/jboss/spec/javax/transaction/jboss-transaction-api_1.2_spec/1.1.1.Final/jboss-transaction-api_1.2_spec-1.1.1.Final.pom
2025-06-06 19:42:30,636 [Worker-8: Building] INFO  o.e.m.c.i.e.AbstractTransferListenerAdapter - Downloaded https://repo.maven.apache.org/maven2/org/jboss/spec/javax/transaction/jboss-transaction-api_1.2_spec/1.1.1.Final/jboss-transaction-api_1.2_spec-1.1.1.Final.pom
2025-06-06 19:42:30,649 [Worker-8: Building] INFO  o.e.m.c.i.e.AbstractTransferListenerAdapter - Downloading https://repo.maven.apache.org/maven2/org/jboss/jboss-parent/25/jboss-parent-25.pom
2025-06-06 19:42:30,661 [Worker-8: Building] INFO  o.e.m.c.i.e.AbstractTransferListenerAdapter - Downloaded https://repo.maven.apache.org/maven2/org/jboss/jboss-parent/25/jboss-parent-25.pom
2025-06-06 19:42:30,678 [Worker-8: Building] INFO  o.e.m.c.i.e.AbstractTransferListenerAdapter - Downloading https://repo.maven.apache.org/maven2/org/jboss/jandex/2.0.5.Final/jandex-2.0.5.Final.pom
2025-06-06 19:42:30,682 [Worker-8: Building] INFO  o.e.m.c.i.e.AbstractTransferListenerAdapter - Downloaded https://repo.maven.apache.org/maven2/org/jboss/jandex/2.0.5.Final/jandex-2.0.5.Final.pom
2025-06-06 19:42:30,691 [Worker-8: Building] INFO  o.e.m.c.i.e.AbstractTransferListenerAdapter - Downloading https://repo.maven.apache.org/maven2/org/jboss/jboss-parent/12/jboss-parent-12.pom
2025-06-06 19:42:30,696 [Worker-8: Building] INFO  o.e.m.c.i.e.AbstractTransferListenerAdapter - Downloaded https://repo.maven.apache.org/maven2/org/jboss/jboss-parent/12/jboss-parent-12.pom
2025-06-06 19:42:30,708 [Worker-8: Building] INFO  o.e.m.c.i.e.AbstractTransferListenerAdapter - Downloading https://repo.maven.apache.org/maven2/com/fasterxml/classmate/1.3.4/classmate-1.3.4.pom
2025-06-06 19:42:30,712 [Worker-8: Building] INFO  o.e.m.c.i.e.AbstractTransferListenerAdapter - Downloaded https://repo.maven.apache.org/maven2/com/fasterxml/classmate/1.3.4/classmate-1.3.4.pom
2025-06-06 19:42:30,723 [Worker-8: Building] INFO  o.e.m.c.i.e.AbstractTransferListenerAdapter - Downloading https://repo.maven.apache.org/maven2/com/fasterxml/oss-parent/24/oss-parent-24.pom
2025-06-06 19:42:30,728 [Worker-8: Building] INFO  o.e.m.c.i.e.AbstractTransferListenerAdapter - Downloaded https://repo.maven.apache.org/maven2/com/fasterxml/oss-parent/24/oss-parent-24.pom
2025-06-06 19:42:30,749 [Worker-8: Building] INFO  o.e.m.c.i.e.AbstractTransferListenerAdapter - Downloading https://repo.maven.apache.org/maven2/javax/activation/javax.activation-api/1.2.0/javax.activation-api-1.2.0.pom
2025-06-06 19:42:30,754 [Worker-8: Building] INFO  o.e.m.c.i.e.AbstractTransferListenerAdapter - Downloaded https://repo.maven.apache.org/maven2/javax/activation/javax.activation-api/1.2.0/javax.activation-api-1.2.0.pom
2025-06-06 19:42:30,766 [Worker-8: Building] INFO  o.e.m.c.i.e.AbstractTransferListenerAdapter - Downloading https://repo.maven.apache.org/maven2/com/sun/activation/all/1.2.0/all-1.2.0.pom
2025-06-06 19:42:30,770 [Worker-8: Building] INFO  o.e.m.c.i.e.AbstractTransferListenerAdapter - Downloaded https://repo.maven.apache.org/maven2/com/sun/activation/all/1.2.0/all-1.2.0.pom
2025-06-06 19:42:30,781 [Worker-8: Building] INFO  o.e.m.c.i.e.AbstractTransferListenerAdapter - Downloading https://repo.maven.apache.org/maven2/net/java/jvnet-parent/1/jvnet-parent-1.pom
2025-06-06 19:42:30,786 [Worker-8: Building] INFO  o.e.m.c.i.e.AbstractTransferListenerAdapter - Downloaded https://repo.maven.apache.org/maven2/net/java/jvnet-parent/1/jvnet-parent-1.pom
2025-06-06 19:42:30,800 [Worker-8: Building] INFO  o.e.m.c.i.e.AbstractTransferListenerAdapter - Downloading https://repo.maven.apache.org/maven2/org/dom4j/dom4j/2.1.1/dom4j-2.1.1.pom
2025-06-06 19:42:30,804 [Worker-8: Building] INFO  o.e.m.c.i.e.AbstractTransferListenerAdapter - Downloaded https://repo.maven.apache.org/maven2/org/dom4j/dom4j/2.1.1/dom4j-2.1.1.pom
2025-06-06 19:42:30,816 [Worker-8: Building] INFO  o.e.m.c.i.e.AbstractTransferListenerAdapter - Downloading https://repo.maven.apache.org/maven2/org/hibernate/common/hibernate-commons-annotations/5.1.0.Final/hibernate-commons-annotations-5.1.0.Final.pom
2025-06-06 19:42:30,821 [Worker-8: Building] INFO  o.e.m.c.i.e.AbstractTransferListenerAdapter - Downloaded https://repo.maven.apache.org/maven2/org/hibernate/common/hibernate-commons-annotations/5.1.0.Final/hibernate-commons-annotations-5.1.0.Final.pom
2025-06-06 19:42:30,834 [Worker-8: Building] INFO  o.e.m.c.i.e.AbstractTransferListenerAdapter - Downloading https://repo.maven.apache.org/maven2/javax/xml/bind/jaxb-api/2.3.1/jaxb-api-2.3.1.pom
2025-06-06 19:42:30,840 [Worker-8: Building] INFO  o.e.m.c.i.e.AbstractTransferListenerAdapter - Downloaded https://repo.maven.apache.org/maven2/javax/xml/bind/jaxb-api/2.3.1/jaxb-api-2.3.1.pom
2025-06-06 19:42:30,852 [Worker-8: Building] INFO  o.e.m.c.i.e.AbstractTransferListenerAdapter - Downloading https://repo.maven.apache.org/maven2/javax/xml/bind/jaxb-api-parent/2.3.1/jaxb-api-parent-2.3.1.pom
2025-06-06 19:42:30,856 [Worker-8: Building] INFO  o.e.m.c.i.e.AbstractTransferListenerAdapter - Downloaded https://repo.maven.apache.org/maven2/javax/xml/bind/jaxb-api-parent/2.3.1/jaxb-api-parent-2.3.1.pom
2025-06-06 19:42:30,870 [Worker-8: Building] INFO  o.e.m.c.i.e.AbstractTransferListenerAdapter - Downloading https://repo.maven.apache.org/maven2/org/glassfish/jaxb/jaxb-runtime/2.3.1/jaxb-runtime-2.3.1.pom
2025-06-06 19:42:30,876 [Worker-8: Building] INFO  o.e.m.c.i.e.AbstractTransferListenerAdapter - Downloaded https://repo.maven.apache.org/maven2/org/glassfish/jaxb/jaxb-runtime/2.3.1/jaxb-runtime-2.3.1.pom
2025-06-06 19:42:30,888 [Worker-8: Building] INFO  o.e.m.c.i.e.AbstractTransferListenerAdapter - Downloading https://repo.maven.apache.org/maven2/com/sun/xml/bind/mvn/jaxb-runtime-parent/2.3.1/jaxb-runtime-parent-2.3.1.pom
2025-06-06 19:42:30,891 [Worker-8: Building] INFO  o.e.m.c.i.e.AbstractTransferListenerAdapter - Downloaded https://repo.maven.apache.org/maven2/com/sun/xml/bind/mvn/jaxb-runtime-parent/2.3.1/jaxb-runtime-parent-2.3.1.pom
2025-06-06 19:42:30,900 [Worker-8: Building] INFO  o.e.m.c.i.e.AbstractTransferListenerAdapter - Downloading https://repo.maven.apache.org/maven2/com/sun/xml/bind/mvn/jaxb-parent/2.3.1/jaxb-parent-2.3.1.pom
2025-06-06 19:42:30,906 [Worker-8: Building] INFO  o.e.m.c.i.e.AbstractTransferListenerAdapter - Downloaded https://repo.maven.apache.org/maven2/com/sun/xml/bind/mvn/jaxb-parent/2.3.1/jaxb-parent-2.3.1.pom
2025-06-06 19:42:30,917 [Worker-8: Building] INFO  o.e.m.c.i.e.AbstractTransferListenerAdapter - Downloading https://repo.maven.apache.org/maven2/com/sun/xml/bind/jaxb-bom-ext/2.3.1/jaxb-bom-ext-2.3.1.pom
2025-06-06 19:42:30,920 [Worker-8: Building] INFO  o.e.m.c.i.e.AbstractTransferListenerAdapter - Downloaded https://repo.maven.apache.org/maven2/com/sun/xml/bind/jaxb-bom-ext/2.3.1/jaxb-bom-ext-2.3.1.pom
2025-06-06 19:42:30,942 [Worker-8: Building] INFO  o.e.m.c.i.e.AbstractTransferListenerAdapter - Downloading https://repo.maven.apache.org/maven2/org/glassfish/jaxb/jaxb-bom/2.3.1/jaxb-bom-2.3.1.pom
2025-06-06 19:42:30,947 [Worker-8: Building] INFO  o.e.m.c.i.e.AbstractTransferListenerAdapter - Downloaded https://repo.maven.apache.org/maven2/org/glassfish/jaxb/jaxb-bom/2.3.1/jaxb-bom-2.3.1.pom
2025-06-06 19:42:30,962 [Worker-8: Building] INFO  o.e.m.c.i.e.AbstractTransferListenerAdapter - Downloading https://repo.maven.apache.org/maven2/org/glassfish/jaxb/txw2/2.3.1/txw2-2.3.1.pom
2025-06-06 19:42:30,966 [Worker-8: Building] INFO  o.e.m.c.i.e.AbstractTransferListenerAdapter - Downloaded https://repo.maven.apache.org/maven2/org/glassfish/jaxb/txw2/2.3.1/txw2-2.3.1.pom
2025-06-06 19:42:31,006 [Worker-8: Building] INFO  o.e.m.c.i.e.AbstractTransferListenerAdapter - Downloading https://repo.maven.apache.org/maven2/com/sun/xml/bind/mvn/jaxb-txw-parent/2.3.1/jaxb-txw-parent-2.3.1.pom
2025-06-06 19:42:31,010 [Worker-8: Building] INFO  o.e.m.c.i.e.AbstractTransferListenerAdapter - Downloaded https://repo.maven.apache.org/maven2/com/sun/xml/bind/mvn/jaxb-txw-parent/2.3.1/jaxb-txw-parent-2.3.1.pom
2025-06-06 19:42:31,028 [Worker-8: Building] INFO  o.e.m.c.i.e.AbstractTransferListenerAdapter - Downloading https://repo.maven.apache.org/maven2/com/sun/istack/istack-commons-runtime/3.0.7/istack-commons-runtime-3.0.7.pom
2025-06-06 19:42:31,033 [Worker-8: Building] INFO  o.e.m.c.i.e.AbstractTransferListenerAdapter - Downloaded https://repo.maven.apache.org/maven2/com/sun/istack/istack-commons-runtime/3.0.7/istack-commons-runtime-3.0.7.pom
2025-06-06 19:42:31,173 [Worker-8: Building] INFO  o.e.m.c.i.e.AbstractTransferListenerAdapter - Downloading https://repo.maven.apache.org/maven2/com/sun/istack/istack-commons/3.0.7/istack-commons-3.0.7.pom
2025-06-06 19:42:31,177 [Worker-8: Building] INFO  o.e.m.c.i.e.AbstractTransferListenerAdapter - Downloaded https://repo.maven.apache.org/maven2/com/sun/istack/istack-commons/3.0.7/istack-commons-3.0.7.pom
2025-06-06 19:42:31,279 [Worker-8: Building] INFO  o.e.m.c.i.e.AbstractTransferListenerAdapter - Downloading https://repo.maven.apache.org/maven2/org/jvnet/staxex/stax-ex/1.8/stax-ex-1.8.pom
2025-06-06 19:42:31,283 [Worker-8: Building] INFO  o.e.m.c.i.e.AbstractTransferListenerAdapter - Downloaded https://repo.maven.apache.org/maven2/org/jvnet/staxex/stax-ex/1.8/stax-ex-1.8.pom
2025-06-06 19:42:31,422 [Worker-8: Building] INFO  o.e.m.c.i.e.AbstractTransferListenerAdapter - Downloading https://repo.maven.apache.org/maven2/com/sun/xml/fastinfoset/FastInfoset/1.2.15/FastInfoset-1.2.15.pom
2025-06-06 19:42:31,427 [Worker-8: Building] INFO  o.e.m.c.i.e.AbstractTransferListenerAdapter - Downloaded https://repo.maven.apache.org/maven2/com/sun/xml/fastinfoset/FastInfoset/1.2.15/FastInfoset-1.2.15.pom
2025-06-06 19:42:31,573 [Worker-8: Building] INFO  o.e.m.c.i.e.AbstractTransferListenerAdapter - Downloading https://repo.maven.apache.org/maven2/com/sun/xml/fastinfoset/fastinfoset-project/1.2.15/fastinfoset-project-1.2.15.pom
2025-06-06 19:42:31,578 [Worker-8: Building] INFO  o.e.m.c.i.e.AbstractTransferListenerAdapter - Downloaded https://repo.maven.apache.org/maven2/com/sun/xml/fastinfoset/fastinfoset-project/1.2.15/fastinfoset-project-1.2.15.pom
2025-06-06 19:42:31,724 [Worker-8: Building] INFO  o.e.m.c.i.e.AbstractTransferListenerAdapter - Downloading https://repo.maven.apache.org/maven2/org/hibernate/hibernate-entitymanager/5.4.4.Final/hibernate-entitymanager-5.4.4.Final.pom
2025-06-06 19:42:31,727 [Worker-8: Building] INFO  o.e.m.c.i.e.AbstractTransferListenerAdapter - Downloaded https://repo.maven.apache.org/maven2/org/hibernate/hibernate-entitymanager/5.4.4.Final/hibernate-entitymanager-5.4.4.Final.pom
2025-06-06 19:42:31,897 [Worker-8: Building] INFO  o.e.m.c.i.e.AbstractTransferListenerAdapter - Downloading https://repo.maven.apache.org/maven2/mysql/mysql-connector-java/8.0.28/mysql-connector-java-8.0.28.jar
2025-06-06 19:42:34,110 [Worker-8: Building] INFO  o.e.m.c.i.e.AbstractTransferListenerAdapter - Downloaded https://repo.maven.apache.org/maven2/mysql/mysql-connector-java/8.0.28/mysql-connector-java-8.0.28.jar
2025-06-06 19:42:34,212 [BasicRepositoryConnector-repo.maven.apache.org-0-3] INFO  o.e.m.c.i.e.AbstractTransferListenerAdapter - Downloading https://repo.maven.apache.org/maven2/org/javassist/javassist/3.24.0-GA/javassist-3.24.0-GA.jar
2025-06-06 19:42:34,470 [BasicRepositoryConnector-repo.maven.apache.org-0-0] INFO  o.e.m.c.i.e.AbstractTransferListenerAdapter - Downloading https://repo.maven.apache.org/maven2/javax/persistence/javax.persistence-api/2.2/javax.persistence-api-2.2.jar
2025-06-06 19:42:34,471 [BasicRepositoryConnector-repo.maven.apache.org-0-1] INFO  o.e.m.c.i.e.AbstractTransferListenerAdapter - Downloading https://repo.maven.apache.org/maven2/org/hibernate/hibernate-core/5.4.4.Final/hibernate-core-5.4.4.Final.jar
2025-06-06 19:42:34,479 [BasicRepositoryConnector-repo.maven.apache.org-0-4] INFO  o.e.m.c.i.e.AbstractTransferListenerAdapter - Downloading https://repo.maven.apache.org/maven2/net/bytebuddy/byte-buddy/1.9.11/byte-buddy-1.9.11.jar
2025-06-06 19:42:34,625 [BasicRepositoryConnector-repo.maven.apache.org-0-3] INFO  o.e.m.c.i.e.AbstractTransferListenerAdapter - Downloaded https://repo.maven.apache.org/maven2/org/javassist/javassist/3.24.0-GA/javassist-3.24.0-GA.jar
2025-06-06 19:42:34,730 [BasicRepositoryConnector-repo.maven.apache.org-0-3] INFO  o.e.m.c.i.e.AbstractTransferListenerAdapter - Downloading https://repo.maven.apache.org/maven2/antlr/antlr/2.7.7/antlr-2.7.7.jar
2025-06-06 19:42:34,831 [BasicRepositoryConnector-repo.maven.apache.org-0-0] INFO  o.e.m.c.i.e.AbstractTransferListenerAdapter - Downloaded https://repo.maven.apache.org/maven2/javax/persistence/javax.persistence-api/2.2/javax.persistence-api-2.2.jar
2025-06-06 19:42:34,957 [BasicRepositoryConnector-repo.maven.apache.org-0-0] INFO  o.e.m.c.i.e.AbstractTransferListenerAdapter - Downloading https://repo.maven.apache.org/maven2/org/jboss/spec/javax/transaction/jboss-transaction-api_1.2_spec/1.1.1.Final/jboss-transaction-api_1.2_spec-1.1.1.Final.jar
2025-06-06 19:42:34,960 [BasicRepositoryConnector-repo.maven.apache.org-0-3] INFO  o.e.m.c.i.e.AbstractTransferListenerAdapter - Downloaded https://repo.maven.apache.org/maven2/antlr/antlr/2.7.7/antlr-2.7.7.jar
2025-06-06 19:42:35,019 [BasicRepositoryConnector-repo.maven.apache.org-0-0] INFO  o.e.m.c.i.e.AbstractTransferListenerAdapter - Downloaded https://repo.maven.apache.org/maven2/org/jboss/spec/javax/transaction/jboss-transaction-api_1.2_spec/1.1.1.Final/jboss-transaction-api_1.2_spec-1.1.1.Final.jar
2025-06-06 19:42:35,060 [BasicRepositoryConnector-repo.maven.apache.org-0-3] INFO  o.e.m.c.i.e.AbstractTransferListenerAdapter - Downloading https://repo.maven.apache.org/maven2/org/jboss/jandex/2.0.5.Final/jandex-2.0.5.Final.jar
2025-06-06 19:42:35,139 [BasicRepositoryConnector-repo.maven.apache.org-0-0] INFO  o.e.m.c.i.e.AbstractTransferListenerAdapter - Downloading https://repo.maven.apache.org/maven2/com/fasterxml/classmate/1.3.4/classmate-1.3.4.jar
2025-06-06 19:42:35,156 [BasicRepositoryConnector-repo.maven.apache.org-0-3] INFO  o.e.m.c.i.e.AbstractTransferListenerAdapter - Downloaded https://repo.maven.apache.org/maven2/org/jboss/jandex/2.0.5.Final/jandex-2.0.5.Final.jar
2025-06-06 19:42:35,212 [BasicRepositoryConnector-repo.maven.apache.org-0-0] INFO  o.e.m.c.i.e.AbstractTransferListenerAdapter - Downloaded https://repo.maven.apache.org/maven2/com/fasterxml/classmate/1.3.4/classmate-1.3.4.jar
2025-06-06 19:42:35,244 [BasicRepositoryConnector-repo.maven.apache.org-0-3] INFO  o.e.m.c.i.e.AbstractTransferListenerAdapter - Downloading https://repo.maven.apache.org/maven2/javax/activation/javax.activation-api/1.2.0/javax.activation-api-1.2.0.jar
2025-06-06 19:42:35,270 [BasicRepositoryConnector-repo.maven.apache.org-0-3] INFO  o.e.m.c.i.e.AbstractTransferListenerAdapter - Downloaded https://repo.maven.apache.org/maven2/javax/activation/javax.activation-api/1.2.0/javax.activation-api-1.2.0.jar
2025-06-06 19:42:35,293 [BasicRepositoryConnector-repo.maven.apache.org-0-0] INFO  o.e.m.c.i.e.AbstractTransferListenerAdapter - Downloading https://repo.maven.apache.org/maven2/org/dom4j/dom4j/2.1.1/dom4j-2.1.1.jar
2025-06-06 19:42:35,365 [BasicRepositoryConnector-repo.maven.apache.org-0-3] INFO  o.e.m.c.i.e.AbstractTransferListenerAdapter - Downloading https://repo.maven.apache.org/maven2/org/hibernate/common/hibernate-commons-annotations/5.1.0.Final/hibernate-commons-annotations-5.1.0.Final.jar
2025-06-06 19:42:35,392 [BasicRepositoryConnector-repo.maven.apache.org-0-3] INFO  o.e.m.c.i.e.AbstractTransferListenerAdapter - Downloaded https://repo.maven.apache.org/maven2/org/hibernate/common/hibernate-commons-annotations/5.1.0.Final/hibernate-commons-annotations-5.1.0.Final.jar
2025-06-06 19:42:35,459 [BasicRepositoryConnector-repo.maven.apache.org-0-2] INFO  o.e.m.c.i.e.AbstractTransferListenerAdapter - Downloading https://repo.maven.apache.org/maven2/org/jboss/logging/jboss-logging/3.3.2.Final/jboss-logging-3.3.2.Final.jar
2025-06-06 19:42:35,497 [BasicRepositoryConnector-repo.maven.apache.org-0-3] INFO  o.e.m.c.i.e.AbstractTransferListenerAdapter - Downloading https://repo.maven.apache.org/maven2/javax/xml/bind/jaxb-api/2.3.1/jaxb-api-2.3.1.jar
2025-06-06 19:42:35,554 [BasicRepositoryConnector-repo.maven.apache.org-0-3] INFO  o.e.m.c.i.e.AbstractTransferListenerAdapter - Downloaded https://repo.maven.apache.org/maven2/javax/xml/bind/jaxb-api/2.3.1/jaxb-api-2.3.1.jar
2025-06-06 19:42:35,599 [BasicRepositoryConnector-repo.maven.apache.org-0-2] INFO  o.e.m.c.i.e.AbstractTransferListenerAdapter - Downloaded https://repo.maven.apache.org/maven2/org/jboss/logging/jboss-logging/3.3.2.Final/jboss-logging-3.3.2.Final.jar
2025-06-06 19:42:35,661 [BasicRepositoryConnector-repo.maven.apache.org-0-3] INFO  o.e.m.c.i.e.AbstractTransferListenerAdapter - Downloading https://repo.maven.apache.org/maven2/org/glassfish/jaxb/jaxb-runtime/2.3.1/jaxb-runtime-2.3.1.jar
2025-06-06 19:42:35,713 [BasicRepositoryConnector-repo.maven.apache.org-0-2] INFO  o.e.m.c.i.e.AbstractTransferListenerAdapter - Downloading https://repo.maven.apache.org/maven2/org/glassfish/jaxb/txw2/2.3.1/txw2-2.3.1.jar
2025-06-06 19:42:35,759 [BasicRepositoryConnector-repo.maven.apache.org-0-0] INFO  o.e.m.c.i.e.AbstractTransferListenerAdapter - Downloaded https://repo.maven.apache.org/maven2/org/dom4j/dom4j/2.1.1/dom4j-2.1.1.jar
2025-06-06 19:42:35,808 [BasicRepositoryConnector-repo.maven.apache.org-0-2] INFO  o.e.m.c.i.e.AbstractTransferListenerAdapter - Downloaded https://repo.maven.apache.org/maven2/org/glassfish/jaxb/txw2/2.3.1/txw2-2.3.1.jar
2025-06-06 19:42:35,887 [BasicRepositoryConnector-repo.maven.apache.org-0-0] INFO  o.e.m.c.i.e.AbstractTransferListenerAdapter - Downloading https://repo.maven.apache.org/maven2/com/sun/istack/istack-commons-runtime/3.0.7/istack-commons-runtime-3.0.7.jar
2025-06-06 19:42:35,923 [BasicRepositoryConnector-repo.maven.apache.org-0-0] INFO  o.e.m.c.i.e.AbstractTransferListenerAdapter - Downloaded https://repo.maven.apache.org/maven2/com/sun/istack/istack-commons-runtime/3.0.7/istack-commons-runtime-3.0.7.jar
2025-06-06 19:42:35,937 [BasicRepositoryConnector-repo.maven.apache.org-0-2] INFO  o.e.m.c.i.e.AbstractTransferListenerAdapter - Downloading https://repo.maven.apache.org/maven2/org/jvnet/staxex/stax-ex/1.8/stax-ex-1.8.jar
2025-06-06 19:42:35,990 [BasicRepositoryConnector-repo.maven.apache.org-0-2] INFO  o.e.m.c.i.e.AbstractTransferListenerAdapter - Downloaded https://repo.maven.apache.org/maven2/org/jvnet/staxex/stax-ex/1.8/stax-ex-1.8.jar
2025-06-06 19:42:36,054 [BasicRepositoryConnector-repo.maven.apache.org-0-0] INFO  o.e.m.c.i.e.AbstractTransferListenerAdapter - Downloading https://repo.maven.apache.org/maven2/com/sun/xml/fastinfoset/FastInfoset/1.2.15/FastInfoset-1.2.15.jar
2025-06-06 19:42:36,128 [BasicRepositoryConnector-repo.maven.apache.org-0-2] INFO  o.e.m.c.i.e.AbstractTransferListenerAdapter - Downloading https://repo.maven.apache.org/maven2/org/hibernate/hibernate-entitymanager/5.4.4.Final/hibernate-entitymanager-5.4.4.Final.jar
2025-06-06 19:42:36,131 [BasicRepositoryConnector-repo.maven.apache.org-0-2] INFO  o.e.m.c.i.e.AbstractTransferListenerAdapter - Downloaded https://repo.maven.apache.org/maven2/org/hibernate/hibernate-entitymanager/5.4.4.Final/hibernate-entitymanager-5.4.4.Final.jar
2025-06-06 19:42:36,231 [BasicRepositoryConnector-repo.maven.apache.org-0-3] INFO  o.e.m.c.i.e.AbstractTransferListenerAdapter - Downloaded https://repo.maven.apache.org/maven2/org/glassfish/jaxb/jaxb-runtime/2.3.1/jaxb-runtime-2.3.1.jar
2025-06-06 19:42:36,402 [BasicRepositoryConnector-repo.maven.apache.org-0-0] INFO  o.e.m.c.i.e.AbstractTransferListenerAdapter - Downloaded https://repo.maven.apache.org/maven2/com/sun/xml/fastinfoset/FastInfoset/1.2.15/FastInfoset-1.2.15.jar
2025-06-06 19:42:36,925 [BasicRepositoryConnector-repo.maven.apache.org-0-4] INFO  o.e.m.c.i.e.AbstractTransferListenerAdapter - Downloaded https://repo.maven.apache.org/maven2/net/bytebuddy/byte-buddy/1.9.11/byte-buddy-1.9.11.jar
2025-06-06 19:42:37,466 [BasicRepositoryConnector-repo.maven.apache.org-0-1] INFO  o.e.m.c.i.e.AbstractTransferListenerAdapter - Downloaded https://repo.maven.apache.org/maven2/org/hibernate/hibernate-core/5.4.4.Final/hibernate-core-5.4.4.Final.jar
2025-06-06 19:42:38,110 [Worker-8: Building] INFO  o.e.m.c.i.l.LifecycleMappingFactory - Using org.eclipse.m2e.jdt.JarLifecycleMapping lifecycle mapping for MavenProject: org.cibertec:LPII_Sesion04_MV_GIT:0.0.1-SNAPSHOT @ E:\ARCHIVOS\INSTITUTO CIBERTEC CLASES\LENGUAJE DE PROGRAMACI脫N II\CLASES LPII\SESI脫N 04 LPII\LPII_Sesi贸n_04 - Sol\jpa_sesion02\jpa_sesion02\pom.xml.
2025-06-06 19:42:38,350 [Worker-8: Building] INFO  o.a.m.s.f.DefaultMavenResourcesFiltering - Copying 1 resource from src\main\resources to target\classes
2025-06-06 19:42:38,357 [Worker-8: Building] INFO  o.a.m.s.f.DefaultMavenResourcesFiltering - skip non existing resourceDirectory E:\ARCHIVOS\INSTITUTO CIBERTEC CLASES\LENGUAJE DE PROGRAMACI脫N II\CLASES LPII\SESI脫N 04 LPII\LPII_Sesi贸n_04 - Sol\jpa_sesion02\jpa_sesion02\src\test\resources
2025-06-06 19:42:39,236 [Worker-4: Download sources and javadoc] INFO  o.e.m.c.i.e.AbstractTransferListenerAdapter - Downloading https://repo.maven.apache.org/maven2/mysql/mysql-connector-java/8.0.28/mysql-connector-java-8.0.28-sources.jar
2025-06-06 19:42:40,257 [Worker-4: Download sources and javadoc] INFO  o.e.m.c.i.e.AbstractTransferListenerAdapter - Downloaded https://repo.maven.apache.org/maven2/mysql/mysql-connector-java/8.0.28/mysql-connector-java-8.0.28-sources.jar
2025-06-06 19:42:40,261 [Worker-4: Download sources and javadoc] INFO  o.e.m.j.internal.DownloadSourcesJob - Downloaded sources for mysql:mysql-connector-java:8.0.28
2025-06-06 19:42:40,305 [Worker-4: Download sources and javadoc] INFO  o.e.m.c.i.e.AbstractTransferListenerAdapter - Downloading https://repo.maven.apache.org/maven2/javax/persistence/javax.persistence-api/2.2/javax.persistence-api-2.2-sources.jar
2025-06-06 19:42:40,468 [Worker-4: Download sources and javadoc] INFO  o.e.m.c.i.e.AbstractTransferListenerAdapter - Downloaded https://repo.maven.apache.org/maven2/javax/persistence/javax.persistence-api/2.2/javax.persistence-api-2.2-sources.jar
2025-06-06 19:42:40,472 [Worker-4: Download sources and javadoc] INFO  o.e.m.j.internal.DownloadSourcesJob - Downloaded sources for javax.persistence:javax.persistence-api:2.2
2025-06-06 19:42:40,548 [Worker-4: Download sources and javadoc] INFO  o.e.m.c.i.e.AbstractTransferListenerAdapter - Downloading https://repo.maven.apache.org/maven2/org/hibernate/hibernate-core/5.4.4.Final/hibernate-core-5.4.4.Final-sources.jar
2025-06-06 19:42:40,591 [Worker-2: Building] INFO  o.a.m.s.f.DefaultMavenResourcesFiltering - Copying 1 resource from src\main\resources to target\classes
2025-06-06 19:42:40,598 [Worker-2: Building] INFO  o.a.m.s.f.DefaultMavenResourcesFiltering - skip non existing resourceDirectory E:\ARCHIVOS\INSTITUTO CIBERTEC CLASES\LENGUAJE DE PROGRAMACI脫N II\CLASES LPII\SESI脫N 04 LPII\LPII_Sesi贸n_04 - Sol\jpa_sesion02\jpa_sesion02\src\test\resources
2025-06-06 19:42:43,963 [Worker-4: Download sources and javadoc] INFO  o.e.m.c.i.e.AbstractTransferListenerAdapter - Downloaded https://repo.maven.apache.org/maven2/org/hibernate/hibernate-core/5.4.4.Final/hibernate-core-5.4.4.Final-sources.jar
2025-06-06 19:42:43,966 [Worker-4: Download sources and javadoc] INFO  o.e.m.j.internal.DownloadSourcesJob - Downloaded sources for org.hibernate:hibernate-core:5.4.4.Final
2025-06-06 19:42:44,084 [Worker-4: Download sources and javadoc] INFO  o.e.m.c.i.e.AbstractTransferListenerAdapter - Downloading https://repo.maven.apache.org/maven2/org/jboss/logging/jboss-logging/3.3.2.Final/jboss-logging-3.3.2.Final-sources.jar
2025-06-06 19:42:44,179 [Worker-4: Download sources and javadoc] INFO  o.e.m.c.i.e.AbstractTransferListenerAdapter - Downloaded https://repo.maven.apache.org/maven2/org/jboss/logging/jboss-logging/3.3.2.Final/jboss-logging-3.3.2.Final-sources.jar
2025-06-06 19:42:44,181 [Worker-4: Download sources and javadoc] INFO  o.e.m.j.internal.DownloadSourcesJob - Downloaded sources for org.jboss.logging:jboss-logging:3.3.2.Final
2025-06-06 19:42:44,404 [Worker-4: Download sources and javadoc] INFO  o.e.m.c.i.e.AbstractTransferListenerAdapter - Downloading https://repo.maven.apache.org/maven2/org/javassist/javassist/3.24.0-GA/javassist-3.24.0-GA-sources.jar
2025-06-06 19:42:45,068 [Worker-4: Download sources and javadoc] INFO  o.e.m.c.i.e.AbstractTransferListenerAdapter - Downloaded https://repo.maven.apache.org/maven2/org/javassist/javassist/3.24.0-GA/javassist-3.24.0-GA-sources.jar
2025-06-06 19:42:45,070 [Worker-4: Download sources and javadoc] INFO  o.e.m.j.internal.DownloadSourcesJob - Downloaded sources for org.javassist:javassist:3.24.0-GA
2025-06-06 19:42:45,087 [Worker-4: Download sources and javadoc] INFO  o.e.m.c.i.e.AbstractTransferListenerAdapter - Downloading https://repo.maven.apache.org/maven2/net/bytebuddy/byte-buddy/1.9.11/byte-buddy-1.9.11-sources.jar
2025-06-06 19:42:45,451 [Worker-4: Download sources and javadoc] INFO  o.e.m.c.i.e.AbstractTransferListenerAdapter - Downloaded https://repo.maven.apache.org/maven2/net/bytebuddy/byte-buddy/1.9.11/byte-buddy-1.9.11-sources.jar
2025-06-06 19:42:45,453 [Worker-4: Download sources and javadoc] INFO  o.e.m.j.internal.DownloadSourcesJob - Downloaded sources for net.bytebuddy:byte-buddy:1.9.11
2025-06-06 19:42:45,486 [Worker-4: Download sources and javadoc] INFO  o.e.m.c.i.e.AbstractTransferListenerAdapter - Downloaded https://repo.maven.apache.org/maven2/antlr/antlr/2.7.7/antlr-2.7.7-sources.jar
2025-06-06 19:42:45,488 [Worker-4: Download sources and javadoc] ERROR o.e.m.j.internal.DownloadSourcesJob - Could not download sources for antlr:antlr:2.7.7
org.eclipse.core.runtime.CoreException: Could not resolve artifact antlr:antlr:jar:sources:2.7.7
	at org.eclipse.m2e.core.internal.embedder.MavenImpl.lambda$7(MavenImpl.java:540)
	at org.eclipse.m2e.core.internal.embedder.MavenExecutionContext.executeBare(MavenExecutionContext.java:458)
	at org.eclipse.m2e.core.internal.embedder.MavenExecutionContext.execute(MavenExecutionContext.java:292)
	at org.eclipse.m2e.core.internal.embedder.MavenExecutionContext.execute(MavenExecutionContext.java:278)
	at org.eclipse.m2e.core.internal.embedder.MavenImpl.resolve(MavenImpl.java:509)
	at org.eclipse.m2e.core.internal.embedder.MavenImpl.resolve(MavenImpl.java:494)
	at org.eclipse.m2e.jdt.internal.DownloadSourcesJob.download(DownloadSourcesJob.java:308)
	at org.eclipse.m2e.jdt.internal.DownloadSourcesJob.downloadAttachments(DownloadSourcesJob.java:282)
	at org.eclipse.m2e.jdt.internal.DownloadSourcesJob.downloadMaven(DownloadSourcesJob.java:252)
	at org.eclipse.m2e.jdt.internal.DownloadSourcesJob.downloadFilesAndPopulateToUpdate(DownloadSourcesJob.java:220)
	at org.eclipse.m2e.jdt.internal.DownloadSourcesJob.lambda$0(DownloadSourcesJob.java:149)
	at org.eclipse.m2e.core.internal.embedder.MavenExecutionContext.executeBare(MavenExecutionContext.java:458)
	at org.eclipse.m2e.core.internal.embedder.MavenExecutionContext.execute(MavenExecutionContext.java:339)
	at org.eclipse.m2e.core.internal.embedder.MavenExecutionContext.execute(MavenExecutionContext.java:278)
	at org.eclipse.m2e.core.embedder.IMaven.execute(IMaven.java:300)
	at org.eclipse.m2e.jdt.internal.DownloadSourcesJob.run(DownloadSourcesJob.java:149)
	at org.eclipse.core.internal.jobs.Worker.run(Worker.java:63)
2025-06-06 19:42:45,549 [Worker-4: Download sources and javadoc] INFO  o.e.m.c.i.e.AbstractTransferListenerAdapter - Downloading https://repo.maven.apache.org/maven2/org/jboss/spec/javax/transaction/jboss-transaction-api_1.2_spec/1.1.1.Final/jboss-transaction-api_1.2_spec-1.1.1.Final-sources.jar
2025-06-06 19:42:45,552 [Worker-4: Download sources and javadoc] INFO  o.e.m.c.i.e.AbstractTransferListenerAdapter - Downloaded https://repo.maven.apache.org/maven2/org/jboss/spec/javax/transaction/jboss-transaction-api_1.2_spec/1.1.1.Final/jboss-transaction-api_1.2_spec-1.1.1.Final-sources.jar
2025-06-06 19:42:45,554 [Worker-4: Download sources and javadoc] INFO  o.e.m.j.internal.DownloadSourcesJob - Downloaded sources for org.jboss.spec.javax.transaction:jboss-transaction-api_1.2_spec:1.1.1.Final
2025-06-06 19:42:45,618 [Worker-4: Download sources and javadoc] INFO  o.e.m.c.i.e.AbstractTransferListenerAdapter - Downloading https://repo.maven.apache.org/maven2/org/jboss/jandex/2.0.5.Final/jandex-2.0.5.Final-sources.jar
2025-06-06 19:42:45,733 [Worker-4: Download sources and javadoc] INFO  o.e.m.c.i.e.AbstractTransferListenerAdapter - Downloaded https://repo.maven.apache.org/maven2/org/jboss/jandex/2.0.5.Final/jandex-2.0.5.Final-sources.jar
2025-06-06 19:42:45,736 [Worker-4: Download sources and javadoc] INFO  o.e.m.j.internal.DownloadSourcesJob - Downloaded sources for org.jboss:jandex:2.0.5.Final
2025-06-06 19:42:45,792 [Worker-4: Download sources and javadoc] INFO  o.e.m.c.i.e.AbstractTransferListenerAdapter - Downloading https://repo.maven.apache.org/maven2/com/fasterxml/classmate/1.3.4/classmate-1.3.4-sources.jar
2025-06-06 19:42:45,847 [Worker-4: Download sources and javadoc] INFO  o.e.m.c.i.e.AbstractTransferListenerAdapter - Downloaded https://repo.maven.apache.org/maven2/com/fasterxml/classmate/1.3.4/classmate-1.3.4-sources.jar
2025-06-06 19:42:45,850 [Worker-4: Download sources and javadoc] INFO  o.e.m.j.internal.DownloadSourcesJob - Downloaded sources for com.fasterxml:classmate:1.3.4
2025-06-06 19:42:45,914 [Worker-4: Download sources and javadoc] INFO  o.e.m.c.i.e.AbstractTransferListenerAdapter - Downloading https://repo.maven.apache.org/maven2/javax/activation/javax.activation-api/1.2.0/javax.activation-api-1.2.0-sources.jar
2025-06-06 19:42:45,988 [Worker-4: Download sources and javadoc] INFO  o.e.m.c.i.e.AbstractTransferListenerAdapter - Downloaded https://repo.maven.apache.org/maven2/javax/activation/javax.activation-api/1.2.0/javax.activation-api-1.2.0-sources.jar
2025-06-06 19:42:45,990 [Worker-4: Download sources and javadoc] INFO  o.e.m.j.internal.DownloadSourcesJob - Downloaded sources for javax.activation:javax.activation-api:1.2.0
2025-06-06 19:42:46,064 [Worker-4: Download sources and javadoc] INFO  o.e.m.c.i.e.AbstractTransferListenerAdapter - Downloading https://repo.maven.apache.org/maven2/org/dom4j/dom4j/2.1.1/dom4j-2.1.1-sources.jar
2025-06-06 19:42:46,479 [Worker-4: Download sources and javadoc] INFO  o.e.m.c.i.e.AbstractTransferListenerAdapter - Downloaded https://repo.maven.apache.org/maven2/org/dom4j/dom4j/2.1.1/dom4j-2.1.1-sources.jar
2025-06-06 19:42:46,482 [Worker-4: Download sources and javadoc] INFO  o.e.m.j.internal.DownloadSourcesJob - Downloaded sources for org.dom4j:dom4j:2.1.1
2025-06-06 19:42:46,597 [Worker-4: Download sources and javadoc] INFO  o.e.m.c.i.e.AbstractTransferListenerAdapter - Downloading https://repo.maven.apache.org/maven2/org/hibernate/common/hibernate-commons-annotations/5.1.0.Final/hibernate-commons-annotations-5.1.0.Final-sources.jar
2025-06-06 19:42:46,728 [Worker-4: Download sources and javadoc] INFO  o.e.m.c.i.e.AbstractTransferListenerAdapter - Downloaded https://repo.maven.apache.org/maven2/org/hibernate/common/hibernate-commons-annotations/5.1.0.Final/hibernate-commons-annotations-5.1.0.Final-sources.jar
2025-06-06 19:42:46,731 [Worker-4: Download sources and javadoc] INFO  o.e.m.j.internal.DownloadSourcesJob - Downloaded sources for org.hibernate.common:hibernate-commons-annotations:5.1.0.Final
2025-06-06 19:42:46,859 [Worker-4: Download sources and javadoc] INFO  o.e.m.c.i.e.AbstractTransferListenerAdapter - Downloading https://repo.maven.apache.org/maven2/javax/xml/bind/jaxb-api/2.3.1/jaxb-api-2.3.1-sources.jar
2025-06-06 19:42:47,387 [Worker-4: Download sources and javadoc] INFO  o.e.m.c.i.e.AbstractTransferListenerAdapter - Downloaded https://repo.maven.apache.org/maven2/javax/xml/bind/jaxb-api/2.3.1/jaxb-api-2.3.1-sources.jar
2025-06-06 19:42:47,389 [Worker-4: Download sources and javadoc] INFO  o.e.m.j.internal.DownloadSourcesJob - Downloaded sources for javax.xml.bind:jaxb-api:2.3.1
2025-06-06 19:42:47,484 [Worker-4: Download sources and javadoc] INFO  o.e.m.c.i.e.AbstractTransferListenerAdapter - Downloading https://repo.maven.apache.org/maven2/org/glassfish/jaxb/jaxb-runtime/2.3.1/jaxb-runtime-2.3.1-sources.jar
2025-06-06 19:42:48,832 [Worker-4: Download sources and javadoc] INFO  o.e.m.c.i.e.AbstractTransferListenerAdapter - Downloaded https://repo.maven.apache.org/maven2/org/glassfish/jaxb/jaxb-runtime/2.3.1/jaxb-runtime-2.3.1-sources.jar
2025-06-06 19:42:48,835 [Worker-4: Download sources and javadoc] INFO  o.e.m.j.internal.DownloadSourcesJob - Downloaded sources for org.glassfish.jaxb:jaxb-runtime:2.3.1
2025-06-06 19:42:48,962 [Worker-4: Download sources and javadoc] INFO  o.e.m.c.i.e.AbstractTransferListenerAdapter - Downloading https://repo.maven.apache.org/maven2/org/glassfish/jaxb/txw2/2.3.1/txw2-2.3.1-sources.jar
2025-06-06 19:42:49,150 [Worker-4: Download sources and javadoc] INFO  o.e.m.c.i.e.AbstractTransferListenerAdapter - Downloaded https://repo.maven.apache.org/maven2/org/glassfish/jaxb/txw2/2.3.1/txw2-2.3.1-sources.jar
2025-06-06 19:42:49,152 [Worker-4: Download sources and javadoc] INFO  o.e.m.j.internal.DownloadSourcesJob - Downloaded sources for org.glassfish.jaxb:txw2:2.3.1
2025-06-06 19:42:49,306 [Worker-4: Download sources and javadoc] INFO  o.e.m.c.i.e.AbstractTransferListenerAdapter - Downloading https://repo.maven.apache.org/maven2/com/sun/istack/istack-commons-runtime/3.0.7/istack-commons-runtime-3.0.7-sources.jar
2025-06-06 19:42:49,315 [Worker-4: Download sources and javadoc] INFO  o.e.m.c.i.e.AbstractTransferListenerAdapter - Downloaded https://repo.maven.apache.org/maven2/com/sun/istack/istack-commons-runtime/3.0.7/istack-commons-runtime-3.0.7-sources.jar
2025-06-06 19:42:49,318 [Worker-4: Download sources and javadoc] INFO  o.e.m.j.internal.DownloadSourcesJob - Downloaded sources for com.sun.istack:istack-commons-runtime:3.0.7
2025-06-06 19:42:49,488 [Worker-4: Download sources and javadoc] INFO  o.e.m.c.i.e.AbstractTransferListenerAdapter - Downloading https://repo.maven.apache.org/maven2/org/jvnet/staxex/stax-ex/1.8/stax-ex-1.8-sources.jar
2025-06-06 19:42:49,496 [Worker-4: Download sources and javadoc] INFO  o.e.m.c.i.e.AbstractTransferListenerAdapter - Downloaded https://repo.maven.apache.org/maven2/org/jvnet/staxex/stax-ex/1.8/stax-ex-1.8-sources.jar
2025-06-06 19:42:49,499 [Worker-4: Download sources and javadoc] INFO  o.e.m.j.internal.DownloadSourcesJob - Downloaded sources for org.jvnet.staxex:stax-ex:1.8
2025-06-06 19:42:49,643 [Worker-4: Download sources and javadoc] INFO  o.e.m.c.i.e.AbstractTransferListenerAdapter - Downloading https://repo.maven.apache.org/maven2/com/sun/xml/fastinfoset/FastInfoset/1.2.15/FastInfoset-1.2.15-sources.jar
2025-06-06 19:42:50,029 [Worker-4: Download sources and javadoc] INFO  o.e.m.c.i.e.AbstractTransferListenerAdapter - Downloaded https://repo.maven.apache.org/maven2/com/sun/xml/fastinfoset/FastInfoset/1.2.15/FastInfoset-1.2.15-sources.jar
2025-06-06 19:42:50,032 [Worker-4: Download sources and javadoc] INFO  o.e.m.j.internal.DownloadSourcesJob - Downloaded sources for com.sun.xml.fastinfoset:FastInfoset:1.2.15
2025-06-06 19:42:50,152 [Worker-4: Download sources and javadoc] INFO  o.e.m.c.i.e.AbstractTransferListenerAdapter - Downloading https://repo.maven.apache.org/maven2/org/hibernate/hibernate-entitymanager/5.4.4.Final/hibernate-entitymanager-5.4.4.Final-sources.jar
2025-06-06 19:42:50,154 [Worker-4: Download sources and javadoc] INFO  o.e.m.c.i.e.AbstractTransferListenerAdapter - Downloaded https://repo.maven.apache.org/maven2/org/hibernate/hibernate-entitymanager/5.4.4.Final/hibernate-entitymanager-5.4.4.Final-sources.jar
2025-06-06 19:42:50,156 [Worker-4: Download sources and javadoc] INFO  o.e.m.j.internal.DownloadSourcesJob - Downloaded sources for org.hibernate:hibernate-entitymanager:5.4.4.Final
2025-06-06 20:23:36,222 [Worker-17: Launching FrmLogin (1)] INFO  o.a.m.s.f.DefaultMavenResourcesFiltering - Copying 1 resource from src\main\resources to target\classes
2025-06-06 20:23:36,228 [Worker-17: Launching FrmLogin (1)] INFO  o.a.m.s.f.DefaultMavenResourcesFiltering - skip non existing resourceDirectory E:\ARCHIVOS\INSTITUTO CIBERTEC CLASES\LENGUAJE DE PROGRAMACI脫N II\CLASES LPII\SESI脫N 04 LPII\LPII_Sesi贸n_04 - Sol\jpa_sesion02\jpa_sesion02\src\test\resources
2025-06-06 20:23:37,738 [Worker-16: Download sources and javadoc] INFO  o.e.m.c.i.e.AbstractTransferListenerAdapter - Downloaded https://repo.maven.apache.org/maven2/antlr/antlr/2.7.7/antlr-2.7.7-javadoc.jar
2025-06-06 20:23:37,741 [Worker-16: Download sources and javadoc] ERROR o.e.m.j.internal.DownloadSourcesJob - Could not download javadoc for antlr:antlr:2.7.7
org.eclipse.core.runtime.CoreException: Could not resolve artifact antlr:antlr:jar:javadoc:2.7.7
	at org.eclipse.m2e.core.internal.embedder.MavenImpl.lambda$7(MavenImpl.java:540)
	at org.eclipse.m2e.core.internal.embedder.MavenExecutionContext.executeBare(MavenExecutionContext.java:458)
	at org.eclipse.m2e.core.internal.embedder.MavenExecutionContext.execute(MavenExecutionContext.java:292)
	at org.eclipse.m2e.core.internal.embedder.MavenExecutionContext.execute(MavenExecutionContext.java:278)
	at org.eclipse.m2e.core.internal.embedder.MavenImpl.resolve(MavenImpl.java:509)
	at org.eclipse.m2e.core.internal.embedder.MavenImpl.resolve(MavenImpl.java:494)
	at org.eclipse.m2e.jdt.internal.DownloadSourcesJob.download(DownloadSourcesJob.java:308)
	at org.eclipse.m2e.jdt.internal.DownloadSourcesJob.downloadAttachments(DownloadSourcesJob.java:294)
	at org.eclipse.m2e.jdt.internal.DownloadSourcesJob.downloadMaven(DownloadSourcesJob.java:252)
	at org.eclipse.m2e.jdt.internal.DownloadSourcesJob.downloadFilesAndPopulateToUpdate(DownloadSourcesJob.java:220)
	at org.eclipse.m2e.jdt.internal.DownloadSourcesJob.lambda$0(DownloadSourcesJob.java:149)
	at org.eclipse.m2e.core.internal.embedder.MavenExecutionContext.executeBare(MavenExecutionContext.java:458)
	at org.eclipse.m2e.core.internal.embedder.MavenExecutionContext.execute(MavenExecutionContext.java:339)
	at org.eclipse.m2e.core.internal.embedder.MavenExecutionContext.execute(MavenExecutionContext.java:278)
	at org.eclipse.m2e.core.embedder.IMaven.execute(IMaven.java:300)
	at org.eclipse.m2e.jdt.internal.DownloadSourcesJob.run(DownloadSourcesJob.java:149)
	at org.eclipse.core.internal.jobs.Worker.run(Worker.java:63)
2025-06-06 21:02:50,663 [Worker-26: Building] INFO  o.a.m.s.f.DefaultMavenResourcesFiltering - Copying 1 resource from src\main\resources to target\classes
2025-06-06 21:02:50,666 [Worker-26: Building] INFO  o.a.m.s.f.DefaultMavenResourcesFiltering - skip non existing resourceDirectory E:\ARCHIVOS\INSTITUTO CIBERTEC CLASES\LENGUAJE DE PROGRAMACI脫N II\CLASES LPII\SESI脫N 04 LPII\LPII_Sesi贸n_04 - Sol\jpa_sesion02\jpa_sesion02\src\test\resources
2025-09-23 18:01:57,919 [Worker-5: Loading available Gradle versions] INFO  o.e.b.c.i.u.g.PublishedGradleVersions - Gradle version information cache is out-of-date. Trying to update.
2025-09-23 18:04:30,871 [Worker-0: Building] INFO  o.e.m.c.i.e.AbstractTransferListenerAdapter - Downloading https://repo.maven.apache.org/maven2/mysql/mysql-connector-java/8.0.28/mysql-connector-java-8.0.28.pom
2025-09-23 18:04:30,904 [Worker-0: Building] INFO  o.e.m.c.i.e.AbstractTransferListenerAdapter - Downloaded https://repo.maven.apache.org/maven2/mysql/mysql-connector-java/8.0.28/mysql-connector-java-8.0.28.pom
2025-09-23 18:04:30,969 [Worker-0: Building] INFO  o.e.m.c.i.e.AbstractTransferListenerAdapter - Downloading https://repo.maven.apache.org/maven2/org/hibernate/hibernate-core/5.4.4.Final/hibernate-core-5.4.4.Final.pom
2025-09-23 18:04:30,977 [Worker-0: Building] INFO  o.e.m.c.i.e.AbstractTransferListenerAdapter - Downloaded https://repo.maven.apache.org/maven2/org/hibernate/hibernate-core/5.4.4.Final/hibernate-core-5.4.4.Final.pom
2025-09-23 18:04:30,992 [Worker-0: Building] INFO  o.e.m.c.i.e.AbstractTransferListenerAdapter - Downloading https://repo.maven.apache.org/maven2/org/jboss/logging/jboss-logging/3.3.2.Final/jboss-logging-3.3.2.Final.pom
2025-09-23 18:04:31,000 [Worker-0: Building] INFO  o.e.m.c.i.e.AbstractTransferListenerAdapter - Downloaded https://repo.maven.apache.org/maven2/org/jboss/logging/jboss-logging/3.3.2.Final/jboss-logging-3.3.2.Final.pom
2025-09-23 18:04:31,013 [Worker-0: Building] INFO  o.e.m.c.i.e.AbstractTransferListenerAdapter - Downloading https://repo.maven.apache.org/maven2/org/jboss/jboss-parent/15/jboss-parent-15.pom
2025-09-23 18:04:31,028 [Worker-0: Building] INFO  o.e.m.c.i.e.AbstractTransferListenerAdapter - Downloaded https://repo.maven.apache.org/maven2/org/jboss/jboss-parent/15/jboss-parent-15.pom
2025-09-23 18:04:31,054 [Worker-0: Building] INFO  o.e.m.c.i.e.AbstractTransferListenerAdapter - Downloading https://repo.maven.apache.org/maven2/org/javassist/javassist/3.24.0-GA/javassist-3.24.0-GA.pom
2025-09-23 18:04:31,061 [Worker-0: Building] INFO  o.e.m.c.i.e.AbstractTransferListenerAdapter - Downloaded https://repo.maven.apache.org/maven2/org/javassist/javassist/3.24.0-GA/javassist-3.24.0-GA.pom
2025-09-23 18:04:31,079 [Worker-0: Building] INFO  o.e.m.c.i.e.AbstractTransferListenerAdapter - Downloading https://repo.maven.apache.org/maven2/net/bytebuddy/byte-buddy/1.9.11/byte-buddy-1.9.11.pom
2025-09-23 18:04:31,086 [Worker-0: Building] INFO  o.e.m.c.i.e.AbstractTransferListenerAdapter - Downloaded https://repo.maven.apache.org/maven2/net/bytebuddy/byte-buddy/1.9.11/byte-buddy-1.9.11.pom
2025-09-23 18:04:31,100 [Worker-0: Building] INFO  o.e.m.c.i.e.AbstractTransferListenerAdapter - Downloading https://repo.maven.apache.org/maven2/net/bytebuddy/byte-buddy-parent/1.9.11/byte-buddy-parent-1.9.11.pom
2025-09-23 18:04:31,108 [Worker-0: Building] INFO  o.e.m.c.i.e.AbstractTransferListenerAdapter - Downloaded https://repo.maven.apache.org/maven2/net/bytebuddy/byte-buddy-parent/1.9.11/byte-buddy-parent-1.9.11.pom
2025-09-23 18:04:31,123 [Worker-0: Building] INFO  o.e.m.c.i.e.AbstractTransferListenerAdapter - Downloading https://repo.maven.apache.org/maven2/antlr/antlr/2.7.7/antlr-2.7.7.pom
2025-09-23 18:04:31,127 [Worker-0: Building] INFO  o.e.m.c.i.e.AbstractTransferListenerAdapter - Downloaded https://repo.maven.apache.org/maven2/antlr/antlr/2.7.7/antlr-2.7.7.pom
2025-09-23 18:04:31,140 [Worker-0: Building] INFO  o.e.m.c.i.e.AbstractTransferListenerAdapter - Downloading https://repo.maven.apache.org/maven2/org/jboss/spec/javax/transaction/jboss-transaction-api_1.2_spec/1.1.1.Final/jboss-transaction-api_1.2_spec-1.1.1.Final.pom
2025-09-23 18:04:31,145 [Worker-0: Building] INFO  o.e.m.c.i.e.AbstractTransferListenerAdapter - Downloaded https://repo.maven.apache.org/maven2/org/jboss/spec/javax/transaction/jboss-transaction-api_1.2_spec/1.1.1.Final/jboss-transaction-api_1.2_spec-1.1.1.Final.pom
2025-09-23 18:04:31,155 [Worker-0: Building] INFO  o.e.m.c.i.e.AbstractTransferListenerAdapter - Downloading https://repo.maven.apache.org/maven2/org/jboss/jboss-parent/25/jboss-parent-25.pom
2025-09-23 18:04:31,162 [Worker-0: Building] INFO  o.e.m.c.i.e.AbstractTransferListenerAdapter - Downloaded https://repo.maven.apache.org/maven2/org/jboss/jboss-parent/25/jboss-parent-25.pom
2025-09-23 18:04:31,176 [Worker-0: Building] INFO  o.e.m.c.i.e.AbstractTransferListenerAdapter - Downloading https://repo.maven.apache.org/maven2/org/jboss/jandex/2.0.5.Final/jandex-2.0.5.Final.pom
2025-09-23 18:04:31,181 [Worker-0: Building] INFO  o.e.m.c.i.e.AbstractTransferListenerAdapter - Downloaded https://repo.maven.apache.org/maven2/org/jboss/jandex/2.0.5.Final/jandex-2.0.5.Final.pom
2025-09-23 18:04:31,191 [Worker-0: Building] INFO  o.e.m.c.i.e.AbstractTransferListenerAdapter - Downloading https://repo.maven.apache.org/maven2/org/jboss/jboss-parent/12/jboss-parent-12.pom
2025-09-23 18:04:31,196 [Worker-0: Building] INFO  o.e.m.c.i.e.AbstractTransferListenerAdapter - Downloaded https://repo.maven.apache.org/maven2/org/jboss/jboss-parent/12/jboss-parent-12.pom
2025-09-23 18:04:31,213 [Worker-0: Building] INFO  o.e.m.c.i.e.AbstractTransferListenerAdapter - Downloading https://repo.maven.apache.org/maven2/com/fasterxml/classmate/1.3.4/classmate-1.3.4.pom
2025-09-23 18:04:31,216 [Worker-0: Building] INFO  o.e.m.c.i.e.AbstractTransferListenerAdapter - Downloaded https://repo.maven.apache.org/maven2/com/fasterxml/classmate/1.3.4/classmate-1.3.4.pom
2025-09-23 18:04:31,227 [Worker-0: Building] INFO  o.e.m.c.i.e.AbstractTransferListenerAdapter - Downloading https://repo.maven.apache.org/maven2/com/fasterxml/oss-parent/24/oss-parent-24.pom
2025-09-23 18:04:31,231 [Worker-0: Building] INFO  o.e.m.c.i.e.AbstractTransferListenerAdapter - Downloaded https://repo.maven.apache.org/maven2/com/fasterxml/oss-parent/24/oss-parent-24.pom
2025-09-23 18:04:31,248 [Worker-0: Building] INFO  o.e.m.c.i.e.AbstractTransferListenerAdapter - Downloading https://repo.maven.apache.org/maven2/javax/activation/javax.activation-api/1.2.0/javax.activation-api-1.2.0.pom
2025-09-23 18:04:31,251 [Worker-0: Building] INFO  o.e.m.c.i.e.AbstractTransferListenerAdapter - Downloaded https://repo.maven.apache.org/maven2/javax/activation/javax.activation-api/1.2.0/javax.activation-api-1.2.0.pom
2025-09-23 18:04:31,264 [Worker-0: Building] INFO  o.e.m.c.i.e.AbstractTransferListenerAdapter - Downloading https://repo.maven.apache.org/maven2/com/sun/activation/all/1.2.0/all-1.2.0.pom
2025-09-23 18:04:31,269 [Worker-0: Building] INFO  o.e.m.c.i.e.AbstractTransferListenerAdapter - Downloaded https://repo.maven.apache.org/maven2/com/sun/activation/all/1.2.0/all-1.2.0.pom
2025-09-23 18:04:31,289 [Worker-0: Building] INFO  o.e.m.c.i.e.AbstractTransferListenerAdapter - Downloading https://repo.maven.apache.org/maven2/net/java/jvnet-parent/1/jvnet-parent-1.pom
2025-09-23 18:04:31,293 [Worker-0: Building] INFO  o.e.m.c.i.e.AbstractTransferListenerAdapter - Downloaded https://repo.maven.apache.org/maven2/net/java/jvnet-parent/1/jvnet-parent-1.pom
2025-09-23 18:04:31,305 [Worker-0: Building] INFO  o.e.m.c.i.e.AbstractTransferListenerAdapter - Downloading https://repo.maven.apache.org/maven2/org/dom4j/dom4j/2.1.1/dom4j-2.1.1.pom
2025-09-23 18:04:31,309 [Worker-0: Building] INFO  o.e.m.c.i.e.AbstractTransferListenerAdapter - Downloaded https://repo.maven.apache.org/maven2/org/dom4j/dom4j/2.1.1/dom4j-2.1.1.pom
2025-09-23 18:04:31,320 [Worker-0: Building] INFO  o.e.m.c.i.e.AbstractTransferListenerAdapter - Downloading https://repo.maven.apache.org/maven2/org/hibernate/common/hibernate-commons-annotations/5.1.0.Final/hibernate-commons-annotations-5.1.0.Final.pom
2025-09-23 18:04:31,324 [Worker-0: Building] INFO  o.e.m.c.i.e.AbstractTransferListenerAdapter - Downloaded https://repo.maven.apache.org/maven2/org/hibernate/common/hibernate-commons-annotations/5.1.0.Final/hibernate-commons-annotations-5.1.0.Final.pom
2025-09-23 18:04:31,335 [Worker-0: Building] INFO  o.e.m.c.i.e.AbstractTransferListenerAdapter - Downloading https://repo.maven.apache.org/maven2/javax/xml/bind/jaxb-api/2.3.1/jaxb-api-2.3.1.pom
2025-09-23 18:04:31,340 [Worker-0: Building] INFO  o.e.m.c.i.e.AbstractTransferListenerAdapter - Downloaded https://repo.maven.apache.org/maven2/javax/xml/bind/jaxb-api/2.3.1/jaxb-api-2.3.1.pom
2025-09-23 18:04:31,353 [Worker-0: Building] INFO  o.e.m.c.i.e.AbstractTransferListenerAdapter - Downloading https://repo.maven.apache.org/maven2/javax/xml/bind/jaxb-api-parent/2.3.1/jaxb-api-parent-2.3.1.pom
2025-09-23 18:04:31,357 [Worker-0: Building] INFO  o.e.m.c.i.e.AbstractTransferListenerAdapter - Downloaded https://repo.maven.apache.org/maven2/javax/xml/bind/jaxb-api-parent/2.3.1/jaxb-api-parent-2.3.1.pom
2025-09-23 18:04:31,372 [Worker-0: Building] INFO  o.e.m.c.i.e.AbstractTransferListenerAdapter - Downloading https://repo.maven.apache.org/maven2/org/glassfish/jaxb/jaxb-runtime/2.3.1/jaxb-runtime-2.3.1.pom
2025-09-23 18:04:31,375 [Worker-0: Building] INFO  o.e.m.c.i.e.AbstractTransferListenerAdapter - Downloaded https://repo.maven.apache.org/maven2/org/glassfish/jaxb/jaxb-runtime/2.3.1/jaxb-runtime-2.3.1.pom
2025-09-23 18:04:31,387 [Worker-0: Building] INFO  o.e.m.c.i.e.AbstractTransferListenerAdapter - Downloading https://repo.maven.apache.org/maven2/com/sun/xml/bind/mvn/jaxb-runtime-parent/2.3.1/jaxb-runtime-parent-2.3.1.pom
2025-09-23 18:04:31,390 [Worker-0: Building] INFO  o.e.m.c.i.e.AbstractTransferListenerAdapter - Downloaded https://repo.maven.apache.org/maven2/com/sun/xml/bind/mvn/jaxb-runtime-parent/2.3.1/jaxb-runtime-parent-2.3.1.pom
2025-09-23 18:04:31,401 [Worker-0: Building] INFO  o.e.m.c.i.e.AbstractTransferListenerAdapter - Downloading https://repo.maven.apache.org/maven2/com/sun/xml/bind/mvn/jaxb-parent/2.3.1/jaxb-parent-2.3.1.pom
2025-09-23 18:04:31,409 [Worker-0: Building] INFO  o.e.m.c.i.e.AbstractTransferListenerAdapter - Downloaded https://repo.maven.apache.org/maven2/com/sun/xml/bind/mvn/jaxb-parent/2.3.1/jaxb-parent-2.3.1.pom
2025-09-23 18:04:31,424 [Worker-0: Building] INFO  o.e.m.c.i.e.AbstractTransferListenerAdapter - Downloading https://repo.maven.apache.org/maven2/com/sun/xml/bind/jaxb-bom-ext/2.3.1/jaxb-bom-ext-2.3.1.pom
2025-09-23 18:04:31,428 [Worker-0: Building] INFO  o.e.m.c.i.e.AbstractTransferListenerAdapter - Downloaded https://repo.maven.apache.org/maven2/com/sun/xml/bind/jaxb-bom-ext/2.3.1/jaxb-bom-ext-2.3.1.pom
2025-09-23 18:04:31,439 [Worker-0: Building] INFO  o.e.m.c.i.e.AbstractTransferListenerAdapter - Downloading https://repo.maven.apache.org/maven2/org/glassfish/jaxb/jaxb-bom/2.3.1/jaxb-bom-2.3.1.pom
2025-09-23 18:04:31,443 [Worker-0: Building] INFO  o.e.m.c.i.e.AbstractTransferListenerAdapter - Downloaded https://repo.maven.apache.org/maven2/org/glassfish/jaxb/jaxb-bom/2.3.1/jaxb-bom-2.3.1.pom
2025-09-23 18:04:31,458 [Worker-0: Building] INFO  o.e.m.c.i.e.AbstractTransferListenerAdapter - Downloading https://repo.maven.apache.org/maven2/org/glassfish/jaxb/txw2/2.3.1/txw2-2.3.1.pom
2025-09-23 18:04:31,461 [Worker-0: Building] INFO  o.e.m.c.i.e.AbstractTransferListenerAdapter - Downloaded https://repo.maven.apache.org/maven2/org/glassfish/jaxb/txw2/2.3.1/txw2-2.3.1.pom
2025-09-23 18:04:31,473 [Worker-0: Building] INFO  o.e.m.c.i.e.AbstractTransferListenerAdapter - Downloading https://repo.maven.apache.org/maven2/com/sun/xml/bind/mvn/jaxb-txw-parent/2.3.1/jaxb-txw-parent-2.3.1.pom
2025-09-23 18:04:31,477 [Worker-0: Building] INFO  o.e.m.c.i.e.AbstractTransferListenerAdapter - Downloaded https://repo.maven.apache.org/maven2/com/sun/xml/bind/mvn/jaxb-txw-parent/2.3.1/jaxb-txw-parent-2.3.1.pom
2025-09-23 18:04:31,492 [Worker-0: Building] INFO  o.e.m.c.i.e.AbstractTransferListenerAdapter - Downloading https://repo.maven.apache.org/maven2/com/sun/istack/istack-commons-runtime/3.0.7/istack-commons-runtime-3.0.7.pom
2025-09-23 18:04:31,495 [Worker-0: Building] INFO  o.e.m.c.i.e.AbstractTransferListenerAdapter - Downloaded https://repo.maven.apache.org/maven2/com/sun/istack/istack-commons-runtime/3.0.7/istack-commons-runtime-3.0.7.pom
2025-09-23 18:04:31,516 [Worker-0: Building] INFO  o.e.m.c.i.e.AbstractTransferListenerAdapter - Downloading https://repo.maven.apache.org/maven2/com/sun/istack/istack-commons/3.0.7/istack-commons-3.0.7.pom
2025-09-23 18:04:31,520 [Worker-0: Building] INFO  o.e.m.c.i.e.AbstractTransferListenerAdapter - Downloaded https://repo.maven.apache.org/maven2/com/sun/istack/istack-commons/3.0.7/istack-commons-3.0.7.pom
2025-09-23 18:04:31,535 [Worker-0: Building] INFO  o.e.m.c.i.e.AbstractTransferListenerAdapter - Downloading https://repo.maven.apache.org/maven2/org/jvnet/staxex/stax-ex/1.8/stax-ex-1.8.pom
2025-09-23 18:04:31,539 [Worker-0: Building] INFO  o.e.m.c.i.e.AbstractTransferListenerAdapter - Downloaded https://repo.maven.apache.org/maven2/org/jvnet/staxex/stax-ex/1.8/stax-ex-1.8.pom
2025-09-23 18:04:31,554 [Worker-0: Building] INFO  o.e.m.c.i.e.AbstractTransferListenerAdapter - Downloading https://repo.maven.apache.org/maven2/com/sun/xml/fastinfoset/FastInfoset/1.2.15/FastInfoset-1.2.15.pom
2025-09-23 18:04:31,558 [Worker-0: Building] INFO  o.e.m.c.i.e.AbstractTransferListenerAdapter - Downloaded https://repo.maven.apache.org/maven2/com/sun/xml/fastinfoset/FastInfoset/1.2.15/FastInfoset-1.2.15.pom
2025-09-23 18:04:31,571 [Worker-0: Building] INFO  o.e.m.c.i.e.AbstractTransferListenerAdapter - Downloading https://repo.maven.apache.org/maven2/com/sun/xml/fastinfoset/fastinfoset-project/1.2.15/fastinfoset-project-1.2.15.pom
2025-09-23 18:04:31,576 [Worker-0: Building] INFO  o.e.m.c.i.e.AbstractTransferListenerAdapter - Downloaded https://repo.maven.apache.org/maven2/com/sun/xml/fastinfoset/fastinfoset-project/1.2.15/fastinfoset-project-1.2.15.pom
2025-09-23 18:04:31,677 [Worker-0: Building] INFO  o.e.m.c.i.e.AbstractTransferListenerAdapter - Downloading https://repo.maven.apache.org/maven2/org/hibernate/hibernate-entitymanager/5.4.4.Final/hibernate-entitymanager-5.4.4.Final.pom
2025-09-23 18:04:31,681 [Worker-0: Building] INFO  o.e.m.c.i.e.AbstractTransferListenerAdapter - Downloaded https://repo.maven.apache.org/maven2/org/hibernate/hibernate-entitymanager/5.4.4.Final/hibernate-entitymanager-5.4.4.Final.pom
2025-09-23 18:04:31,722 [Worker-0: Building] INFO  o.e.m.c.i.e.AbstractTransferListenerAdapter - Downloading https://repo.maven.apache.org/maven2/mysql/mysql-connector-java/8.0.28/mysql-connector-java-8.0.28.jar
2025-09-23 18:04:31,940 [Worker-0: Building] INFO  o.e.m.c.i.e.AbstractTransferListenerAdapter - Downloaded https://repo.maven.apache.org/maven2/mysql/mysql-connector-java/8.0.28/mysql-connector-java-8.0.28.jar
2025-09-23 18:04:31,947 [BasicRepositoryConnector-repo.maven.apache.org-0-2] INFO  o.e.m.c.i.e.AbstractTransferListenerAdapter - Downloading https://repo.maven.apache.org/maven2/org/javassist/javassist/3.24.0-GA/javassist-3.24.0-GA.jar
2025-09-23 18:04:31,970 [BasicRepositoryConnector-repo.maven.apache.org-0-4] INFO  o.e.m.c.i.e.AbstractTransferListenerAdapter - Downloading https://repo.maven.apache.org/maven2/antlr/antlr/2.7.7/antlr-2.7.7.jar
2025-09-23 18:04:31,976 [BasicRepositoryConnector-repo.maven.apache.org-0-1] INFO  o.e.m.c.i.e.AbstractTransferListenerAdapter - Downloading https://repo.maven.apache.org/maven2/org/jboss/logging/jboss-logging/3.3.2.Final/jboss-logging-3.3.2.Final.jar
2025-09-23 18:04:31,982 [BasicRepositoryConnector-repo.maven.apache.org-0-3] INFO  o.e.m.c.i.e.AbstractTransferListenerAdapter - Downloading https://repo.maven.apache.org/maven2/net/bytebuddy/byte-buddy/1.9.11/byte-buddy-1.9.11.jar
2025-09-23 18:04:31,997 [BasicRepositoryConnector-repo.maven.apache.org-0-0] INFO  o.e.m.c.i.e.AbstractTransferListenerAdapter - Downloading https://repo.maven.apache.org/maven2/org/hibernate/hibernate-core/5.4.4.Final/hibernate-core-5.4.4.Final.jar
2025-09-23 18:04:32,021 [BasicRepositoryConnector-repo.maven.apache.org-0-1] INFO  o.e.m.c.i.e.AbstractTransferListenerAdapter - Downloaded https://repo.maven.apache.org/maven2/org/jboss/logging/jboss-logging/3.3.2.Final/jboss-logging-3.3.2.Final.jar
2025-09-23 18:04:32,037 [BasicRepositoryConnector-repo.maven.apache.org-0-1] INFO  o.e.m.c.i.e.AbstractTransferListenerAdapter - Downloading https://repo.maven.apache.org/maven2/org/jboss/spec/javax/transaction/jboss-transaction-api_1.2_spec/1.1.1.Final/jboss-transaction-api_1.2_spec-1.1.1.Final.jar
2025-09-23 18:04:32,048 [BasicRepositoryConnector-repo.maven.apache.org-0-1] INFO  o.e.m.c.i.e.AbstractTransferListenerAdapter - Downloaded https://repo.maven.apache.org/maven2/org/jboss/spec/javax/transaction/jboss-transaction-api_1.2_spec/1.1.1.Final/jboss-transaction-api_1.2_spec-1.1.1.Final.jar
2025-09-23 18:04:32,061 [BasicRepositoryConnector-repo.maven.apache.org-0-1] INFO  o.e.m.c.i.e.AbstractTransferListenerAdapter - Downloading https://repo.maven.apache.org/maven2/org/jboss/jandex/2.0.5.Final/jandex-2.0.5.Final.jar
2025-09-23 18:04:32,105 [BasicRepositoryConnector-repo.maven.apache.org-0-2] INFO  o.e.m.c.i.e.AbstractTransferListenerAdapter - Downloaded https://repo.maven.apache.org/maven2/org/javassist/javassist/3.24.0-GA/javassist-3.24.0-GA.jar
2025-09-23 18:04:32,110 [BasicRepositoryConnector-repo.maven.apache.org-0-1] INFO  o.e.m.c.i.e.AbstractTransferListenerAdapter - Downloaded https://repo.maven.apache.org/maven2/org/jboss/jandex/2.0.5.Final/jandex-2.0.5.Final.jar
2025-09-23 18:04:32,114 [BasicRepositoryConnector-repo.maven.apache.org-0-2] INFO  o.e.m.c.i.e.AbstractTransferListenerAdapter - Downloading https://repo.maven.apache.org/maven2/com/fasterxml/classmate/1.3.4/classmate-1.3.4.jar
2025-09-23 18:04:32,118 [BasicRepositoryConnector-repo.maven.apache.org-0-4] INFO  o.e.m.c.i.e.AbstractTransferListenerAdapter - Downloaded https://repo.maven.apache.org/maven2/antlr/antlr/2.7.7/antlr-2.7.7.jar
2025-09-23 18:04:32,118 [BasicRepositoryConnector-repo.maven.apache.org-0-1] INFO  o.e.m.c.i.e.AbstractTransferListenerAdapter - Downloading https://repo.maven.apache.org/maven2/javax/activation/javax.activation-api/1.2.0/javax.activation-api-1.2.0.jar
2025-09-23 18:04:32,136 [BasicRepositoryConnector-repo.maven.apache.org-0-4] INFO  o.e.m.c.i.e.AbstractTransferListenerAdapter - Downloading https://repo.maven.apache.org/maven2/org/dom4j/dom4j/2.1.1/dom4j-2.1.1.jar
2025-09-23 18:04:32,139 [BasicRepositoryConnector-repo.maven.apache.org-0-1] INFO  o.e.m.c.i.e.AbstractTransferListenerAdapter - Downloaded https://repo.maven.apache.org/maven2/javax/activation/javax.activation-api/1.2.0/javax.activation-api-1.2.0.jar
2025-09-23 18:04:32,139 [BasicRepositoryConnector-repo.maven.apache.org-0-2] INFO  o.e.m.c.i.e.AbstractTransferListenerAdapter - Downloaded https://repo.maven.apache.org/maven2/com/fasterxml/classmate/1.3.4/classmate-1.3.4.jar
2025-09-23 18:04:32,147 [BasicRepositoryConnector-repo.maven.apache.org-0-2] INFO  o.e.m.c.i.e.AbstractTransferListenerAdapter - Downloading https://repo.maven.apache.org/maven2/javax/xml/bind/jaxb-api/2.3.1/jaxb-api-2.3.1.jar
2025-09-23 18:04:32,147 [BasicRepositoryConnector-repo.maven.apache.org-0-1] INFO  o.e.m.c.i.e.AbstractTransferListenerAdapter - Downloading https://repo.maven.apache.org/maven2/org/hibernate/common/hibernate-commons-annotations/5.1.0.Final/hibernate-commons-annotations-5.1.0.Final.jar
2025-09-23 18:04:32,189 [BasicRepositoryConnector-repo.maven.apache.org-0-1] INFO  o.e.m.c.i.e.AbstractTransferListenerAdapter - Downloaded https://repo.maven.apache.org/maven2/org/hibernate/common/hibernate-commons-annotations/5.1.0.Final/hibernate-commons-annotations-5.1.0.Final.jar
2025-09-23 18:04:32,191 [BasicRepositoryConnector-repo.maven.apache.org-0-2] INFO  o.e.m.c.i.e.AbstractTransferListenerAdapter - Downloaded https://repo.maven.apache.org/maven2/javax/xml/bind/jaxb-api/2.3.1/jaxb-api-2.3.1.jar
2025-09-23 18:04:32,200 [BasicRepositoryConnector-repo.maven.apache.org-0-1] INFO  o.e.m.c.i.e.AbstractTransferListenerAdapter - Downloading https://repo.maven.apache.org/maven2/org/glassfish/jaxb/jaxb-runtime/2.3.1/jaxb-runtime-2.3.1.jar
2025-09-23 18:04:32,201 [BasicRepositoryConnector-repo.maven.apache.org-0-2] INFO  o.e.m.c.i.e.AbstractTransferListenerAdapter - Downloading https://repo.maven.apache.org/maven2/org/glassfish/jaxb/txw2/2.3.1/txw2-2.3.1.jar
2025-09-23 18:04:32,223 [BasicRepositoryConnector-repo.maven.apache.org-0-4] INFO  o.e.m.c.i.e.AbstractTransferListenerAdapter - Downloaded https://repo.maven.apache.org/maven2/org/dom4j/dom4j/2.1.1/dom4j-2.1.1.jar
2025-09-23 18:04:32,235 [BasicRepositoryConnector-repo.maven.apache.org-0-2] INFO  o.e.m.c.i.e.AbstractTransferListenerAdapter - Downloaded https://repo.maven.apache.org/maven2/org/glassfish/jaxb/txw2/2.3.1/txw2-2.3.1.jar
2025-09-23 18:04:32,235 [BasicRepositoryConnector-repo.maven.apache.org-0-4] INFO  o.e.m.c.i.e.AbstractTransferListenerAdapter - Downloading https://repo.maven.apache.org/maven2/com/sun/istack/istack-commons-runtime/3.0.7/istack-commons-runtime-3.0.7.jar
2025-09-23 18:04:32,244 [BasicRepositoryConnector-repo.maven.apache.org-0-4] INFO  o.e.m.c.i.e.AbstractTransferListenerAdapter - Downloaded https://repo.maven.apache.org/maven2/com/sun/istack/istack-commons-runtime/3.0.7/istack-commons-runtime-3.0.7.jar
2025-09-23 18:04:32,247 [BasicRepositoryConnector-repo.maven.apache.org-0-2] INFO  o.e.m.c.i.e.AbstractTransferListenerAdapter - Downloading https://repo.maven.apache.org/maven2/org/jvnet/staxex/stax-ex/1.8/stax-ex-1.8.jar
2025-09-23 18:04:32,257 [BasicRepositoryConnector-repo.maven.apache.org-0-4] INFO  o.e.m.c.i.e.AbstractTransferListenerAdapter - Downloading https://repo.maven.apache.org/maven2/com/sun/xml/fastinfoset/FastInfoset/1.2.15/FastInfoset-1.2.15.jar
2025-09-23 18:04:32,261 [BasicRepositoryConnector-repo.maven.apache.org-0-2] INFO  o.e.m.c.i.e.AbstractTransferListenerAdapter - Downloaded https://repo.maven.apache.org/maven2/org/jvnet/staxex/stax-ex/1.8/stax-ex-1.8.jar
2025-09-23 18:04:32,351 [BasicRepositoryConnector-repo.maven.apache.org-0-4] INFO  o.e.m.c.i.e.AbstractTransferListenerAdapter - Downloaded https://repo.maven.apache.org/maven2/com/sun/xml/fastinfoset/FastInfoset/1.2.15/FastInfoset-1.2.15.jar
2025-09-23 18:04:32,363 [BasicRepositoryConnector-repo.maven.apache.org-0-2] INFO  o.e.m.c.i.e.AbstractTransferListenerAdapter - Downloading https://repo.maven.apache.org/maven2/org/hibernate/hibernate-entitymanager/5.4.4.Final/hibernate-entitymanager-5.4.4.Final.jar
2025-09-23 18:04:32,366 [BasicRepositoryConnector-repo.maven.apache.org-0-2] INFO  o.e.m.c.i.e.AbstractTransferListenerAdapter - Downloaded https://repo.maven.apache.org/maven2/org/hibernate/hibernate-entitymanager/5.4.4.Final/hibernate-entitymanager-5.4.4.Final.jar
2025-09-23 18:04:32,511 [BasicRepositoryConnector-repo.maven.apache.org-0-1] INFO  o.e.m.c.i.e.AbstractTransferListenerAdapter - Downloaded https://repo.maven.apache.org/maven2/org/glassfish/jaxb/jaxb-runtime/2.3.1/jaxb-runtime-2.3.1.jar
2025-09-23 18:04:32,866 [BasicRepositoryConnector-repo.maven.apache.org-0-3] INFO  o.e.m.c.i.e.AbstractTransferListenerAdapter - Downloaded https://repo.maven.apache.org/maven2/net/bytebuddy/byte-buddy/1.9.11/byte-buddy-1.9.11.jar
2025-09-23 18:04:33,161 [BasicRepositoryConnector-repo.maven.apache.org-0-0] INFO  o.e.m.c.i.e.AbstractTransferListenerAdapter - Downloaded https://repo.maven.apache.org/maven2/org/hibernate/hibernate-core/5.4.4.Final/hibernate-core-5.4.4.Final.jar
2025-09-23 18:04:33,883 [Worker-0: Building] INFO  o.e.m.c.i.l.LifecycleMappingFactory - Using org.eclipse.m2e.jdt.JarLifecycleMapping lifecycle mapping for MavenProject: org.cibertec:LPII_Sesion04_MV_GIT:0.0.1-SNAPSHOT @ F:\ARCHIVOS\INSTITUTO CIBERTEC CLASES\LENGUAJE DE PROGRAMACI脫N II\CLASES LPII\SESI脫N 04 LPII\LPII_Sesi贸n_04 - Sol\jpa_sesion02\jpa_sesion02\pom.xml.
2025-09-23 18:04:34,208 [Worker-0: Building] INFO  o.a.m.s.f.DefaultMavenResourcesFiltering - Copying 1 resource from src\main\resources to target\classes
2025-09-23 18:04:34,220 [Worker-0: Building] INFO  o.a.m.s.f.DefaultMavenResourcesFiltering - skip non existing resourceDirectory F:\ARCHIVOS\INSTITUTO CIBERTEC CLASES\LENGUAJE DE PROGRAMACI脫N II\CLASES LPII\SESI脫N 04 LPII\LPII_Sesi贸n_04 - Sol\jpa_sesion02\jpa_sesion02\src\test\resources
2025-09-23 18:04:34,964 [Worker-6: Download sources and javadoc] INFO  o.e.m.c.i.e.AbstractTransferListenerAdapter - Downloading https://repo.maven.apache.org/maven2/mysql/mysql-connector-java/8.0.28/mysql-connector-java-8.0.28-sources.jar
2025-09-23 18:04:35,106 [Worker-6: Download sources and javadoc] INFO  o.e.m.c.i.e.AbstractTransferListenerAdapter - Downloaded https://repo.maven.apache.org/maven2/mysql/mysql-connector-java/8.0.28/mysql-connector-java-8.0.28-sources.jar
2025-09-23 18:04:35,111 [Worker-6: Download sources and javadoc] INFO  o.e.m.j.internal.DownloadSourcesJob - Downloaded sources for mysql:mysql-connector-java:8.0.28
2025-09-23 18:04:35,509 [Worker-6: Download sources and javadoc] INFO  o.e.m.c.i.e.AbstractTransferListenerAdapter - Downloading https://repo.maven.apache.org/maven2/org/hibernate/hibernate-core/5.4.4.Final/hibernate-core-5.4.4.Final-sources.jar
2025-09-23 18:04:35,949 [Worker-6: Download sources and javadoc] INFO  o.e.m.c.i.e.AbstractTransferListenerAdapter - Downloaded https://repo.maven.apache.org/maven2/org/hibernate/hibernate-core/5.4.4.Final/hibernate-core-5.4.4.Final-sources.jar
2025-09-23 18:04:35,954 [Worker-6: Download sources and javadoc] INFO  o.e.m.j.internal.DownloadSourcesJob - Downloaded sources for org.hibernate:hibernate-core:5.4.4.Final
2025-09-23 18:04:35,986 [Worker-6: Download sources and javadoc] INFO  o.e.m.c.i.e.AbstractTransferListenerAdapter - Downloading https://repo.maven.apache.org/maven2/org/jboss/logging/jboss-logging/3.3.2.Final/jboss-logging-3.3.2.Final-sources.jar
2025-09-23 18:04:36,005 [Worker-6: Download sources and javadoc] INFO  o.e.m.c.i.e.AbstractTransferListenerAdapter - Downloaded https://repo.maven.apache.org/maven2/org/jboss/logging/jboss-logging/3.3.2.Final/jboss-logging-3.3.2.Final-sources.jar
2025-09-23 18:04:36,010 [Worker-6: Download sources and javadoc] INFO  o.e.m.j.internal.DownloadSourcesJob - Downloaded sources for org.jboss.logging:jboss-logging:3.3.2.Final
2025-09-23 18:04:36,035 [Worker-6: Download sources and javadoc] INFO  o.e.m.c.i.e.AbstractTransferListenerAdapter - Downloading https://repo.maven.apache.org/maven2/org/javassist/javassist/3.24.0-GA/javassist-3.24.0-GA-sources.jar
2025-09-23 18:04:36,087 [Worker-6: Download sources and javadoc] INFO  o.e.m.c.i.e.AbstractTransferListenerAdapter - Downloaded https://repo.maven.apache.org/maven2/org/javassist/javassist/3.24.0-GA/javassist-3.24.0-GA-sources.jar
2025-09-23 18:04:36,091 [Worker-6: Download sources and javadoc] INFO  o.e.m.j.internal.DownloadSourcesJob - Downloaded sources for org.javassist:javassist:3.24.0-GA
2025-09-23 18:04:36,208 [Worker-6: Download sources and javadoc] INFO  o.e.m.c.i.e.AbstractTransferListenerAdapter - Downloading https://repo.maven.apache.org/maven2/net/bytebuddy/byte-buddy/1.9.11/byte-buddy-1.9.11-sources.jar
2025-09-23 18:04:36,311 [Worker-6: Download sources and javadoc] INFO  o.e.m.c.i.e.AbstractTransferListenerAdapter - Downloaded https://repo.maven.apache.org/maven2/net/bytebuddy/byte-buddy/1.9.11/byte-buddy-1.9.11-sources.jar
2025-09-23 18:04:36,315 [Worker-6: Download sources and javadoc] INFO  o.e.m.j.internal.DownloadSourcesJob - Downloaded sources for net.bytebuddy:byte-buddy:1.9.11
2025-09-23 18:04:36,444 [Worker-6: Download sources and javadoc] INFO  o.e.m.c.i.e.AbstractTransferListenerAdapter - Downloaded https://repo.maven.apache.org/maven2/antlr/antlr/2.7.7/antlr-2.7.7-sources.jar
2025-09-23 18:04:36,448 [Worker-6: Download sources and javadoc] ERROR o.e.m.j.internal.DownloadSourcesJob - Could not download sources for antlr:antlr:2.7.7
org.eclipse.core.runtime.CoreException: Could not resolve artifact antlr:antlr:jar:sources:2.7.7
	at org.eclipse.m2e.core.internal.embedder.MavenImpl.lambda$7(MavenImpl.java:540)
	at org.eclipse.m2e.core.internal.embedder.MavenExecutionContext.executeBare(MavenExecutionContext.java:458)
	at org.eclipse.m2e.core.internal.embedder.MavenExecutionContext.execute(MavenExecutionContext.java:292)
	at org.eclipse.m2e.core.internal.embedder.MavenExecutionContext.execute(MavenExecutionContext.java:278)
	at org.eclipse.m2e.core.internal.embedder.MavenImpl.resolve(MavenImpl.java:509)
	at org.eclipse.m2e.core.internal.embedder.MavenImpl.resolve(MavenImpl.java:494)
	at org.eclipse.m2e.jdt.internal.DownloadSourcesJob.download(DownloadSourcesJob.java:308)
	at org.eclipse.m2e.jdt.internal.DownloadSourcesJob.downloadAttachments(DownloadSourcesJob.java:282)
	at org.eclipse.m2e.jdt.internal.DownloadSourcesJob.downloadMaven(DownloadSourcesJob.java:252)
	at org.eclipse.m2e.jdt.internal.DownloadSourcesJob.downloadFilesAndPopulateToUpdate(DownloadSourcesJob.java:220)
	at org.eclipse.m2e.jdt.internal.DownloadSourcesJob.lambda$0(DownloadSourcesJob.java:149)
	at org.eclipse.m2e.core.internal.embedder.MavenExecutionContext.executeBare(MavenExecutionContext.java:458)
	at org.eclipse.m2e.core.internal.embedder.MavenExecutionContext.execute(MavenExecutionContext.java:339)
	at org.eclipse.m2e.core.internal.embedder.MavenExecutionContext.execute(MavenExecutionContext.java:278)
	at org.eclipse.m2e.core.embedder.IMaven.execute(IMaven.java:300)
	at org.eclipse.m2e.jdt.internal.DownloadSourcesJob.run(DownloadSourcesJob.java:149)
	at org.eclipse.core.internal.jobs.Worker.run(Worker.java:63)
2025-09-23 18:04:36,495 [Worker-6: Download sources and javadoc] INFO  o.e.m.c.i.e.AbstractTransferListenerAdapter - Downloading https://repo.maven.apache.org/maven2/org/jboss/spec/javax/transaction/jboss-transaction-api_1.2_spec/1.1.1.Final/jboss-transaction-api_1.2_spec-1.1.1.Final-sources.jar
2025-09-23 18:04:36,512 [Worker-6: Download sources and javadoc] INFO  o.e.m.c.i.e.AbstractTransferListenerAdapter - Downloaded https://repo.maven.apache.org/maven2/org/jboss/spec/javax/transaction/jboss-transaction-api_1.2_spec/1.1.1.Final/jboss-transaction-api_1.2_spec-1.1.1.Final-sources.jar
2025-09-23 18:04:36,517 [Worker-6: Download sources and javadoc] INFO  o.e.m.j.internal.DownloadSourcesJob - Downloaded sources for org.jboss.spec.javax.transaction:jboss-transaction-api_1.2_spec:1.1.1.Final
2025-09-23 18:04:36,536 [Worker-6: Download sources and javadoc] INFO  o.e.m.c.i.e.AbstractTransferListenerAdapter - Downloading https://repo.maven.apache.org/maven2/org/jboss/jandex/2.0.5.Final/jandex-2.0.5.Final-sources.jar
2025-09-23 18:04:36,551 [Worker-6: Download sources and javadoc] INFO  o.e.m.c.i.e.AbstractTransferListenerAdapter - Downloaded https://repo.maven.apache.org/maven2/org/jboss/jandex/2.0.5.Final/jandex-2.0.5.Final-sources.jar
2025-09-23 18:04:36,555 [Worker-6: Download sources and javadoc] INFO  o.e.m.j.internal.DownloadSourcesJob - Downloaded sources for org.jboss:jandex:2.0.5.Final
2025-09-23 18:04:36,576 [Worker-6: Download sources and javadoc] INFO  o.e.m.c.i.e.AbstractTransferListenerAdapter - Downloading https://repo.maven.apache.org/maven2/com/fasterxml/classmate/1.3.4/classmate-1.3.4-sources.jar
2025-09-23 18:04:36,584 [Worker-6: Download sources and javadoc] INFO  o.e.m.c.i.e.AbstractTransferListenerAdapter - Downloaded https://repo.maven.apache.org/maven2/com/fasterxml/classmate/1.3.4/classmate-1.3.4-sources.jar
2025-09-23 18:04:36,587 [Worker-6: Download sources and javadoc] INFO  o.e.m.j.internal.DownloadSourcesJob - Downloaded sources for com.fasterxml:classmate:1.3.4
2025-09-23 18:04:36,608 [Worker-6: Download sources and javadoc] INFO  o.e.m.c.i.e.AbstractTransferListenerAdapter - Downloading https://repo.maven.apache.org/maven2/javax/activation/javax.activation-api/1.2.0/javax.activation-api-1.2.0-sources.jar
2025-09-23 18:04:36,619 [Worker-6: Download sources and javadoc] INFO  o.e.m.c.i.e.AbstractTransferListenerAdapter - Downloaded https://repo.maven.apache.org/maven2/javax/activation/javax.activation-api/1.2.0/javax.activation-api-1.2.0-sources.jar
2025-09-23 18:04:36,624 [Worker-6: Download sources and javadoc] INFO  o.e.m.j.internal.DownloadSourcesJob - Downloaded sources for javax.activation:javax.activation-api:1.2.0
2025-09-23 18:04:36,649 [Worker-6: Download sources and javadoc] INFO  o.e.m.c.i.e.AbstractTransferListenerAdapter - Downloading https://repo.maven.apache.org/maven2/org/dom4j/dom4j/2.1.1/dom4j-2.1.1-sources.jar
2025-09-23 18:04:36,691 [Worker-6: Download sources and javadoc] INFO  o.e.m.c.i.e.AbstractTransferListenerAdapter - Downloaded https://repo.maven.apache.org/maven2/org/dom4j/dom4j/2.1.1/dom4j-2.1.1-sources.jar
2025-09-23 18:04:36,696 [Worker-6: Download sources and javadoc] INFO  o.e.m.j.internal.DownloadSourcesJob - Downloaded sources for org.dom4j:dom4j:2.1.1
2025-09-23 18:04:36,716 [Worker-6: Download sources and javadoc] INFO  o.e.m.c.i.e.AbstractTransferListenerAdapter - Downloading https://repo.maven.apache.org/maven2/org/hibernate/common/hibernate-commons-annotations/5.1.0.Final/hibernate-commons-annotations-5.1.0.Final-sources.jar
2025-09-23 18:04:36,725 [Worker-6: Download sources and javadoc] INFO  o.e.m.c.i.e.AbstractTransferListenerAdapter - Downloaded https://repo.maven.apache.org/maven2/org/hibernate/common/hibernate-commons-annotations/5.1.0.Final/hibernate-commons-annotations-5.1.0.Final-sources.jar
2025-09-23 18:04:36,731 [Worker-6: Download sources and javadoc] INFO  o.e.m.j.internal.DownloadSourcesJob - Downloaded sources for org.hibernate.common:hibernate-commons-annotations:5.1.0.Final
2025-09-23 18:04:36,754 [Worker-6: Download sources and javadoc] INFO  o.e.m.c.i.e.AbstractTransferListenerAdapter - Downloading https://repo.maven.apache.org/maven2/javax/xml/bind/jaxb-api/2.3.1/jaxb-api-2.3.1-sources.jar
2025-09-23 18:04:36,781 [Worker-6: Download sources and javadoc] INFO  o.e.m.c.i.e.AbstractTransferListenerAdapter - Downloaded https://repo.maven.apache.org/maven2/javax/xml/bind/jaxb-api/2.3.1/jaxb-api-2.3.1-sources.jar
2025-09-23 18:04:36,785 [Worker-6: Download sources and javadoc] INFO  o.e.m.j.internal.DownloadSourcesJob - Downloaded sources for javax.xml.bind:jaxb-api:2.3.1
2025-09-23 18:04:36,801 [Worker-0: Building] INFO  o.a.m.s.f.DefaultMavenResourcesFiltering - Copying 1 resource from src\main\resources to target\classes
2025-09-23 18:04:36,805 [Worker-6: Download sources and javadoc] INFO  o.e.m.c.i.e.AbstractTransferListenerAdapter - Downloading https://repo.maven.apache.org/maven2/org/glassfish/jaxb/jaxb-runtime/2.3.1/jaxb-runtime-2.3.1-sources.jar
2025-09-23 18:04:36,808 [Worker-0: Building] INFO  o.a.m.s.f.DefaultMavenResourcesFiltering - skip non existing resourceDirectory F:\ARCHIVOS\INSTITUTO CIBERTEC CLASES\LENGUAJE DE PROGRAMACI脫N II\CLASES LPII\SESI脫N 04 LPII\LPII_Sesi贸n_04 - Sol\jpa_sesion02\jpa_sesion02\src\test\resources
2025-09-23 18:04:36,909 [Worker-6: Download sources and javadoc] INFO  o.e.m.c.i.e.AbstractTransferListenerAdapter - Downloaded https://repo.maven.apache.org/maven2/org/glassfish/jaxb/jaxb-runtime/2.3.1/jaxb-runtime-2.3.1-sources.jar
2025-09-23 18:04:36,914 [Worker-6: Download sources and javadoc] INFO  o.e.m.j.internal.DownloadSourcesJob - Downloaded sources for org.glassfish.jaxb:jaxb-runtime:2.3.1
2025-09-23 18:04:36,935 [Worker-6: Download sources and javadoc] INFO  o.e.m.c.i.e.AbstractTransferListenerAdapter - Downloading https://repo.maven.apache.org/maven2/org/glassfish/jaxb/txw2/2.3.1/txw2-2.3.1-sources.jar
2025-09-23 18:04:36,948 [Worker-6: Download sources and javadoc] INFO  o.e.m.c.i.e.AbstractTransferListenerAdapter - Downloaded https://repo.maven.apache.org/maven2/org/glassfish/jaxb/txw2/2.3.1/txw2-2.3.1-sources.jar
2025-09-23 18:04:36,953 [Worker-6: Download sources and javadoc] INFO  o.e.m.j.internal.DownloadSourcesJob - Downloaded sources for org.glassfish.jaxb:txw2:2.3.1
2025-09-23 18:04:36,973 [Worker-6: Download sources and javadoc] INFO  o.e.m.c.i.e.AbstractTransferListenerAdapter - Downloading https://repo.maven.apache.org/maven2/com/sun/istack/istack-commons-runtime/3.0.7/istack-commons-runtime-3.0.7-sources.jar
2025-09-23 18:04:36,981 [Worker-6: Download sources and javadoc] INFO  o.e.m.c.i.e.AbstractTransferListenerAdapter - Downloaded https://repo.maven.apache.org/maven2/com/sun/istack/istack-commons-runtime/3.0.7/istack-commons-runtime-3.0.7-sources.jar
2025-09-23 18:04:36,986 [Worker-6: Download sources and javadoc] INFO  o.e.m.j.internal.DownloadSourcesJob - Downloaded sources for com.sun.istack:istack-commons-runtime:3.0.7
2025-09-23 18:04:37,007 [Worker-6: Download sources and javadoc] INFO  o.e.m.c.i.e.AbstractTransferListenerAdapter - Downloading https://repo.maven.apache.org/maven2/org/jvnet/staxex/stax-ex/1.8/stax-ex-1.8-sources.jar
2025-09-23 18:04:37,015 [Worker-6: Download sources and javadoc] INFO  o.e.m.c.i.e.AbstractTransferListenerAdapter - Downloaded https://repo.maven.apache.org/maven2/org/jvnet/staxex/stax-ex/1.8/stax-ex-1.8-sources.jar
2025-09-23 18:04:37,019 [Worker-6: Download sources and javadoc] INFO  o.e.m.j.internal.DownloadSourcesJob - Downloaded sources for org.jvnet.staxex:stax-ex:1.8
2025-09-23 18:04:37,046 [Worker-6: Download sources and javadoc] INFO  o.e.m.c.i.e.AbstractTransferListenerAdapter - Downloading https://repo.maven.apache.org/maven2/com/sun/xml/fastinfoset/FastInfoset/1.2.15/FastInfoset-1.2.15-sources.jar
2025-09-23 18:04:37,075 [Worker-6: Download sources and javadoc] INFO  o.e.m.c.i.e.AbstractTransferListenerAdapter - Downloaded https://repo.maven.apache.org/maven2/com/sun/xml/fastinfoset/FastInfoset/1.2.15/FastInfoset-1.2.15-sources.jar
2025-09-23 18:04:37,080 [Worker-6: Download sources and javadoc] INFO  o.e.m.j.internal.DownloadSourcesJob - Downloaded sources for com.sun.xml.fastinfoset:FastInfoset:1.2.15
2025-09-23 18:04:37,270 [Worker-6: Download sources and javadoc] INFO  o.e.m.c.i.e.AbstractTransferListenerAdapter - Downloading https://repo.maven.apache.org/maven2/org/hibernate/hibernate-entitymanager/5.4.4.Final/hibernate-entitymanager-5.4.4.Final-sources.jar
2025-09-23 18:04:37,275 [Worker-6: Download sources and javadoc] INFO  o.e.m.c.i.e.AbstractTransferListenerAdapter - Downloaded https://repo.maven.apache.org/maven2/org/hibernate/hibernate-entitymanager/5.4.4.Final/hibernate-entitymanager-5.4.4.Final-sources.jar
2025-09-23 18:04:37,280 [Worker-6: Download sources and javadoc] INFO  o.e.m.j.internal.DownloadSourcesJob - Downloaded sources for org.hibernate:hibernate-entitymanager:5.4.4.Final
2025-09-23 18:10:04,716 [Worker-2: Building] INFO  o.a.m.s.f.DefaultMavenResourcesFiltering - Copying 1 resource from src\main\resources to target\classes
2025-09-23 18:10:04,719 [Worker-2: Building] INFO  o.a.m.s.f.DefaultMavenResourcesFiltering - skip non existing resourceDirectory F:\ARCHIVOS\INSTITUTO CIBERTEC CLASES\LENGUAJE DE PROGRAMACI脫N II\CLASES LPII\SESI脫N 04 LPII\LPII_Sesi贸n_04 - Sol\jpa_sesion02\jpa_sesion02\src\test\resources
2025-09-23 18:10:11,592 [Worker-14: Building] INFO  o.a.m.s.f.DefaultMavenResourcesFiltering - Copying 1 resource from src\main\resources to target\classes
2025-09-23 18:10:11,595 [Worker-14: Building] INFO  o.a.m.s.f.DefaultMavenResourcesFiltering - skip non existing resourceDirectory F:\ARCHIVOS\INSTITUTO CIBERTEC CLASES\LENGUAJE DE PROGRAMACI脫N II\CLASES LPII\SESI脫N 04 LPII\LPII_Sesi贸n_04 - Sol\jpa_sesion02\jpa_sesion02\src\test\resources
2025-09-23 18:10:18,889 [Worker-13: Building] INFO  o.a.m.s.f.DefaultMavenResourcesFiltering - Copying 1 resource from src\main\resources to target\classes
2025-09-23 18:10:18,891 [Worker-13: Building] INFO  o.a.m.s.f.DefaultMavenResourcesFiltering - skip non existing resourceDirectory F:\ARCHIVOS\INSTITUTO CIBERTEC CLASES\LENGUAJE DE PROGRAMACI脫N II\CLASES LPII\SESI脫N 04 LPII\LPII_Sesi贸n_04 - Sol\jpa_sesion02\jpa_sesion02\src\test\resources
2025-09-23 18:13:35,496 [Worker-7: Loading available Gradle versions] INFO  o.e.b.c.i.u.g.PublishedGradleVersions - Gradle version information cache is up-to-date. Trying to read.
2025-09-23 18:16:10,590 [Worker-4: Loading available Gradle versions] INFO  o.e.b.c.i.u.g.PublishedGradleVersions - Gradle version information cache is up-to-date. Trying to read.
2025-09-23 18:17:08,181 [Worker-9: Launching FrmManteProd (1)] INFO  o.a.m.s.f.DefaultMavenResourcesFiltering - Copying 1 resource from src\main\resources to target\classes
2025-09-23 18:17:08,194 [Worker-9: Launching FrmManteProd (1)] INFO  o.a.m.s.f.DefaultMavenResourcesFiltering - skip non existing resourceDirectory F:\ARCHIVOS\INSTITUTO CIBERTEC CLASES\LENGUAJE DE PROGRAMACI脫N II\CLASES LPII\SESI脫N 04 LPII\LPII_Sesi贸n_04 - Sol\jpa_sesion02\jpa_sesion02\src\test\resources
2025-09-23 18:17:10,332 [Worker-0: Download sources and javadoc] INFO  o.e.m.c.i.e.AbstractTransferListenerAdapter - Downloaded https://repo.maven.apache.org/maven2/antlr/antlr/2.7.7/antlr-2.7.7-javadoc.jar
2025-09-23 18:17:10,336 [Worker-0: Download sources and javadoc] ERROR o.e.m.j.internal.DownloadSourcesJob - Could not download javadoc for antlr:antlr:2.7.7
org.eclipse.core.runtime.CoreException: Could not resolve artifact antlr:antlr:jar:javadoc:2.7.7
	at org.eclipse.m2e.core.internal.embedder.MavenImpl.lambda$7(MavenImpl.java:540)
	at org.eclipse.m2e.core.internal.embedder.MavenExecutionContext.executeBare(MavenExecutionContext.java:458)
	at org.eclipse.m2e.core.internal.embedder.MavenExecutionContext.execute(MavenExecutionContext.java:292)
	at org.eclipse.m2e.core.internal.embedder.MavenExecutionContext.execute(MavenExecutionContext.java:278)
	at org.eclipse.m2e.core.internal.embedder.MavenImpl.resolve(MavenImpl.java:509)
	at org.eclipse.m2e.core.internal.embedder.MavenImpl.resolve(MavenImpl.java:494)
	at org.eclipse.m2e.jdt.internal.DownloadSourcesJob.download(DownloadSourcesJob.java:308)
	at org.eclipse.m2e.jdt.internal.DownloadSourcesJob.downloadAttachments(DownloadSourcesJob.java:294)
	at org.eclipse.m2e.jdt.internal.DownloadSourcesJob.downloadMaven(DownloadSourcesJob.java:252)
	at org.eclipse.m2e.jdt.internal.DownloadSourcesJob.downloadFilesAndPopulateToUpdate(DownloadSourcesJob.java:220)
	at org.eclipse.m2e.jdt.internal.DownloadSourcesJob.lambda$0(DownloadSourcesJob.java:149)
	at org.eclipse.m2e.core.internal.embedder.MavenExecutionContext.executeBare(MavenExecutionContext.java:458)
	at org.eclipse.m2e.core.internal.embedder.MavenExecutionContext.execute(MavenExecutionContext.java:339)
	at org.eclipse.m2e.core.internal.embedder.MavenExecutionContext.execute(MavenExecutionContext.java:278)
	at org.eclipse.m2e.core.embedder.IMaven.execute(IMaven.java:300)
	at org.eclipse.m2e.jdt.internal.DownloadSourcesJob.run(DownloadSourcesJob.java:149)
	at org.eclipse.core.internal.jobs.Worker.run(Worker.java:63)
2025-09-23 18:17:54,049 [Worker-11: Building] INFO  o.a.m.s.f.DefaultMavenResourcesFiltering - Copying 1 resource from src\main\resources to target\classes
2025-09-23 18:17:54,053 [Worker-11: Building] INFO  o.a.m.s.f.DefaultMavenResourcesFiltering - skip non existing resourceDirectory F:\ARCHIVOS\INSTITUTO CIBERTEC CLASES\LENGUAJE DE PROGRAMACI脫N II\CLASES LPII\SESI脫N 04 LPII\LPII_Sesi贸n_04 - Sol\jpa_sesion02\jpa_sesion02\src\test\resources
2025-09-25 14:49:55,748 [Worker-1: Loading available Gradle versions] INFO  o.e.b.c.i.u.g.PublishedGradleVersions - Gradle version information cache is out-of-date. Trying to update.
2025-09-25 14:51:25,119 [Worker-8: Building] INFO  o.a.m.s.f.DefaultMavenResourcesFiltering - Copying 1 resource from src\main\resources to target\classes
2025-09-25 14:51:25,165 [Worker-8: Building] INFO  o.a.m.s.f.DefaultMavenResourcesFiltering - skip non existing resourceDirectory F:\ARCHIVOS\INSTITUTO CIBERTEC CLASES\LENGUAJE DE PROGRAMACI脫N II\CLASES LPII\SESI脫N 04 LPII\LPII_Sesi贸n_04 - Sol\jpa_sesion02\jpa_sesion02\src\test\resources
2025-09-25 14:52:32,995 [Worker-8: Compute Mappings for project LPII_Sesion04_MV_GIT] INFO  o.e.m.c.i.l.LifecycleMappingFactory - Using org.eclipse.m2e.jdt.JarLifecycleMapping lifecycle mapping for MavenProject: org.cibertec:LPII_Sesion04_MV_GIT:0.0.1-SNAPSHOT @ F:\ARCHIVOS\INSTITUTO CIBERTEC CLASES\LENGUAJE DE PROGRAMACI脫N II\CLASES LPII\SESI脫N 04 LPII\LPII_Sesi贸n_04 - Sol\jpa_sesion02\jpa_sesion02\pom.xml.
2025-09-25 15:00:25,124 [Worker-7: Building] INFO  o.a.m.s.f.DefaultMavenResourcesFiltering - Copying 1 resource from src\main\resources to target\classes
2025-09-25 15:00:25,130 [Worker-7: Building] INFO  o.a.m.s.f.DefaultMavenResourcesFiltering - skip non existing resourceDirectory F:\ARCHIVOS\INSTITUTO CIBERTEC CLASES\LENGUAJE DE PROGRAMACI脫N II\CLASES LPII\SESI脫N 04 LPII\LPII_Sesi贸n_04 - Sol\jpa_sesion02\jpa_sesion02\src\test\resources
2025-09-25 15:01:47,944 [Worker-0: Updating Maven Project] INFO  o.e.m.c.i.p.ProjectConfigurationManager - Update started
2025-09-25 15:01:48,177 [Worker-0: Updating Maven Project] INFO  o.e.m.c.i.l.LifecycleMappingFactory - Using org.eclipse.m2e.jdt.JarLifecycleMapping lifecycle mapping for MavenProject: org.cibertec:LPII_Sesion04_MV_GIT:0.0.1-SNAPSHOT @ F:\ARCHIVOS\INSTITUTO CIBERTEC CLASES\LENGUAJE DE PROGRAMACI脫N II\CLASES LPII\SESI脫N 04 LPII\LPII_Sesi贸n_04 - Sol\jpa_sesion02\jpa_sesion02\pom.xml.
2025-09-25 15:01:49,872 [Worker-0: Updating Maven Project] INFO  o.e.m.j.i.AbstractJavaProjectConfigurator - Adding source folder /LPII_Sesion04_MV_GIT/src/main/java
2025-09-25 15:01:49,874 [Worker-0: Updating Maven Project] INFO  o.e.m.j.i.AbstractJavaProjectConfigurator - Adding resource folder /LPII_Sesion04_MV_GIT/src/main/resources
2025-09-25 15:01:49,877 [Worker-0: Updating Maven Project] INFO  o.e.m.j.i.AbstractJavaProjectConfigurator - Adding source folder /LPII_Sesion04_MV_GIT/src/test/java
2025-09-25 15:01:49,879 [Worker-0: Updating Maven Project] INFO  o.e.m.j.i.AbstractJavaProjectConfigurator - Adding resource folder /LPII_Sesion04_MV_GIT/src/test/resources
2025-09-25 15:01:50,270 [Worker-0: Updating Maven Project] INFO  o.e.m.c.i.p.ProjectConfigurationManager - Update completed for 1 poms: local refresh takes 0.00 sec, refresh facades takes 1.00 sec, update config takes 0.00 sec 
2025-09-25 15:01:50,835 [Worker-5: Building] INFO  o.a.m.s.f.DefaultMavenResourcesFiltering - Copying 1 resource from src\main\resources to target\classes
2025-09-25 15:01:50,848 [Worker-5: Building] INFO  o.a.m.s.f.DefaultMavenResourcesFiltering - skip non existing resourceDirectory F:\ARCHIVOS\INSTITUTO CIBERTEC CLASES\LENGUAJE DE PROGRAMACI脫N II\CLASES LPII\SESI脫N 04 LPII\LPII_Sesi贸n_04 - Sol\jpa_sesion02\jpa_sesion02\src\test\resources
2025-09-25 15:04:00,006 [Worker-4: Building] INFO  o.a.m.s.f.DefaultMavenResourcesFiltering - Copying 1 resource from src\main\resources to target\classes
2025-09-25 15:04:00,008 [Worker-4: Building] INFO  o.a.m.s.f.DefaultMavenResourcesFiltering - skip non existing resourceDirectory F:\ARCHIVOS\INSTITUTO CIBERTEC CLASES\LENGUAJE DE PROGRAMACI脫N II\CLASES LPII\SESI脫N 04 LPII\LPII_Sesi贸n_04 - Sol\jpa_sesion02\jpa_sesion02\src\test\resources
2025-09-25 15:04:08,974 [Worker-0: Updating Maven Project] INFO  o.e.m.c.i.p.ProjectConfigurationManager - Update started
2025-09-25 15:04:09,169 [Worker-0: Updating Maven Project] INFO  o.e.m.c.i.l.LifecycleMappingFactory - Using org.eclipse.m2e.jdt.JarLifecycleMapping lifecycle mapping for MavenProject: org.cibertec:LPII_Sesion04_MV_GIT:0.0.1-SNAPSHOT @ F:\ARCHIVOS\INSTITUTO CIBERTEC CLASES\LENGUAJE DE PROGRAMACI脫N II\CLASES LPII\SESI脫N 04 LPII\LPII_Sesi贸n_04 - Sol\jpa_sesion02\jpa_sesion02\pom.xml.
2025-09-25 15:04:09,463 [Worker-0: Updating Maven Project] INFO  o.e.m.j.i.AbstractJavaProjectConfigurator - Adding source folder /LPII_Sesion04_MV_GIT/src/main/java
2025-09-25 15:04:09,464 [Worker-0: Updating Maven Project] INFO  o.e.m.j.i.AbstractJavaProjectConfigurator - Adding resource folder /LPII_Sesion04_MV_GIT/src/main/resources
2025-09-25 15:04:09,464 [Worker-0: Updating Maven Project] INFO  o.e.m.j.i.AbstractJavaProjectConfigurator - Adding source folder /LPII_Sesion04_MV_GIT/src/test/java
2025-09-25 15:04:09,465 [Worker-0: Updating Maven Project] INFO  o.e.m.j.i.AbstractJavaProjectConfigurator - Adding resource folder /LPII_Sesion04_MV_GIT/src/test/resources
2025-09-25 15:04:09,665 [Worker-0: Updating Maven Project] INFO  o.e.m.c.i.p.ProjectConfigurationManager - Update completed for 1 poms: local refresh takes 0.00 sec, refresh facades takes 0.00 sec, update config takes 0.00 sec 
2025-09-25 15:04:09,951 [Worker-3: Building] INFO  o.a.m.s.f.DefaultMavenResourcesFiltering - Copying 1 resource from src\main\resources to target\classes
2025-09-25 15:04:09,960 [Worker-3: Building] INFO  o.a.m.s.f.DefaultMavenResourcesFiltering - skip non existing resourceDirectory F:\ARCHIVOS\INSTITUTO CIBERTEC CLASES\LENGUAJE DE PROGRAMACI脫N II\CLASES LPII\SESI脫N 04 LPII\LPII_Sesi贸n_04 - Sol\jpa_sesion02\jpa_sesion02\src\test\resources
2025-09-25 15:08:14,398 [Worker-1: Updating Maven Project] INFO  o.e.m.c.i.p.ProjectConfigurationManager - Update started
2025-09-25 15:08:14,588 [Worker-1: Updating Maven Project] INFO  o.e.m.c.i.l.LifecycleMappingFactory - Using org.eclipse.m2e.jdt.JarLifecycleMapping lifecycle mapping for MavenProject: org.cibertec:LPII_Sesion04_MV_GIT:0.0.1-SNAPSHOT @ F:\ARCHIVOS\INSTITUTO CIBERTEC CLASES\LENGUAJE DE PROGRAMACI脫N II\CLASES LPII\SESI脫N 04 LPII\LPII_Sesi贸n_04 - Sol\jpa_sesion02\jpa_sesion02\pom.xml.
2025-09-25 15:08:15,026 [Worker-1: Updating Maven Project] INFO  o.e.m.j.i.AbstractJavaProjectConfigurator - Adding source folder /LPII_Sesion04_MV_GIT/src/main/java
2025-09-25 15:08:15,026 [Worker-1: Updating Maven Project] INFO  o.e.m.j.i.AbstractJavaProjectConfigurator - Adding resource folder /LPII_Sesion04_MV_GIT/src/main/resources
2025-09-25 15:08:15,027 [Worker-1: Updating Maven Project] INFO  o.e.m.j.i.AbstractJavaProjectConfigurator - Adding source folder /LPII_Sesion04_MV_GIT/src/test/java
2025-09-25 15:08:15,027 [Worker-1: Updating Maven Project] INFO  o.e.m.j.i.AbstractJavaProjectConfigurator - Adding resource folder /LPII_Sesion04_MV_GIT/src/test/resources
2025-09-25 15:08:15,206 [Worker-1: Updating Maven Project] INFO  o.e.m.c.i.p.ProjectConfigurationManager - Update completed for 1 poms: local refresh takes 0.00 sec, refresh facades takes 0.00 sec, update config takes 0.00 sec 
2025-09-25 15:08:15,573 [Worker-9: Building] INFO  o.a.m.s.f.DefaultMavenResourcesFiltering - Copying 1 resource from src\main\resources to target\classes
2025-09-25 15:08:15,583 [Worker-9: Building] INFO  o.a.m.s.f.DefaultMavenResourcesFiltering - skip non existing resourceDirectory F:\ARCHIVOS\INSTITUTO CIBERTEC CLASES\LENGUAJE DE PROGRAMACI脫N II\CLASES LPII\SESI脫N 04 LPII\LPII_Sesi贸n_04 - Sol\jpa_sesion02\jpa_sesion02\src\test\resources
2025-09-25 15:08:40,859 [Worker-9: Launching Executing clean in F__ARCHIVOS_INSTITUTO CIBERTEC CLASES_LENGUAJE DE PROGRAMACI脫N II_CLASES LPII_SESI脫N 04 LPII_LPII_Sesi贸n_04 - Sol_jpa_sesion02_jpa_sesion02] INFO  o.eclipse.m2e.core.internal.Bundles - getClasspathEntries(Bundle=org.eclipse.m2e.maven.runtime_3.9.700.20240602-2313 [359])
2025-09-25 15:08:40,860 [Worker-9: Launching Executing clean in F__ARCHIVOS_INSTITUTO CIBERTEC CLASES_LENGUAJE DE PROGRAMACI脫N II_CLASES LPII_SESI脫N 04 LPII_LPII_Sesi贸n_04 - Sol_jpa_sesion02_jpa_sesion02] INFO  o.eclipse.m2e.core.internal.Bundles - 	Entry: C:\SpringToolSuite4\plugins\org.eclipse.m2e.maven.runtime_3.9.700.20240602-2313
2025-09-25 15:08:40,861 [Worker-9: Launching Executing clean in F__ARCHIVOS_INSTITUTO CIBERTEC CLASES_LENGUAJE DE PROGRAMACI脫N II_CLASES LPII_SESI脫N 04 LPII_LPII_Sesi贸n_04 - Sol_jpa_sesion02_jpa_sesion02] INFO  o.eclipse.m2e.core.internal.Bundles - 	Entry: C:\SpringToolSuite4\plugins\org.eclipse.m2e.maven.runtime_3.9.700.20240602-2313\jars\aopalliance-1.0.jar
2025-09-25 15:08:40,861 [Worker-9: Launching Executing clean in F__ARCHIVOS_INSTITUTO CIBERTEC CLASES_LENGUAJE DE PROGRAMACI脫N II_CLASES LPII_SESI脫N 04 LPII_LPII_Sesi贸n_04 - Sol_jpa_sesion02_jpa_sesion02] INFO  o.eclipse.m2e.core.internal.Bundles - 	Entry: C:\SpringToolSuite4\plugins\org.eclipse.m2e.maven.runtime_3.9.700.20240602-2313\jars\guice-5.1.0.jar
2025-09-25 15:08:40,861 [Worker-9: Launching Executing clean in F__ARCHIVOS_INSTITUTO CIBERTEC CLASES_LENGUAJE DE PROGRAMACI脫N II_CLASES LPII_SESI脫N 04 LPII_LPII_Sesi贸n_04 - Sol_jpa_sesion02_jpa_sesion02] INFO  o.eclipse.m2e.core.internal.Bundles - 	Entry: C:\SpringToolSuite4\plugins\org.eclipse.m2e.maven.runtime_3.9.700.20240602-2313\jars\httpclient-4.5.14.jar
2025-09-25 15:08:40,861 [Worker-9: Launching Executing clean in F__ARCHIVOS_INSTITUTO CIBERTEC CLASES_LENGUAJE DE PROGRAMACI脫N II_CLASES LPII_SESI脫N 04 LPII_LPII_Sesi贸n_04 - Sol_jpa_sesion02_jpa_sesion02] INFO  o.eclipse.m2e.core.internal.Bundles - 	Entry: C:\SpringToolSuite4\plugins\org.eclipse.m2e.maven.runtime_3.9.700.20240602-2313\jars\httpcore-4.4.16.jar
2025-09-25 15:08:40,861 [Worker-9: Launching Executing clean in F__ARCHIVOS_INSTITUTO CIBERTEC CLASES_LENGUAJE DE PROGRAMACI脫N II_CLASES LPII_SESI脫N 04 LPII_LPII_Sesi贸n_04 - Sol_jpa_sesion02_jpa_sesion02] INFO  o.eclipse.m2e.core.internal.Bundles - 	Entry: C:\SpringToolSuite4\plugins\org.eclipse.m2e.maven.runtime_3.9.700.20240602-2313\jars\jansi-2.4.1.jar
2025-09-25 15:08:40,862 [Worker-9: Launching Executing clean in F__ARCHIVOS_INSTITUTO CIBERTEC CLASES_LENGUAJE DE PROGRAMACI脫N II_CLASES LPII_SESI脫N 04 LPII_LPII_Sesi贸n_04 - Sol_jpa_sesion02_jpa_sesion02] INFO  o.eclipse.m2e.core.internal.Bundles - 	Entry: C:\SpringToolSuite4\plugins\org.eclipse.m2e.maven.runtime_3.9.700.20240602-2313\jars\jcl-over-slf4j-1.7.36.jar
2025-09-25 15:08:40,862 [Worker-9: Launching Executing clean in F__ARCHIVOS_INSTITUTO CIBERTEC CLASES_LENGUAJE DE PROGRAMACI脫N II_CLASES LPII_SESI脫N 04 LPII_LPII_Sesi贸n_04 - Sol_jpa_sesion02_jpa_sesion02] INFO  o.eclipse.m2e.core.internal.Bundles - 	Entry: C:\SpringToolSuite4\plugins\org.eclipse.m2e.maven.runtime_3.9.700.20240602-2313\jars\maven-artifact-3.9.7.jar
2025-09-25 15:08:40,862 [Worker-9: Launching Executing clean in F__ARCHIVOS_INSTITUTO CIBERTEC CLASES_LENGUAJE DE PROGRAMACI脫N II_CLASES LPII_SESI脫N 04 LPII_LPII_Sesi贸n_04 - Sol_jpa_sesion02_jpa_sesion02] INFO  o.eclipse.m2e.core.internal.Bundles - 	Entry: C:\SpringToolSuite4\plugins\org.eclipse.m2e.maven.runtime_3.9.700.20240602-2313\jars\maven-builder-support-3.9.7.jar
2025-09-25 15:08:40,862 [Worker-9: Launching Executing clean in F__ARCHIVOS_INSTITUTO CIBERTEC CLASES_LENGUAJE DE PROGRAMACI脫N II_CLASES LPII_SESI脫N 04 LPII_LPII_Sesi贸n_04 - Sol_jpa_sesion02_jpa_sesion02] INFO  o.eclipse.m2e.core.internal.Bundles - 	Entry: C:\SpringToolSuite4\plugins\org.eclipse.m2e.maven.runtime_3.9.700.20240602-2313\jars\maven-compat-3.9.7.jar
2025-09-25 15:08:40,862 [Worker-9: Launching Executing clean in F__ARCHIVOS_INSTITUTO CIBERTEC CLASES_LENGUAJE DE PROGRAMACI脫N II_CLASES LPII_SESI脫N 04 LPII_LPII_Sesi贸n_04 - Sol_jpa_sesion02_jpa_sesion02] INFO  o.eclipse.m2e.core.internal.Bundles - 	Entry: C:\SpringToolSuite4\plugins\org.eclipse.m2e.maven.runtime_3.9.700.20240602-2313\jars\maven-core-3.9.7.jar
2025-09-25 15:08:40,862 [Worker-9: Launching Executing clean in F__ARCHIVOS_INSTITUTO CIBERTEC CLASES_LENGUAJE DE PROGRAMACI脫N II_CLASES LPII_SESI脫N 04 LPII_LPII_Sesi贸n_04 - Sol_jpa_sesion02_jpa_sesion02] INFO  o.eclipse.m2e.core.internal.Bundles - 	Entry: C:\SpringToolSuite4\plugins\org.eclipse.m2e.maven.runtime_3.9.700.20240602-2313\jars\maven-embedder-3.9.7.jar
2025-09-25 15:08:40,863 [Worker-9: Launching Executing clean in F__ARCHIVOS_INSTITUTO CIBERTEC CLASES_LENGUAJE DE PROGRAMACI脫N II_CLASES LPII_SESI脫N 04 LPII_LPII_Sesi贸n_04 - Sol_jpa_sesion02_jpa_sesion02] INFO  o.eclipse.m2e.core.internal.Bundles - 	Entry: C:\SpringToolSuite4\plugins\org.eclipse.m2e.maven.runtime_3.9.700.20240602-2313\jars\maven-model-3.9.7.jar
2025-09-25 15:08:40,863 [Worker-9: Launching Executing clean in F__ARCHIVOS_INSTITUTO CIBERTEC CLASES_LENGUAJE DE PROGRAMACI脫N II_CLASES LPII_SESI脫N 04 LPII_LPII_Sesi贸n_04 - Sol_jpa_sesion02_jpa_sesion02] INFO  o.eclipse.m2e.core.internal.Bundles - 	Entry: C:\SpringToolSuite4\plugins\org.eclipse.m2e.maven.runtime_3.9.700.20240602-2313\jars\maven-model-builder-3.9.7.jar
2025-09-25 15:08:40,863 [Worker-9: Launching Executing clean in F__ARCHIVOS_INSTITUTO CIBERTEC CLASES_LENGUAJE DE PROGRAMACI脫N II_CLASES LPII_SESI脫N 04 LPII_LPII_Sesi贸n_04 - Sol_jpa_sesion02_jpa_sesion02] INFO  o.eclipse.m2e.core.internal.Bundles - 	Entry: C:\SpringToolSuite4\plugins\org.eclipse.m2e.maven.runtime_3.9.700.20240602-2313\jars\maven-plugin-api-3.9.7.jar
2025-09-25 15:08:40,863 [Worker-9: Launching Executing clean in F__ARCHIVOS_INSTITUTO CIBERTEC CLASES_LENGUAJE DE PROGRAMACI脫N II_CLASES LPII_SESI脫N 04 LPII_LPII_Sesi贸n_04 - Sol_jpa_sesion02_jpa_sesion02] INFO  o.eclipse.m2e.core.internal.Bundles - 	Entry: C:\SpringToolSuite4\plugins\org.eclipse.m2e.maven.runtime_3.9.700.20240602-2313\jars\maven-repository-metadata-3.9.7.jar
2025-09-25 15:08:40,863 [Worker-9: Launching Executing clean in F__ARCHIVOS_INSTITUTO CIBERTEC CLASES_LENGUAJE DE PROGRAMACI脫N II_CLASES LPII_SESI脫N 04 LPII_LPII_Sesi贸n_04 - Sol_jpa_sesion02_jpa_sesion02] INFO  o.eclipse.m2e.core.internal.Bundles - 	Entry: C:\SpringToolSuite4\plugins\org.eclipse.m2e.maven.runtime_3.9.700.20240602-2313\jars\maven-resolver-api-1.9.20.jar
2025-09-25 15:08:40,863 [Worker-9: Launching Executing clean in F__ARCHIVOS_INSTITUTO CIBERTEC CLASES_LENGUAJE DE PROGRAMACI脫N II_CLASES LPII_SESI脫N 04 LPII_LPII_Sesi贸n_04 - Sol_jpa_sesion02_jpa_sesion02] INFO  o.eclipse.m2e.core.internal.Bundles - 	Entry: C:\SpringToolSuite4\plugins\org.eclipse.m2e.maven.runtime_3.9.700.20240602-2313\jars\maven-resolver-connector-basic-1.9.20.jar
2025-09-25 15:08:40,864 [Worker-9: Launching Executing clean in F__ARCHIVOS_INSTITUTO CIBERTEC CLASES_LENGUAJE DE PROGRAMACI脫N II_CLASES LPII_SESI脫N 04 LPII_LPII_Sesi贸n_04 - Sol_jpa_sesion02_jpa_sesion02] INFO  o.eclipse.m2e.core.internal.Bundles - 	Entry: C:\SpringToolSuite4\plugins\org.eclipse.m2e.maven.runtime_3.9.700.20240602-2313\jars\maven-resolver-impl-1.9.20.jar
2025-09-25 15:08:40,864 [Worker-9: Launching Executing clean in F__ARCHIVOS_INSTITUTO CIBERTEC CLASES_LENGUAJE DE PROGRAMACI脫N II_CLASES LPII_SESI脫N 04 LPII_LPII_Sesi贸n_04 - Sol_jpa_sesion02_jpa_sesion02] INFO  o.eclipse.m2e.core.internal.Bundles - 	Entry: C:\SpringToolSuite4\plugins\org.eclipse.m2e.maven.runtime_3.9.700.20240602-2313\jars\maven-resolver-named-locks-1.9.20.jar
2025-09-25 15:08:40,864 [Worker-9: Launching Executing clean in F__ARCHIVOS_INSTITUTO CIBERTEC CLASES_LENGUAJE DE PROGRAMACI脫N II_CLASES LPII_SESI脫N 04 LPII_LPII_Sesi贸n_04 - Sol_jpa_sesion02_jpa_sesion02] INFO  o.eclipse.m2e.core.internal.Bundles - 	Entry: C:\SpringToolSuite4\plugins\org.eclipse.m2e.maven.runtime_3.9.700.20240602-2313\jars\maven-resolver-provider-3.9.7.jar
2025-09-25 15:08:40,864 [Worker-9: Launching Executing clean in F__ARCHIVOS_INSTITUTO CIBERTEC CLASES_LENGUAJE DE PROGRAMACI脫N II_CLASES LPII_SESI脫N 04 LPII_LPII_Sesi贸n_04 - Sol_jpa_sesion02_jpa_sesion02] INFO  o.eclipse.m2e.core.internal.Bundles - 	Entry: C:\SpringToolSuite4\plugins\org.eclipse.m2e.maven.runtime_3.9.700.20240602-2313\jars\maven-resolver-spi-1.9.20.jar
2025-09-25 15:08:40,864 [Worker-9: Launching Executing clean in F__ARCHIVOS_INSTITUTO CIBERTEC CLASES_LENGUAJE DE PROGRAMACI脫N II_CLASES LPII_SESI脫N 04 LPII_LPII_Sesi贸n_04 - Sol_jpa_sesion02_jpa_sesion02] INFO  o.eclipse.m2e.core.internal.Bundles - 	Entry: C:\SpringToolSuite4\plugins\org.eclipse.m2e.maven.runtime_3.9.700.20240602-2313\jars\maven-resolver-transport-file-1.9.20.jar
2025-09-25 15:08:40,864 [Worker-9: Launching Executing clean in F__ARCHIVOS_INSTITUTO CIBERTEC CLASES_LENGUAJE DE PROGRAMACI脫N II_CLASES LPII_SESI脫N 04 LPII_LPII_Sesi贸n_04 - Sol_jpa_sesion02_jpa_sesion02] INFO  o.eclipse.m2e.core.internal.Bundles - 	Entry: C:\SpringToolSuite4\plugins\org.eclipse.m2e.maven.runtime_3.9.700.20240602-2313\jars\maven-resolver-transport-http-1.9.20.jar
2025-09-25 15:08:40,864 [Worker-9: Launching Executing clean in F__ARCHIVOS_INSTITUTO CIBERTEC CLASES_LENGUAJE DE PROGRAMACI脫N II_CLASES LPII_SESI脫N 04 LPII_LPII_Sesi贸n_04 - Sol_jpa_sesion02_jpa_sesion02] INFO  o.eclipse.m2e.core.internal.Bundles - 	Entry: C:\SpringToolSuite4\plugins\org.eclipse.m2e.maven.runtime_3.9.700.20240602-2313\jars\maven-resolver-transport-wagon-1.9.20.jar
2025-09-25 15:08:40,865 [Worker-9: Launching Executing clean in F__ARCHIVOS_INSTITUTO CIBERTEC CLASES_LENGUAJE DE PROGRAMACI脫N II_CLASES LPII_SESI脫N 04 LPII_LPII_Sesi贸n_04 - Sol_jpa_sesion02_jpa_sesion02] INFO  o.eclipse.m2e.core.internal.Bundles - 	Entry: C:\SpringToolSuite4\plugins\org.eclipse.m2e.maven.runtime_3.9.700.20240602-2313\jars\maven-resolver-util-1.9.20.jar
2025-09-25 15:08:40,865 [Worker-9: Launching Executing clean in F__ARCHIVOS_INSTITUTO CIBERTEC CLASES_LENGUAJE DE PROGRAMACI脫N II_CLASES LPII_SESI脫N 04 LPII_LPII_Sesi贸n_04 - Sol_jpa_sesion02_jpa_sesion02] INFO  o.eclipse.m2e.core.internal.Bundles - 	Entry: C:\SpringToolSuite4\plugins\org.eclipse.m2e.maven.runtime_3.9.700.20240602-2313\jars\maven-settings-3.9.7.jar
2025-09-25 15:08:40,865 [Worker-9: Launching Executing clean in F__ARCHIVOS_INSTITUTO CIBERTEC CLASES_LENGUAJE DE PROGRAMACI脫N II_CLASES LPII_SESI脫N 04 LPII_LPII_Sesi贸n_04 - Sol_jpa_sesion02_jpa_sesion02] INFO  o.eclipse.m2e.core.internal.Bundles - 	Entry: C:\SpringToolSuite4\plugins\org.eclipse.m2e.maven.runtime_3.9.700.20240602-2313\jars\maven-settings-builder-3.9.7.jar
2025-09-25 15:08:40,865 [Worker-9: Launching Executing clean in F__ARCHIVOS_INSTITUTO CIBERTEC CLASES_LENGUAJE DE PROGRAMACI脫N II_CLASES LPII_SESI脫N 04 LPII_LPII_Sesi贸n_04 - Sol_jpa_sesion02_jpa_sesion02] INFO  o.eclipse.m2e.core.internal.Bundles - 	Entry: C:\SpringToolSuite4\plugins\org.eclipse.m2e.maven.runtime_3.9.700.20240602-2313\jars\maven-shared-utils-3.4.2.jar
2025-09-25 15:08:40,865 [Worker-9: Launching Executing clean in F__ARCHIVOS_INSTITUTO CIBERTEC CLASES_LENGUAJE DE PROGRAMACI脫N II_CLASES LPII_SESI脫N 04 LPII_LPII_Sesi贸n_04 - Sol_jpa_sesion02_jpa_sesion02] INFO  o.eclipse.m2e.core.internal.Bundles - 	Entry: C:\SpringToolSuite4\plugins\org.eclipse.m2e.maven.runtime_3.9.700.20240602-2313\jars\org.eclipse.sisu.inject-0.9.0.M2.jar
2025-09-25 15:08:40,865 [Worker-9: Launching Executing clean in F__ARCHIVOS_INSTITUTO CIBERTEC CLASES_LENGUAJE DE PROGRAMACI脫N II_CLASES LPII_SESI脫N 04 LPII_LPII_Sesi贸n_04 - Sol_jpa_sesion02_jpa_sesion02] INFO  o.eclipse.m2e.core.internal.Bundles - 	Entry: C:\SpringToolSuite4\plugins\org.eclipse.m2e.maven.runtime_3.9.700.20240602-2313\jars\org.eclipse.sisu.plexus-0.9.0.M2.jar
2025-09-25 15:08:40,865 [Worker-9: Launching Executing clean in F__ARCHIVOS_INSTITUTO CIBERTEC CLASES_LENGUAJE DE PROGRAMACI脫N II_CLASES LPII_SESI脫N 04 LPII_LPII_Sesi贸n_04 - Sol_jpa_sesion02_jpa_sesion02] INFO  o.eclipse.m2e.core.internal.Bundles - 	Entry: C:\SpringToolSuite4\plugins\org.eclipse.m2e.maven.runtime_3.9.700.20240602-2313\jars\plexus-build-api-0.0.7.jar
2025-09-25 15:08:40,866 [Worker-9: Launching Executing clean in F__ARCHIVOS_INSTITUTO CIBERTEC CLASES_LENGUAJE DE PROGRAMACI脫N II_CLASES LPII_SESI脫N 04 LPII_LPII_Sesi贸n_04 - Sol_jpa_sesion02_jpa_sesion02] INFO  o.eclipse.m2e.core.internal.Bundles - 	Entry: C:\SpringToolSuite4\plugins\org.eclipse.m2e.maven.runtime_3.9.700.20240602-2313\jars\plexus-build-api-1.2.0.jar
2025-09-25 15:08:40,866 [Worker-9: Launching Executing clean in F__ARCHIVOS_INSTITUTO CIBERTEC CLASES_LENGUAJE DE PROGRAMACI脫N II_CLASES LPII_SESI脫N 04 LPII_LPII_Sesi贸n_04 - Sol_jpa_sesion02_jpa_sesion02] INFO  o.eclipse.m2e.core.internal.Bundles - 	Entry: C:\SpringToolSuite4\plugins\org.eclipse.m2e.maven.runtime_3.9.700.20240602-2313\jars\plexus-cipher-2.0.jar
2025-09-25 15:08:40,866 [Worker-9: Launching Executing clean in F__ARCHIVOS_INSTITUTO CIBERTEC CLASES_LENGUAJE DE PROGRAMACI脫N II_CLASES LPII_SESI脫N 04 LPII_LPII_Sesi贸n_04 - Sol_jpa_sesion02_jpa_sesion02] INFO  o.eclipse.m2e.core.internal.Bundles - 	Entry: C:\SpringToolSuite4\plugins\org.eclipse.m2e.maven.runtime_3.9.700.20240602-2313\jars\plexus-classworlds-2.8.0.jar
2025-09-25 15:08:40,866 [Worker-9: Launching Executing clean in F__ARCHIVOS_INSTITUTO CIBERTEC CLASES_LENGUAJE DE PROGRAMACI脫N II_CLASES LPII_SESI脫N 04 LPII_LPII_Sesi贸n_04 - Sol_jpa_sesion02_jpa_sesion02] INFO  o.eclipse.m2e.core.internal.Bundles - 	Entry: C:\SpringToolSuite4\plugins\org.eclipse.m2e.maven.runtime_3.9.700.20240602-2313\jars\plexus-component-annotations-2.1.0.jar
2025-09-25 15:08:40,866 [Worker-9: Launching Executing clean in F__ARCHIVOS_INSTITUTO CIBERTEC CLASES_LENGUAJE DE PROGRAMACI脫N II_CLASES LPII_SESI脫N 04 LPII_LPII_Sesi贸n_04 - Sol_jpa_sesion02_jpa_sesion02] INFO  o.eclipse.m2e.core.internal.Bundles - 	Entry: C:\SpringToolSuite4\plugins\org.eclipse.m2e.maven.runtime_3.9.700.20240602-2313\jars\plexus-interpolation-1.27.jar
2025-09-25 15:08:40,866 [Worker-9: Launching Executing clean in F__ARCHIVOS_INSTITUTO CIBERTEC CLASES_LENGUAJE DE PROGRAMACI脫N II_CLASES LPII_SESI脫N 04 LPII_LPII_Sesi贸n_04 - Sol_jpa_sesion02_jpa_sesion02] INFO  o.eclipse.m2e.core.internal.Bundles - 	Entry: C:\SpringToolSuite4\plugins\org.eclipse.m2e.maven.runtime_3.9.700.20240602-2313\jars\plexus-sec-dispatcher-2.0.jar
2025-09-25 15:08:40,866 [Worker-9: Launching Executing clean in F__ARCHIVOS_INSTITUTO CIBERTEC CLASES_LENGUAJE DE PROGRAMACI脫N II_CLASES LPII_SESI脫N 04 LPII_LPII_Sesi贸n_04 - Sol_jpa_sesion02_jpa_sesion02] INFO  o.eclipse.m2e.core.internal.Bundles - 	Entry: C:\SpringToolSuite4\plugins\org.eclipse.m2e.maven.runtime_3.9.700.20240602-2313\jars\plexus-utils-3.5.1.jar
2025-09-25 15:08:40,867 [Worker-9: Launching Executing clean in F__ARCHIVOS_INSTITUTO CIBERTEC CLASES_LENGUAJE DE PROGRAMACI脫N II_CLASES LPII_SESI脫N 04 LPII_LPII_Sesi贸n_04 - Sol_jpa_sesion02_jpa_sesion02] INFO  o.eclipse.m2e.core.internal.Bundles - 	Entry: C:\SpringToolSuite4\plugins\org.eclipse.m2e.maven.runtime_3.9.700.20240602-2313\jars\wagon-file-3.5.3.jar
2025-09-25 15:08:40,867 [Worker-9: Launching Executing clean in F__ARCHIVOS_INSTITUTO CIBERTEC CLASES_LENGUAJE DE PROGRAMACI脫N II_CLASES LPII_SESI脫N 04 LPII_LPII_Sesi贸n_04 - Sol_jpa_sesion02_jpa_sesion02] INFO  o.eclipse.m2e.core.internal.Bundles - 	Entry: C:\SpringToolSuite4\plugins\org.eclipse.m2e.maven.runtime_3.9.700.20240602-2313\jars\wagon-http-3.5.3.jar
2025-09-25 15:08:40,867 [Worker-9: Launching Executing clean in F__ARCHIVOS_INSTITUTO CIBERTEC CLASES_LENGUAJE DE PROGRAMACI脫N II_CLASES LPII_SESI脫N 04 LPII_LPII_Sesi贸n_04 - Sol_jpa_sesion02_jpa_sesion02] INFO  o.eclipse.m2e.core.internal.Bundles - 	Entry: C:\SpringToolSuite4\plugins\org.eclipse.m2e.maven.runtime_3.9.700.20240602-2313\jars\wagon-http-shared-3.5.3.jar
2025-09-25 15:08:40,867 [Worker-9: Launching Executing clean in F__ARCHIVOS_INSTITUTO CIBERTEC CLASES_LENGUAJE DE PROGRAMACI脫N II_CLASES LPII_SESI脫N 04 LPII_LPII_Sesi贸n_04 - Sol_jpa_sesion02_jpa_sesion02] INFO  o.eclipse.m2e.core.internal.Bundles - 	Entry: C:\SpringToolSuite4\plugins\org.eclipse.m2e.maven.runtime_3.9.700.20240602-2313\jars\wagon-provider-api-3.5.3.jar
2025-09-25 15:08:40,869 [Worker-9: Launching Executing clean in F__ARCHIVOS_INSTITUTO CIBERTEC CLASES_LENGUAJE DE PROGRAMACI脫N II_CLASES LPII_SESI脫N 04 LPII_LPII_Sesi贸n_04 - Sol_jpa_sesion02_jpa_sesion02] INFO  o.eclipse.m2e.core.internal.Bundles - getClasspathEntries(Bundle=com.google.guava_33.2.0.jre [29])
2025-09-25 15:08:40,870 [Worker-9: Launching Executing clean in F__ARCHIVOS_INSTITUTO CIBERTEC CLASES_LENGUAJE DE PROGRAMACI脫N II_CLASES LPII_SESI脫N 04 LPII_LPII_Sesi贸n_04 - Sol_jpa_sesion02_jpa_sesion02] INFO  o.eclipse.m2e.core.internal.Bundles - 	Entry: C:\SpringToolSuite4\plugins\com.google.guava_33.2.0.jre.jar
2025-09-25 15:08:40,870 [Worker-9: Launching Executing clean in F__ARCHIVOS_INSTITUTO CIBERTEC CLASES_LENGUAJE DE PROGRAMACI脫N II_CLASES LPII_SESI脫N 04 LPII_LPII_Sesi贸n_04 - Sol_jpa_sesion02_jpa_sesion02] INFO  o.eclipse.m2e.core.internal.Bundles - getClasspathEntries(Bundle=slf4j.api_2.0.13 [590])
2025-09-25 15:08:40,870 [Worker-9: Launching Executing clean in F__ARCHIVOS_INSTITUTO CIBERTEC CLASES_LENGUAJE DE PROGRAMACI脫N II_CLASES LPII_SESI脫N 04 LPII_LPII_Sesi贸n_04 - Sol_jpa_sesion02_jpa_sesion02] INFO  o.eclipse.m2e.core.internal.Bundles - 	Entry: C:\SpringToolSuite4\plugins\slf4j.api_2.0.13.jar
2025-09-25 15:08:40,870 [Worker-9: Launching Executing clean in F__ARCHIVOS_INSTITUTO CIBERTEC CLASES_LENGUAJE DE PROGRAMACI脫N II_CLASES LPII_SESI脫N 04 LPII_LPII_Sesi贸n_04 - Sol_jpa_sesion02_jpa_sesion02] INFO  o.eclipse.m2e.core.internal.Bundles - getClasspathEntries(Bundle=jakarta.inject.jakarta.inject-api_1.0.5 [44])
2025-09-25 15:08:40,870 [Worker-9: Launching Executing clean in F__ARCHIVOS_INSTITUTO CIBERTEC CLASES_LENGUAJE DE PROGRAMACI脫N II_CLASES LPII_SESI脫N 04 LPII_LPII_Sesi贸n_04 - Sol_jpa_sesion02_jpa_sesion02] INFO  o.eclipse.m2e.core.internal.Bundles - 	Entry: C:\SpringToolSuite4\plugins\jakarta.inject.jakarta.inject-api_1.0.5.jar
2025-09-25 15:08:40,870 [Worker-9: Launching Executing clean in F__ARCHIVOS_INSTITUTO CIBERTEC CLASES_LENGUAJE DE PROGRAMACI脫N II_CLASES LPII_SESI脫N 04 LPII_LPII_Sesi贸n_04 - Sol_jpa_sesion02_jpa_sesion02] INFO  o.eclipse.m2e.core.internal.Bundles - getClasspathEntries(Bundle=javax.annotation_1.3.5.v20200909-1856 [53])
2025-09-25 15:08:40,870 [Worker-9: Launching Executing clean in F__ARCHIVOS_INSTITUTO CIBERTEC CLASES_LENGUAJE DE PROGRAMACI脫N II_CLASES LPII_SESI脫N 04 LPII_LPII_Sesi贸n_04 - Sol_jpa_sesion02_jpa_sesion02] INFO  o.eclipse.m2e.core.internal.Bundles - 	Entry: C:\SpringToolSuite4\plugins\javax.annotation_1.3.5.v20200909-1856.jar
2025-09-25 15:08:40,870 [Worker-9: Launching Executing clean in F__ARCHIVOS_INSTITUTO CIBERTEC CLASES_LENGUAJE DE PROGRAMACI脫N II_CLASES LPII_SESI脫N 04 LPII_LPII_Sesi贸n_04 - Sol_jpa_sesion02_jpa_sesion02] INFO  o.eclipse.m2e.core.internal.Bundles - getClasspathEntries(Bundle=org.apache.commons.cli_1.8.0 [76])
2025-09-25 15:08:40,871 [Worker-9: Launching Executing clean in F__ARCHIVOS_INSTITUTO CIBERTEC CLASES_LENGUAJE DE PROGRAMACI脫N II_CLASES LPII_SESI脫N 04 LPII_LPII_Sesi贸n_04 - Sol_jpa_sesion02_jpa_sesion02] INFO  o.eclipse.m2e.core.internal.Bundles - 	Entry: C:\SpringToolSuite4\plugins\org.apache.commons.cli_1.8.0.jar
2025-09-25 15:08:40,871 [Worker-9: Launching Executing clean in F__ARCHIVOS_INSTITUTO CIBERTEC CLASES_LENGUAJE DE PROGRAMACI脫N II_CLASES LPII_SESI脫N 04 LPII_LPII_Sesi贸n_04 - Sol_jpa_sesion02_jpa_sesion02] INFO  o.eclipse.m2e.core.internal.Bundles - getClasspathEntries(Bundle=org.apache.commons.commons-codec_1.16.0 [78])
2025-09-25 15:08:40,871 [Worker-9: Launching Executing clean in F__ARCHIVOS_INSTITUTO CIBERTEC CLASES_LENGUAJE DE PROGRAMACI脫N II_CLASES LPII_SESI脫N 04 LPII_LPII_Sesi贸n_04 - Sol_jpa_sesion02_jpa_sesion02] INFO  o.eclipse.m2e.core.internal.Bundles - 	Entry: C:\SpringToolSuite4\plugins\org.apache.commons.commons-codec_1.16.0.jar
2025-09-25 15:08:40,871 [Worker-9: Launching Executing clean in F__ARCHIVOS_INSTITUTO CIBERTEC CLASES_LENGUAJE DE PROGRAMACI脫N II_CLASES LPII_SESI脫N 04 LPII_LPII_Sesi贸n_04 - Sol_jpa_sesion02_jpa_sesion02] INFO  o.eclipse.m2e.core.internal.Bundles - getClasspathEntries(Bundle=org.apache.commons.lang3_3.14.0 [82])
2025-09-25 15:08:40,871 [Worker-9: Launching Executing clean in F__ARCHIVOS_INSTITUTO CIBERTEC CLASES_LENGUAJE DE PROGRAMACI脫N II_CLASES LPII_SESI脫N 04 LPII_LPII_Sesi贸n_04 - Sol_jpa_sesion02_jpa_sesion02] INFO  o.eclipse.m2e.core.internal.Bundles - 	Entry: C:\SpringToolSuite4\plugins\org.apache.commons.lang3_3.14.0.jar
2025-09-25 15:08:40,871 [Worker-9: Launching Executing clean in F__ARCHIVOS_INSTITUTO CIBERTEC CLASES_LENGUAJE DE PROGRAMACI脫N II_CLASES LPII_SESI脫N 04 LPII_LPII_Sesi贸n_04 - Sol_jpa_sesion02_jpa_sesion02] INFO  o.eclipse.m2e.core.internal.Bundles - getClasspathEntries(Bundle=com.google.guava.failureaccess_1.0.2 [30])
2025-09-25 15:08:40,871 [Worker-9: Launching Executing clean in F__ARCHIVOS_INSTITUTO CIBERTEC CLASES_LENGUAJE DE PROGRAMACI脫N II_CLASES LPII_SESI脫N 04 LPII_LPII_Sesi贸n_04 - Sol_jpa_sesion02_jpa_sesion02] INFO  o.eclipse.m2e.core.internal.Bundles - 	Entry: C:\SpringToolSuite4\plugins\com.google.guava.failureaccess_1.0.2.jar
2025-09-25 15:08:40,877 [Worker-9: Launching Executing clean in F__ARCHIVOS_INSTITUTO CIBERTEC CLASES_LENGUAJE DE PROGRAMACI脫N II_CLASES LPII_SESI脫N 04 LPII_LPII_Sesi贸n_04 - Sol_jpa_sesion02_jpa_sesion02] INFO  o.e.m.i.launch.MavenLaunchDelegate - Run build in "F:\ARCHIVOS\INSTITUTO CIBERTEC CLASES\LENGUAJE DE PROGRAMACI脫N II\CLASES LPII\SESI脫N 04 LPII\LPII_Sesi贸n_04 - Sol\jpa_sesion02\jpa_sesion02":
2025-09-25 15:08:40,881 [Worker-9: Launching Executing clean in F__ARCHIVOS_INSTITUTO CIBERTEC CLASES_LENGUAJE DE PROGRAMACI脫N II_CLASES LPII_SESI脫N 04 LPII_LPII_Sesi贸n_04 - Sol_jpa_sesion02_jpa_sesion02] INFO  o.e.m.i.launch.MavenLaunchDelegate -  mvn  -B -Dstyle.color=always clean
2025-09-25 15:08:52,104 [Worker-3: Launching Executing install in F__ARCHIVOS_INSTITUTO CIBERTEC CLASES_LENGUAJE DE PROGRAMACI脫N II_CLASES LPII_SESI脫N 04 LPII_LPII_Sesi贸n_04 - Sol_jpa_sesion02_jpa_sesion02] INFO  o.eclipse.m2e.core.internal.Bundles - getClasspathEntries(Bundle=org.eclipse.m2e.maven.runtime_3.9.700.20240602-2313 [359])
2025-09-25 15:08:52,105 [Worker-3: Launching Executing install in F__ARCHIVOS_INSTITUTO CIBERTEC CLASES_LENGUAJE DE PROGRAMACI脫N II_CLASES LPII_SESI脫N 04 LPII_LPII_Sesi贸n_04 - Sol_jpa_sesion02_jpa_sesion02] INFO  o.eclipse.m2e.core.internal.Bundles - 	Entry: C:\SpringToolSuite4\plugins\org.eclipse.m2e.maven.runtime_3.9.700.20240602-2313
2025-09-25 15:08:52,105 [Worker-3: Launching Executing install in F__ARCHIVOS_INSTITUTO CIBERTEC CLASES_LENGUAJE DE PROGRAMACI脫N II_CLASES LPII_SESI脫N 04 LPII_LPII_Sesi贸n_04 - Sol_jpa_sesion02_jpa_sesion02] INFO  o.eclipse.m2e.core.internal.Bundles - 	Entry: C:\SpringToolSuite4\plugins\org.eclipse.m2e.maven.runtime_3.9.700.20240602-2313\jars\aopalliance-1.0.jar
2025-09-25 15:08:52,105 [Worker-3: Launching Executing install in F__ARCHIVOS_INSTITUTO CIBERTEC CLASES_LENGUAJE DE PROGRAMACI脫N II_CLASES LPII_SESI脫N 04 LPII_LPII_Sesi贸n_04 - Sol_jpa_sesion02_jpa_sesion02] INFO  o.eclipse.m2e.core.internal.Bundles - 	Entry: C:\SpringToolSuite4\plugins\org.eclipse.m2e.maven.runtime_3.9.700.20240602-2313\jars\guice-5.1.0.jar
2025-09-25 15:08:52,105 [Worker-3: Launching Executing install in F__ARCHIVOS_INSTITUTO CIBERTEC CLASES_LENGUAJE DE PROGRAMACI脫N II_CLASES LPII_SESI脫N 04 LPII_LPII_Sesi贸n_04 - Sol_jpa_sesion02_jpa_sesion02] INFO  o.eclipse.m2e.core.internal.Bundles - 	Entry: C:\SpringToolSuite4\plugins\org.eclipse.m2e.maven.runtime_3.9.700.20240602-2313\jars\httpclient-4.5.14.jar
2025-09-25 15:08:52,105 [Worker-3: Launching Executing install in F__ARCHIVOS_INSTITUTO CIBERTEC CLASES_LENGUAJE DE PROGRAMACI脫N II_CLASES LPII_SESI脫N 04 LPII_LPII_Sesi贸n_04 - Sol_jpa_sesion02_jpa_sesion02] INFO  o.eclipse.m2e.core.internal.Bundles - 	Entry: C:\SpringToolSuite4\plugins\org.eclipse.m2e.maven.runtime_3.9.700.20240602-2313\jars\httpcore-4.4.16.jar
2025-09-25 15:08:52,105 [Worker-3: Launching Executing install in F__ARCHIVOS_INSTITUTO CIBERTEC CLASES_LENGUAJE DE PROGRAMACI脫N II_CLASES LPII_SESI脫N 04 LPII_LPII_Sesi贸n_04 - Sol_jpa_sesion02_jpa_sesion02] INFO  o.eclipse.m2e.core.internal.Bundles - 	Entry: C:\SpringToolSuite4\plugins\org.eclipse.m2e.maven.runtime_3.9.700.20240602-2313\jars\jansi-2.4.1.jar
2025-09-25 15:08:52,105 [Worker-3: Launching Executing install in F__ARCHIVOS_INSTITUTO CIBERTEC CLASES_LENGUAJE DE PROGRAMACI脫N II_CLASES LPII_SESI脫N 04 LPII_LPII_Sesi贸n_04 - Sol_jpa_sesion02_jpa_sesion02] INFO  o.eclipse.m2e.core.internal.Bundles - 	Entry: C:\SpringToolSuite4\plugins\org.eclipse.m2e.maven.runtime_3.9.700.20240602-2313\jars\jcl-over-slf4j-1.7.36.jar
2025-09-25 15:08:52,105 [Worker-3: Launching Executing install in F__ARCHIVOS_INSTITUTO CIBERTEC CLASES_LENGUAJE DE PROGRAMACI脫N II_CLASES LPII_SESI脫N 04 LPII_LPII_Sesi贸n_04 - Sol_jpa_sesion02_jpa_sesion02] INFO  o.eclipse.m2e.core.internal.Bundles - 	Entry: C:\SpringToolSuite4\plugins\org.eclipse.m2e.maven.runtime_3.9.700.20240602-2313\jars\maven-artifact-3.9.7.jar
2025-09-25 15:08:52,105 [Worker-3: Launching Executing install in F__ARCHIVOS_INSTITUTO CIBERTEC CLASES_LENGUAJE DE PROGRAMACI脫N II_CLASES LPII_SESI脫N 04 LPII_LPII_Sesi贸n_04 - Sol_jpa_sesion02_jpa_sesion02] INFO  o.eclipse.m2e.core.internal.Bundles - 	Entry: C:\SpringToolSuite4\plugins\org.eclipse.m2e.maven.runtime_3.9.700.20240602-2313\jars\maven-builder-support-3.9.7.jar
2025-09-25 15:08:52,105 [Worker-3: Launching Executing install in F__ARCHIVOS_INSTITUTO CIBERTEC CLASES_LENGUAJE DE PROGRAMACI脫N II_CLASES LPII_SESI脫N 04 LPII_LPII_Sesi贸n_04 - Sol_jpa_sesion02_jpa_sesion02] INFO  o.eclipse.m2e.core.internal.Bundles - 	Entry: C:\SpringToolSuite4\plugins\org.eclipse.m2e.maven.runtime_3.9.700.20240602-2313\jars\maven-compat-3.9.7.jar
2025-09-25 15:08:52,105 [Worker-3: Launching Executing install in F__ARCHIVOS_INSTITUTO CIBERTEC CLASES_LENGUAJE DE PROGRAMACI脫N II_CLASES LPII_SESI脫N 04 LPII_LPII_Sesi贸n_04 - Sol_jpa_sesion02_jpa_sesion02] INFO  o.eclipse.m2e.core.internal.Bundles - 	Entry: C:\SpringToolSuite4\plugins\org.eclipse.m2e.maven.runtime_3.9.700.20240602-2313\jars\maven-core-3.9.7.jar
2025-09-25 15:08:52,106 [Worker-3: Launching Executing install in F__ARCHIVOS_INSTITUTO CIBERTEC CLASES_LENGUAJE DE PROGRAMACI脫N II_CLASES LPII_SESI脫N 04 LPII_LPII_Sesi贸n_04 - Sol_jpa_sesion02_jpa_sesion02] INFO  o.eclipse.m2e.core.internal.Bundles - 	Entry: C:\SpringToolSuite4\plugins\org.eclipse.m2e.maven.runtime_3.9.700.20240602-2313\jars\maven-embedder-3.9.7.jar
2025-09-25 15:08:52,106 [Worker-3: Launching Executing install in F__ARCHIVOS_INSTITUTO CIBERTEC CLASES_LENGUAJE DE PROGRAMACI脫N II_CLASES LPII_SESI脫N 04 LPII_LPII_Sesi贸n_04 - Sol_jpa_sesion02_jpa_sesion02] INFO  o.eclipse.m2e.core.internal.Bundles - 	Entry: C:\SpringToolSuite4\plugins\org.eclipse.m2e.maven.runtime_3.9.700.20240602-2313\jars\maven-model-3.9.7.jar
2025-09-25 15:08:52,106 [Worker-3: Launching Executing install in F__ARCHIVOS_INSTITUTO CIBERTEC CLASES_LENGUAJE DE PROGRAMACI脫N II_CLASES LPII_SESI脫N 04 LPII_LPII_Sesi贸n_04 - Sol_jpa_sesion02_jpa_sesion02] INFO  o.eclipse.m2e.core.internal.Bundles - 	Entry: C:\SpringToolSuite4\plugins\org.eclipse.m2e.maven.runtime_3.9.700.20240602-2313\jars\maven-model-builder-3.9.7.jar
2025-09-25 15:08:52,106 [Worker-3: Launching Executing install in F__ARCHIVOS_INSTITUTO CIBERTEC CLASES_LENGUAJE DE PROGRAMACI脫N II_CLASES LPII_SESI脫N 04 LPII_LPII_Sesi贸n_04 - Sol_jpa_sesion02_jpa_sesion02] INFO  o.eclipse.m2e.core.internal.Bundles - 	Entry: C:\SpringToolSuite4\plugins\org.eclipse.m2e.maven.runtime_3.9.700.20240602-2313\jars\maven-plugin-api-3.9.7.jar
2025-09-25 15:08:52,106 [Worker-3: Launching Executing install in F__ARCHIVOS_INSTITUTO CIBERTEC CLASES_LENGUAJE DE PROGRAMACI脫N II_CLASES LPII_SESI脫N 04 LPII_LPII_Sesi贸n_04 - Sol_jpa_sesion02_jpa_sesion02] INFO  o.eclipse.m2e.core.internal.Bundles - 	Entry: C:\SpringToolSuite4\plugins\org.eclipse.m2e.maven.runtime_3.9.700.20240602-2313\jars\maven-repository-metadata-3.9.7.jar
2025-09-25 15:08:52,106 [Worker-3: Launching Executing install in F__ARCHIVOS_INSTITUTO CIBERTEC CLASES_LENGUAJE DE PROGRAMACI脫N II_CLASES LPII_SESI脫N 04 LPII_LPII_Sesi贸n_04 - Sol_jpa_sesion02_jpa_sesion02] INFO  o.eclipse.m2e.core.internal.Bundles - 	Entry: C:\SpringToolSuite4\plugins\org.eclipse.m2e.maven.runtime_3.9.700.20240602-2313\jars\maven-resolver-api-1.9.20.jar
2025-09-25 15:08:52,107 [Worker-3: Launching Executing install in F__ARCHIVOS_INSTITUTO CIBERTEC CLASES_LENGUAJE DE PROGRAMACI脫N II_CLASES LPII_SESI脫N 04 LPII_LPII_Sesi贸n_04 - Sol_jpa_sesion02_jpa_sesion02] INFO  o.eclipse.m2e.core.internal.Bundles - 	Entry: C:\SpringToolSuite4\plugins\org.eclipse.m2e.maven.runtime_3.9.700.20240602-2313\jars\maven-resolver-connector-basic-1.9.20.jar
2025-09-25 15:08:52,107 [Worker-3: Launching Executing install in F__ARCHIVOS_INSTITUTO CIBERTEC CLASES_LENGUAJE DE PROGRAMACI脫N II_CLASES LPII_SESI脫N 04 LPII_LPII_Sesi贸n_04 - Sol_jpa_sesion02_jpa_sesion02] INFO  o.eclipse.m2e.core.internal.Bundles - 	Entry: C:\SpringToolSuite4\plugins\org.eclipse.m2e.maven.runtime_3.9.700.20240602-2313\jars\maven-resolver-impl-1.9.20.jar
2025-09-25 15:08:52,107 [Worker-3: Launching Executing install in F__ARCHIVOS_INSTITUTO CIBERTEC CLASES_LENGUAJE DE PROGRAMACI脫N II_CLASES LPII_SESI脫N 04 LPII_LPII_Sesi贸n_04 - Sol_jpa_sesion02_jpa_sesion02] INFO  o.eclipse.m2e.core.internal.Bundles - 	Entry: C:\SpringToolSuite4\plugins\org.eclipse.m2e.maven.runtime_3.9.700.20240602-2313\jars\maven-resolver-named-locks-1.9.20.jar
2025-09-25 15:08:52,107 [Worker-3: Launching Executing install in F__ARCHIVOS_INSTITUTO CIBERTEC CLASES_LENGUAJE DE PROGRAMACI脫N II_CLASES LPII_SESI脫N 04 LPII_LPII_Sesi贸n_04 - Sol_jpa_sesion02_jpa_sesion02] INFO  o.eclipse.m2e.core.internal.Bundles - 	Entry: C:\SpringToolSuite4\plugins\org.eclipse.m2e.maven.runtime_3.9.700.20240602-2313\jars\maven-resolver-provider-3.9.7.jar
2025-09-25 15:08:52,107 [Worker-3: Launching Executing install in F__ARCHIVOS_INSTITUTO CIBERTEC CLASES_LENGUAJE DE PROGRAMACI脫N II_CLASES LPII_SESI脫N 04 LPII_LPII_Sesi贸n_04 - Sol_jpa_sesion02_jpa_sesion02] INFO  o.eclipse.m2e.core.internal.Bundles - 	Entry: C:\SpringToolSuite4\plugins\org.eclipse.m2e.maven.runtime_3.9.700.20240602-2313\jars\maven-resolver-spi-1.9.20.jar
2025-09-25 15:08:52,107 [Worker-3: Launching Executing install in F__ARCHIVOS_INSTITUTO CIBERTEC CLASES_LENGUAJE DE PROGRAMACI脫N II_CLASES LPII_SESI脫N 04 LPII_LPII_Sesi贸n_04 - Sol_jpa_sesion02_jpa_sesion02] INFO  o.eclipse.m2e.core.internal.Bundles - 	Entry: C:\SpringToolSuite4\plugins\org.eclipse.m2e.maven.runtime_3.9.700.20240602-2313\jars\maven-resolver-transport-file-1.9.20.jar
2025-09-25 15:08:52,107 [Worker-3: Launching Executing install in F__ARCHIVOS_INSTITUTO CIBERTEC CLASES_LENGUAJE DE PROGRAMACI脫N II_CLASES LPII_SESI脫N 04 LPII_LPII_Sesi贸n_04 - Sol_jpa_sesion02_jpa_sesion02] INFO  o.eclipse.m2e.core.internal.Bundles - 	Entry: C:\SpringToolSuite4\plugins\org.eclipse.m2e.maven.runtime_3.9.700.20240602-2313\jars\maven-resolver-transport-http-1.9.20.jar
2025-09-25 15:08:52,108 [Worker-3: Launching Executing install in F__ARCHIVOS_INSTITUTO CIBERTEC CLASES_LENGUAJE DE PROGRAMACI脫N II_CLASES LPII_SESI脫N 04 LPII_LPII_Sesi贸n_04 - Sol_jpa_sesion02_jpa_sesion02] INFO  o.eclipse.m2e.core.internal.Bundles - 	Entry: C:\SpringToolSuite4\plugins\org.eclipse.m2e.maven.runtime_3.9.700.20240602-2313\jars\maven-resolver-transport-wagon-1.9.20.jar
2025-09-25 15:08:52,108 [Worker-3: Launching Executing install in F__ARCHIVOS_INSTITUTO CIBERTEC CLASES_LENGUAJE DE PROGRAMACI脫N II_CLASES LPII_SESI脫N 04 LPII_LPII_Sesi贸n_04 - Sol_jpa_sesion02_jpa_sesion02] INFO  o.eclipse.m2e.core.internal.Bundles - 	Entry: C:\SpringToolSuite4\plugins\org.eclipse.m2e.maven.runtime_3.9.700.20240602-2313\jars\maven-resolver-util-1.9.20.jar
2025-09-25 15:08:52,108 [Worker-3: Launching Executing install in F__ARCHIVOS_INSTITUTO CIBERTEC CLASES_LENGUAJE DE PROGRAMACI脫N II_CLASES LPII_SESI脫N 04 LPII_LPII_Sesi贸n_04 - Sol_jpa_sesion02_jpa_sesion02] INFO  o.eclipse.m2e.core.internal.Bundles - 	Entry: C:\SpringToolSuite4\plugins\org.eclipse.m2e.maven.runtime_3.9.700.20240602-2313\jars\maven-settings-3.9.7.jar
2025-09-25 15:08:52,109 [Worker-3: Launching Executing install in F__ARCHIVOS_INSTITUTO CIBERTEC CLASES_LENGUAJE DE PROGRAMACI脫N II_CLASES LPII_SESI脫N 04 LPII_LPII_Sesi贸n_04 - Sol_jpa_sesion02_jpa_sesion02] INFO  o.eclipse.m2e.core.internal.Bundles - 	Entry: C:\SpringToolSuite4\plugins\org.eclipse.m2e.maven.runtime_3.9.700.20240602-2313\jars\maven-settings-builder-3.9.7.jar
2025-09-25 15:08:52,110 [Worker-3: Launching Executing install in F__ARCHIVOS_INSTITUTO CIBERTEC CLASES_LENGUAJE DE PROGRAMACI脫N II_CLASES LPII_SESI脫N 04 LPII_LPII_Sesi贸n_04 - Sol_jpa_sesion02_jpa_sesion02] INFO  o.eclipse.m2e.core.internal.Bundles - 	Entry: C:\SpringToolSuite4\plugins\org.eclipse.m2e.maven.runtime_3.9.700.20240602-2313\jars\maven-shared-utils-3.4.2.jar
2025-09-25 15:08:52,110 [Worker-3: Launching Executing install in F__ARCHIVOS_INSTITUTO CIBERTEC CLASES_LENGUAJE DE PROGRAMACI脫N II_CLASES LPII_SESI脫N 04 LPII_LPII_Sesi贸n_04 - Sol_jpa_sesion02_jpa_sesion02] INFO  o.eclipse.m2e.core.internal.Bundles - 	Entry: C:\SpringToolSuite4\plugins\org.eclipse.m2e.maven.runtime_3.9.700.20240602-2313\jars\org.eclipse.sisu.inject-0.9.0.M2.jar
2025-09-25 15:08:52,111 [Worker-3: Launching Executing install in F__ARCHIVOS_INSTITUTO CIBERTEC CLASES_LENGUAJE DE PROGRAMACI脫N II_CLASES LPII_SESI脫N 04 LPII_LPII_Sesi贸n_04 - Sol_jpa_sesion02_jpa_sesion02] INFO  o.eclipse.m2e.core.internal.Bundles - 	Entry: C:\SpringToolSuite4\plugins\org.eclipse.m2e.maven.runtime_3.9.700.20240602-2313\jars\org.eclipse.sisu.plexus-0.9.0.M2.jar
2025-09-25 15:08:52,111 [Worker-3: Launching Executing install in F__ARCHIVOS_INSTITUTO CIBERTEC CLASES_LENGUAJE DE PROGRAMACI脫N II_CLASES LPII_SESI脫N 04 LPII_LPII_Sesi贸n_04 - Sol_jpa_sesion02_jpa_sesion02] INFO  o.eclipse.m2e.core.internal.Bundles - 	Entry: C:\SpringToolSuite4\plugins\org.eclipse.m2e.maven.runtime_3.9.700.20240602-2313\jars\plexus-build-api-0.0.7.jar
2025-09-25 15:08:52,112 [Worker-3: Launching Executing install in F__ARCHIVOS_INSTITUTO CIBERTEC CLASES_LENGUAJE DE PROGRAMACI脫N II_CLASES LPII_SESI脫N 04 LPII_LPII_Sesi贸n_04 - Sol_jpa_sesion02_jpa_sesion02] INFO  o.eclipse.m2e.core.internal.Bundles - 	Entry: C:\SpringToolSuite4\plugins\org.eclipse.m2e.maven.runtime_3.9.700.20240602-2313\jars\plexus-build-api-1.2.0.jar
2025-09-25 15:08:52,112 [Worker-3: Launching Executing install in F__ARCHIVOS_INSTITUTO CIBERTEC CLASES_LENGUAJE DE PROGRAMACI脫N II_CLASES LPII_SESI脫N 04 LPII_LPII_Sesi贸n_04 - Sol_jpa_sesion02_jpa_sesion02] INFO  o.eclipse.m2e.core.internal.Bundles - 	Entry: C:\SpringToolSuite4\plugins\org.eclipse.m2e.maven.runtime_3.9.700.20240602-2313\jars\plexus-cipher-2.0.jar
2025-09-25 15:08:52,113 [Worker-3: Launching Executing install in F__ARCHIVOS_INSTITUTO CIBERTEC CLASES_LENGUAJE DE PROGRAMACI脫N II_CLASES LPII_SESI脫N 04 LPII_LPII_Sesi贸n_04 - Sol_jpa_sesion02_jpa_sesion02] INFO  o.eclipse.m2e.core.internal.Bundles - 	Entry: C:\SpringToolSuite4\plugins\org.eclipse.m2e.maven.runtime_3.9.700.20240602-2313\jars\plexus-classworlds-2.8.0.jar
2025-09-25 15:08:52,113 [Worker-3: Launching Executing install in F__ARCHIVOS_INSTITUTO CIBERTEC CLASES_LENGUAJE DE PROGRAMACI脫N II_CLASES LPII_SESI脫N 04 LPII_LPII_Sesi贸n_04 - Sol_jpa_sesion02_jpa_sesion02] INFO  o.eclipse.m2e.core.internal.Bundles - 	Entry: C:\SpringToolSuite4\plugins\org.eclipse.m2e.maven.runtime_3.9.700.20240602-2313\jars\plexus-component-annotations-2.1.0.jar
2025-09-25 15:08:52,113 [Worker-3: Launching Executing install in F__ARCHIVOS_INSTITUTO CIBERTEC CLASES_LENGUAJE DE PROGRAMACI脫N II_CLASES LPII_SESI脫N 04 LPII_LPII_Sesi贸n_04 - Sol_jpa_sesion02_jpa_sesion02] INFO  o.eclipse.m2e.core.internal.Bundles - 	Entry: C:\SpringToolSuite4\plugins\org.eclipse.m2e.maven.runtime_3.9.700.20240602-2313\jars\plexus-interpolation-1.27.jar
2025-09-25 15:08:52,114 [Worker-3: Launching Executing install in F__ARCHIVOS_INSTITUTO CIBERTEC CLASES_LENGUAJE DE PROGRAMACI脫N II_CLASES LPII_SESI脫N 04 LPII_LPII_Sesi贸n_04 - Sol_jpa_sesion02_jpa_sesion02] INFO  o.eclipse.m2e.core.internal.Bundles - 	Entry: C:\SpringToolSuite4\plugins\org.eclipse.m2e.maven.runtime_3.9.700.20240602-2313\jars\plexus-sec-dispatcher-2.0.jar
2025-09-25 15:08:52,114 [Worker-3: Launching Executing install in F__ARCHIVOS_INSTITUTO CIBERTEC CLASES_LENGUAJE DE PROGRAMACI脫N II_CLASES LPII_SESI脫N 04 LPII_LPII_Sesi贸n_04 - Sol_jpa_sesion02_jpa_sesion02] INFO  o.eclipse.m2e.core.internal.Bundles - 	Entry: C:\SpringToolSuite4\plugins\org.eclipse.m2e.maven.runtime_3.9.700.20240602-2313\jars\plexus-utils-3.5.1.jar
2025-09-25 15:08:52,114 [Worker-3: Launching Executing install in F__ARCHIVOS_INSTITUTO CIBERTEC CLASES_LENGUAJE DE PROGRAMACI脫N II_CLASES LPII_SESI脫N 04 LPII_LPII_Sesi贸n_04 - Sol_jpa_sesion02_jpa_sesion02] INFO  o.eclipse.m2e.core.internal.Bundles - 	Entry: C:\SpringToolSuite4\plugins\org.eclipse.m2e.maven.runtime_3.9.700.20240602-2313\jars\wagon-file-3.5.3.jar
2025-09-25 15:08:52,115 [Worker-3: Launching Executing install in F__ARCHIVOS_INSTITUTO CIBERTEC CLASES_LENGUAJE DE PROGRAMACI脫N II_CLASES LPII_SESI脫N 04 LPII_LPII_Sesi贸n_04 - Sol_jpa_sesion02_jpa_sesion02] INFO  o.eclipse.m2e.core.internal.Bundles - 	Entry: C:\SpringToolSuite4\plugins\org.eclipse.m2e.maven.runtime_3.9.700.20240602-2313\jars\wagon-http-3.5.3.jar
2025-09-25 15:08:52,115 [Worker-3: Launching Executing install in F__ARCHIVOS_INSTITUTO CIBERTEC CLASES_LENGUAJE DE PROGRAMACI脫N II_CLASES LPII_SESI脫N 04 LPII_LPII_Sesi贸n_04 - Sol_jpa_sesion02_jpa_sesion02] INFO  o.eclipse.m2e.core.internal.Bundles - 	Entry: C:\SpringToolSuite4\plugins\org.eclipse.m2e.maven.runtime_3.9.700.20240602-2313\jars\wagon-http-shared-3.5.3.jar
2025-09-25 15:08:52,115 [Worker-3: Launching Executing install in F__ARCHIVOS_INSTITUTO CIBERTEC CLASES_LENGUAJE DE PROGRAMACI脫N II_CLASES LPII_SESI脫N 04 LPII_LPII_Sesi贸n_04 - Sol_jpa_sesion02_jpa_sesion02] INFO  o.eclipse.m2e.core.internal.Bundles - 	Entry: C:\SpringToolSuite4\plugins\org.eclipse.m2e.maven.runtime_3.9.700.20240602-2313\jars\wagon-provider-api-3.5.3.jar
2025-09-25 15:08:52,116 [Worker-3: Launching Executing install in F__ARCHIVOS_INSTITUTO CIBERTEC CLASES_LENGUAJE DE PROGRAMACI脫N II_CLASES LPII_SESI脫N 04 LPII_LPII_Sesi贸n_04 - Sol_jpa_sesion02_jpa_sesion02] INFO  o.eclipse.m2e.core.internal.Bundles - getClasspathEntries(Bundle=com.google.guava_33.2.0.jre [29])
2025-09-25 15:08:52,116 [Worker-3: Launching Executing install in F__ARCHIVOS_INSTITUTO CIBERTEC CLASES_LENGUAJE DE PROGRAMACI脫N II_CLASES LPII_SESI脫N 04 LPII_LPII_Sesi贸n_04 - Sol_jpa_sesion02_jpa_sesion02] INFO  o.eclipse.m2e.core.internal.Bundles - 	Entry: C:\SpringToolSuite4\plugins\com.google.guava_33.2.0.jre.jar
2025-09-25 15:08:52,116 [Worker-3: Launching Executing install in F__ARCHIVOS_INSTITUTO CIBERTEC CLASES_LENGUAJE DE PROGRAMACI脫N II_CLASES LPII_SESI脫N 04 LPII_LPII_Sesi贸n_04 - Sol_jpa_sesion02_jpa_sesion02] INFO  o.eclipse.m2e.core.internal.Bundles - getClasspathEntries(Bundle=slf4j.api_2.0.13 [590])
2025-09-25 15:08:52,116 [Worker-3: Launching Executing install in F__ARCHIVOS_INSTITUTO CIBERTEC CLASES_LENGUAJE DE PROGRAMACI脫N II_CLASES LPII_SESI脫N 04 LPII_LPII_Sesi贸n_04 - Sol_jpa_sesion02_jpa_sesion02] INFO  o.eclipse.m2e.core.internal.Bundles - 	Entry: C:\SpringToolSuite4\plugins\slf4j.api_2.0.13.jar
2025-09-25 15:08:52,116 [Worker-3: Launching Executing install in F__ARCHIVOS_INSTITUTO CIBERTEC CLASES_LENGUAJE DE PROGRAMACI脫N II_CLASES LPII_SESI脫N 04 LPII_LPII_Sesi贸n_04 - Sol_jpa_sesion02_jpa_sesion02] INFO  o.eclipse.m2e.core.internal.Bundles - getClasspathEntries(Bundle=jakarta.inject.jakarta.inject-api_1.0.5 [44])
2025-09-25 15:08:52,116 [Worker-3: Launching Executing install in F__ARCHIVOS_INSTITUTO CIBERTEC CLASES_LENGUAJE DE PROGRAMACI脫N II_CLASES LPII_SESI脫N 04 LPII_LPII_Sesi贸n_04 - Sol_jpa_sesion02_jpa_sesion02] INFO  o.eclipse.m2e.core.internal.Bundles - 	Entry: C:\SpringToolSuite4\plugins\jakarta.inject.jakarta.inject-api_1.0.5.jar
2025-09-25 15:08:52,116 [Worker-3: Launching Executing install in F__ARCHIVOS_INSTITUTO CIBERTEC CLASES_LENGUAJE DE PROGRAMACI脫N II_CLASES LPII_SESI脫N 04 LPII_LPII_Sesi贸n_04 - Sol_jpa_sesion02_jpa_sesion02] INFO  o.eclipse.m2e.core.internal.Bundles - getClasspathEntries(Bundle=javax.annotation_1.3.5.v20200909-1856 [53])
2025-09-25 15:08:52,117 [Worker-3: Launching Executing install in F__ARCHIVOS_INSTITUTO CIBERTEC CLASES_LENGUAJE DE PROGRAMACI脫N II_CLASES LPII_SESI脫N 04 LPII_LPII_Sesi贸n_04 - Sol_jpa_sesion02_jpa_sesion02] INFO  o.eclipse.m2e.core.internal.Bundles - 	Entry: C:\SpringToolSuite4\plugins\javax.annotation_1.3.5.v20200909-1856.jar
2025-09-25 15:08:52,117 [Worker-3: Launching Executing install in F__ARCHIVOS_INSTITUTO CIBERTEC CLASES_LENGUAJE DE PROGRAMACI脫N II_CLASES LPII_SESI脫N 04 LPII_LPII_Sesi贸n_04 - Sol_jpa_sesion02_jpa_sesion02] INFO  o.eclipse.m2e.core.internal.Bundles - getClasspathEntries(Bundle=org.apache.commons.cli_1.8.0 [76])
2025-09-25 15:08:52,118 [Worker-3: Launching Executing install in F__ARCHIVOS_INSTITUTO CIBERTEC CLASES_LENGUAJE DE PROGRAMACI脫N II_CLASES LPII_SESI脫N 04 LPII_LPII_Sesi贸n_04 - Sol_jpa_sesion02_jpa_sesion02] INFO  o.eclipse.m2e.core.internal.Bundles - 	Entry: C:\SpringToolSuite4\plugins\org.apache.commons.cli_1.8.0.jar
2025-09-25 15:08:52,118 [Worker-3: Launching Executing install in F__ARCHIVOS_INSTITUTO CIBERTEC CLASES_LENGUAJE DE PROGRAMACI脫N II_CLASES LPII_SESI脫N 04 LPII_LPII_Sesi贸n_04 - Sol_jpa_sesion02_jpa_sesion02] INFO  o.eclipse.m2e.core.internal.Bundles - getClasspathEntries(Bundle=org.apache.commons.commons-codec_1.16.0 [78])
2025-09-25 15:08:52,118 [Worker-3: Launching Executing install in F__ARCHIVOS_INSTITUTO CIBERTEC CLASES_LENGUAJE DE PROGRAMACI脫N II_CLASES LPII_SESI脫N 04 LPII_LPII_Sesi贸n_04 - Sol_jpa_sesion02_jpa_sesion02] INFO  o.eclipse.m2e.core.internal.Bundles - 	Entry: C:\SpringToolSuite4\plugins\org.apache.commons.commons-codec_1.16.0.jar
2025-09-25 15:08:52,118 [Worker-3: Launching Executing install in F__ARCHIVOS_INSTITUTO CIBERTEC CLASES_LENGUAJE DE PROGRAMACI脫N II_CLASES LPII_SESI脫N 04 LPII_LPII_Sesi贸n_04 - Sol_jpa_sesion02_jpa_sesion02] INFO  o.eclipse.m2e.core.internal.Bundles - getClasspathEntries(Bundle=org.apache.commons.lang3_3.14.0 [82])
2025-09-25 15:08:52,118 [Worker-3: Launching Executing install in F__ARCHIVOS_INSTITUTO CIBERTEC CLASES_LENGUAJE DE PROGRAMACI脫N II_CLASES LPII_SESI脫N 04 LPII_LPII_Sesi贸n_04 - Sol_jpa_sesion02_jpa_sesion02] INFO  o.eclipse.m2e.core.internal.Bundles - 	Entry: C:\SpringToolSuite4\plugins\org.apache.commons.lang3_3.14.0.jar
2025-09-25 15:08:52,118 [Worker-3: Launching Executing install in F__ARCHIVOS_INSTITUTO CIBERTEC CLASES_LENGUAJE DE PROGRAMACI脫N II_CLASES LPII_SESI脫N 04 LPII_LPII_Sesi贸n_04 - Sol_jpa_sesion02_jpa_sesion02] INFO  o.eclipse.m2e.core.internal.Bundles - getClasspathEntries(Bundle=com.google.guava.failureaccess_1.0.2 [30])
2025-09-25 15:08:52,118 [Worker-3: Launching Executing install in F__ARCHIVOS_INSTITUTO CIBERTEC CLASES_LENGUAJE DE PROGRAMACI脫N II_CLASES LPII_SESI脫N 04 LPII_LPII_Sesi贸n_04 - Sol_jpa_sesion02_jpa_sesion02] INFO  o.eclipse.m2e.core.internal.Bundles - 	Entry: C:\SpringToolSuite4\plugins\com.google.guava.failureaccess_1.0.2.jar
2025-09-25 15:08:52,121 [Worker-3: Launching Executing install in F__ARCHIVOS_INSTITUTO CIBERTEC CLASES_LENGUAJE DE PROGRAMACI脫N II_CLASES LPII_SESI脫N 04 LPII_LPII_Sesi贸n_04 - Sol_jpa_sesion02_jpa_sesion02] INFO  o.e.m.i.launch.MavenLaunchDelegate - Run build in "F:\ARCHIVOS\INSTITUTO CIBERTEC CLASES\LENGUAJE DE PROGRAMACI脫N II\CLASES LPII\SESI脫N 04 LPII\LPII_Sesi贸n_04 - Sol\jpa_sesion02\jpa_sesion02":
2025-09-25 15:08:52,121 [Worker-3: Launching Executing install in F__ARCHIVOS_INSTITUTO CIBERTEC CLASES_LENGUAJE DE PROGRAMACI脫N II_CLASES LPII_SESI脫N 04 LPII_LPII_Sesi贸n_04 - Sol_jpa_sesion02_jpa_sesion02] INFO  o.e.m.i.launch.MavenLaunchDelegate -  mvn  -B -Dstyle.color=always install
2025-09-25 15:15:57,791 [Worker-1: Launching FrmManteProd (1)] INFO  o.e.m.c.i.l.LifecycleMappingFactory - Using org.eclipse.m2e.jdt.JarLifecycleMapping lifecycle mapping for MavenProject: org.cibertec:LPII_Sesion04_MV_GIT:0.0.1-SNAPSHOT @ F:\ARCHIVOS\INSTITUTO CIBERTEC CLASES\LENGUAJE DE PROGRAMACI脫N II\CLASES LPII\SESI脫N 04 LPII\LPII_Sesi贸n_04 - Sol\jpa_sesion02\jpa_sesion02\pom.xml.
2025-09-25 15:15:58,048 [Worker-1: Launching FrmManteProd (1)] INFO  o.a.m.s.f.DefaultMavenResourcesFiltering - Copying 0 resource from src\main\resources to target\classes
2025-09-25 15:15:58,051 [Worker-1: Launching FrmManteProd (1)] INFO  o.a.m.s.f.DefaultMavenResourcesFiltering - skip non existing resourceDirectory F:\ARCHIVOS\INSTITUTO CIBERTEC CLASES\LENGUAJE DE PROGRAMACI脫N II\CLASES LPII\SESI脫N 04 LPII\LPII_Sesi贸n_04 - Sol\jpa_sesion02\jpa_sesion02\src\test\resources
2025-09-25 15:19:43,998 [Worker-0: Loading available Gradle versions] INFO  o.e.b.c.i.u.g.PublishedGradleVersions - Gradle version information cache is up-to-date. Trying to read.
2025-09-25 15:20:11,662 [Worker-1: Building] INFO  o.e.m.c.i.l.LifecycleMappingFactory - Using org.eclipse.m2e.jdt.JarLifecycleMapping lifecycle mapping for MavenProject: org.cibertec:LPII_Sesion04_MV_GIT:0.0.1-SNAPSHOT @ F:\ARCHIVOS\INSTITUTO CIBERTEC CLASES\LENGUAJE DE PROGRAMACI脫N II\CLASES LPII\SESI脫N 04 LPII\LPII_Sesi贸n_04 - Sol\LPII_Sesion04_MV_GIT\pom.xml.
2025-09-25 15:20:12,529 [Worker-1: Building] INFO  o.a.m.s.f.DefaultMavenResourcesFiltering - Copying 1 resource from src\main\resources to target\classes
2025-09-25 15:20:12,540 [Worker-1: Building] INFO  o.a.m.s.f.DefaultMavenResourcesFiltering - skip non existing resourceDirectory F:\ARCHIVOS\INSTITUTO CIBERTEC CLASES\LENGUAJE DE PROGRAMACI脫N II\CLASES LPII\SESI脫N 04 LPII\LPII_Sesi贸n_04 - Sol\LPII_Sesion04_MV_GIT\src\test\resources
2025-09-25 15:26:26,075 [Worker-0: Building] INFO  o.a.m.s.f.DefaultMavenResourcesFiltering - Copying 1 resource from src\main\resources to target\classes
2025-09-25 15:26:26,078 [Worker-0: Building] INFO  o.a.m.s.f.DefaultMavenResourcesFiltering - skip non existing resourceDirectory F:\ARCHIVOS\INSTITUTO CIBERTEC CLASES\LENGUAJE DE PROGRAMACI脫N II\CLASES LPII\SESI脫N 04 LPII\LPII_Sesi贸n_04 - Sol\LPII_Sesion04_MV_GIT\src\test\resources
2025-09-25 15:27:00,493 [Worker-1: Building] INFO  o.a.m.s.f.DefaultMavenResourcesFiltering - Copying 1 resource from src\main\resources to target\classes
2025-09-25 15:27:00,496 [Worker-1: Building] INFO  o.a.m.s.f.DefaultMavenResourcesFiltering - skip non existing resourceDirectory F:\ARCHIVOS\INSTITUTO CIBERTEC CLASES\LENGUAJE DE PROGRAMACI脫N II\CLASES LPII\SESI脫N 04 LPII\LPII_Sesi贸n_04 - Sol\LPII_Sesion04_MV_GIT\src\test\resources
2025-09-26 11:42:52,261 [Worker-5: Loading available Gradle versions] INFO  o.e.b.c.i.u.g.PublishedGradleVersions - Gradle version information cache is out-of-date. Trying to update.
2025-09-26 11:49:13,227 [Worker-11: Building] INFO  o.e.m.c.i.l.LifecycleMappingFactory - Using org.eclipse.m2e.jdt.JarLifecycleMapping lifecycle mapping for MavenProject: org.cibertec:LPII_Sesion04_MV_GIT:0.0.1-SNAPSHOT @ F:\ARCHIVOS\INSTITUTO CIBERTEC CLASES\LENGUAJE DE PROGRAMACI脫N II\CLASES LPII\SESI脫N 04 LPII\LPII_Sesi贸n_04 - Sol\LPII_Sesion04_MV_GIT\pom.xml.
2025-09-26 11:49:13,675 [Worker-11: Building] INFO  o.a.m.s.f.DefaultMavenResourcesFiltering - Copying 1 resource from src\main\resources to target\classes
2025-09-26 11:49:13,685 [Worker-11: Building] INFO  o.a.m.s.f.DefaultMavenResourcesFiltering - skip non existing resourceDirectory F:\ARCHIVOS\INSTITUTO CIBERTEC CLASES\LENGUAJE DE PROGRAMACI脫N II\CLASES LPII\SESI脫N 04 LPII\LPII_Sesi贸n_04 - Sol\LPII_Sesion04_MV_GIT\src\test\resources
2025-09-26 11:49:17,166 [Worker-10: Building] INFO  o.a.m.s.f.DefaultMavenResourcesFiltering - Copying 1 resource from src\main\resources to target\classes
2025-09-26 11:49:17,180 [Worker-10: Building] INFO  o.a.m.s.f.DefaultMavenResourcesFiltering - skip non existing resourceDirectory F:\ARCHIVOS\INSTITUTO CIBERTEC CLASES\LENGUAJE DE PROGRAMACI脫N II\CLASES LPII\SESI脫N 04 LPII\LPII_Sesi贸n_04 - Sol\LPII_Sesion04_MV_GIT\src\test\resources
2025-09-26 11:51:10,116 [Worker-4: Updating Maven Project] INFO  o.e.m.c.i.p.ProjectConfigurationManager - Update started
2025-09-26 11:51:10,291 [Worker-4: Updating Maven Project] INFO  o.e.m.c.i.l.LifecycleMappingFactory - Using org.eclipse.m2e.jdt.JarLifecycleMapping lifecycle mapping for MavenProject: org.cibertec:LPII_Sesion04_MV_GIT:0.0.1-SNAPSHOT @ F:\ARCHIVOS\INSTITUTO CIBERTEC CLASES\LENGUAJE DE PROGRAMACI脫N II\CLASES LPII\SESI脫N 04 LPII\LPII_Sesi贸n_04 - Sol\LPII_Sesion04_MV_GIT\pom.xml.
2025-09-26 11:51:10,525 [Worker-4: Updating Maven Project] INFO  o.e.m.j.i.AbstractJavaProjectConfigurator - Adding source folder /LPII_Sesion04_MV_GIT/src/main/java
2025-09-26 11:51:10,528 [Worker-4: Updating Maven Project] INFO  o.e.m.j.i.AbstractJavaProjectConfigurator - Adding resource folder /LPII_Sesion04_MV_GIT/src/main/resources
2025-09-26 11:51:10,528 [Worker-4: Updating Maven Project] INFO  o.e.m.j.i.AbstractJavaProjectConfigurator - Adding source folder /LPII_Sesion04_MV_GIT/src/test/java
2025-09-26 11:51:10,529 [Worker-4: Updating Maven Project] INFO  o.e.m.j.i.AbstractJavaProjectConfigurator - Adding resource folder /LPII_Sesion04_MV_GIT/src/test/resources
2025-09-26 11:51:10,721 [Worker-4: Updating Maven Project] INFO  o.e.m.c.i.p.ProjectConfigurationManager - Update completed for 1 poms: local refresh takes 0.00 sec, refresh facades takes 0.00 sec, update config takes 0.00 sec 
2025-09-26 11:51:11,072 [Worker-4: Building] INFO  o.a.m.s.f.DefaultMavenResourcesFiltering - Copying 1 resource from src\main\resources to target\classes
2025-09-26 11:51:11,088 [Worker-4: Building] INFO  o.a.m.s.f.DefaultMavenResourcesFiltering - skip non existing resourceDirectory F:\ARCHIVOS\INSTITUTO CIBERTEC CLASES\LENGUAJE DE PROGRAMACI脫N II\CLASES LPII\SESI脫N 04 LPII\LPII_Sesi贸n_04 - Sol\LPII_Sesion04_MV_GIT\src\test\resources
2025-09-26 12:44:57,272 [Worker-32: Building] INFO  o.a.m.s.f.DefaultMavenResourcesFiltering - Copying 1 resource from src\main\resources to target\classes
2025-09-26 12:44:57,275 [Worker-32: Building] INFO  o.a.m.s.f.DefaultMavenResourcesFiltering - skip non existing resourceDirectory F:\ARCHIVOS\INSTITUTO CIBERTEC CLASES\LENGUAJE DE PROGRAMACI脫N II\CLASES LPII\SESI脫N 04 LPII\LPII_Sesi贸n_04 - Sol\LPII_Sesion04_MV_GIT\src\test\resources
2025-09-26 12:47:20,939 [Worker-29: Building] INFO  o.a.m.s.f.DefaultMavenResourcesFiltering - Copying 1 resource from src\main\resources to target\classes
2025-09-26 12:47:20,942 [Worker-29: Building] INFO  o.a.m.s.f.DefaultMavenResourcesFiltering - skip non existing resourceDirectory F:\ARCHIVOS\INSTITUTO CIBERTEC CLASES\LENGUAJE DE PROGRAMACI脫N II\CLASES LPII\SESI脫N 04 LPII\LPII_Sesi贸n_04 - Sol\LPII_Sesion04_MV_GIT\src\test\resources
2025-09-26 12:52:14,930 [Worker-34: Building] INFO  o.a.m.s.f.DefaultMavenResourcesFiltering - Copying 1 resource from src\main\resources to target\classes
2025-09-26 12:52:14,932 [Worker-34: Building] INFO  o.a.m.s.f.DefaultMavenResourcesFiltering - skip non existing resourceDirectory F:\ARCHIVOS\INSTITUTO CIBERTEC CLASES\LENGUAJE DE PROGRAMACI脫N II\CLASES LPII\SESI脫N 04 LPII\LPII_Sesi贸n_04 - Sol\LPII_Sesion04_MV_GIT\src\test\resources
2025-09-26 13:12:08,583 [Worker-40: Launching FrmManteProd (1)] INFO  o.a.m.s.f.DefaultMavenResourcesFiltering - Copying 1 resource from src\main\resources to target\classes
2025-09-26 13:12:08,587 [Worker-40: Launching FrmManteProd (1)] INFO  o.a.m.s.f.DefaultMavenResourcesFiltering - skip non existing resourceDirectory F:\ARCHIVOS\INSTITUTO CIBERTEC CLASES\LENGUAJE DE PROGRAMACI脫N II\CLASES LPII\SESI脫N 04 LPII\LPII_Sesi贸n_04 - Sol\LPII_Sesion04_MV_GIT\src\test\resources
2025-09-26 18:07:19,691 [Worker-5: Loading available Gradle versions] INFO  o.e.b.c.i.u.g.PublishedGradleVersions - Gradle version information cache is up-to-date. Trying to read.
2025-09-26 18:13:05,137 [Worker-11: Updating Maven Project] INFO  o.e.m.c.i.p.ProjectConfigurationManager - Update started
2025-09-26 18:13:05,493 [Worker-11: Updating Maven Project] INFO  o.e.m.c.i.l.LifecycleMappingFactory - Using org.eclipse.m2e.jdt.JarLifecycleMapping lifecycle mapping for MavenProject: org.cibertec:LPII_Sesion04_MV_GIT:0.0.1-SNAPSHOT @ F:\ARCHIVOS\INSTITUTO CIBERTEC CLASES\LENGUAJE DE PROGRAMACI脫N II\CLASES LPII\SESI脫N 04 LPII\LPII_Sesi贸n_04 - Sol\LPII_Sesion04_MV_GIT\pom.xml.
2025-09-26 18:13:05,871 [Worker-11: Updating Maven Project] INFO  o.e.m.j.i.AbstractJavaProjectConfigurator - Adding source folder /LPII_Sesion04_MV_GIT/src/main/java
2025-09-26 18:13:05,875 [Worker-11: Updating Maven Project] INFO  o.e.m.j.i.AbstractJavaProjectConfigurator - Adding resource folder /LPII_Sesion04_MV_GIT/src/main/resources
2025-09-26 18:13:05,876 [Worker-11: Updating Maven Project] INFO  o.e.m.j.i.AbstractJavaProjectConfigurator - Adding source folder /LPII_Sesion04_MV_GIT/src/test/java
2025-09-26 18:13:05,877 [Worker-11: Updating Maven Project] INFO  o.e.m.j.i.AbstractJavaProjectConfigurator - Adding resource folder /LPII_Sesion04_MV_GIT/src/test/resources
2025-09-26 18:13:06,276 [Worker-11: Updating Maven Project] INFO  o.e.m.c.i.p.ProjectConfigurationManager - Update completed for 1 poms: local refresh takes 0.00 sec, refresh facades takes 0.00 sec, update config takes 0.00 sec 
2025-09-26 18:13:07,745 [Worker-14: Building] INFO  o.a.m.s.f.DefaultMavenResourcesFiltering - Copying 1 resource from src\main\resources to target\classes
2025-09-26 18:13:07,754 [Worker-14: Building] INFO  o.a.m.s.f.DefaultMavenResourcesFiltering - skip non existing resourceDirectory F:\ARCHIVOS\INSTITUTO CIBERTEC CLASES\LENGUAJE DE PROGRAMACI脫N II\CLASES LPII\SESI脫N 04 LPII\LPII_Sesi贸n_04 - Sol\LPII_Sesion04_MV_GIT\src\test\resources
2025-09-26 18:50:24,954 [Worker-22: Building] INFO  o.a.m.s.f.DefaultMavenResourcesFiltering - Copying 1 resource from src\main\resources to target\classes
2025-09-26 18:50:24,963 [Worker-22: Building] INFO  o.a.m.s.f.DefaultMavenResourcesFiltering - skip non existing resourceDirectory F:\ARCHIVOS\INSTITUTO CIBERTEC CLASES\LENGUAJE DE PROGRAMACI脫N II\CLASES LPII\SESI脫N 04 LPII\LPII_Sesi贸n_04 - Sol\LPII_Sesion04_MV_GIT\src\test\resources
2025-09-26 18:55:34,309 [Worker-29: Building] INFO  o.a.m.s.f.DefaultMavenResourcesFiltering - Copying 1 resource from src\main\resources to target\classes
2025-09-26 18:55:34,313 [Worker-29: Building] INFO  o.a.m.s.f.DefaultMavenResourcesFiltering - skip non existing resourceDirectory F:\ARCHIVOS\INSTITUTO CIBERTEC CLASES\LENGUAJE DE PROGRAMACI脫N II\CLASES LPII\SESI脫N 04 LPII\LPII_Sesi贸n_04 - Sol\LPII_Sesion04_MV_GIT\src\test\resources
2025-09-26 18:59:13,384 [Worker-27: Building] INFO  o.a.m.s.f.DefaultMavenResourcesFiltering - Copying 1 resource from src\main\resources to target\classes
2025-09-26 18:59:13,389 [Worker-27: Building] INFO  o.a.m.s.f.DefaultMavenResourcesFiltering - skip non existing resourceDirectory F:\ARCHIVOS\INSTITUTO CIBERTEC CLASES\LENGUAJE DE PROGRAMACI脫N II\CLASES LPII\SESI脫N 04 LPII\LPII_Sesi贸n_04 - Sol\LPII_Sesion04_MV_GIT\src\test\resources
2025-09-26 19:03:34,682 [Worker-34: Building] INFO  o.a.m.s.f.DefaultMavenResourcesFiltering - Copying 1 resource from src\main\resources to target\classes
2025-09-26 19:03:34,686 [Worker-34: Building] INFO  o.a.m.s.f.DefaultMavenResourcesFiltering - skip non existing resourceDirectory F:\ARCHIVOS\INSTITUTO CIBERTEC CLASES\LENGUAJE DE PROGRAMACI脫N II\CLASES LPII\SESI脫N 04 LPII\LPII_Sesi贸n_04 - Sol\LPII_Sesion04_MV_GIT\src\test\resources
2026-01-21 11:41:27,239 [Worker-5: Loading available Gradle versions] INFO  o.e.b.c.i.u.g.PublishedGradleVersions - Gradle version information cache is out-of-date. Trying to update.
2026-01-21 11:41:30,166 [Worker-10: Building] INFO  o.e.m.c.i.e.AbstractTransferListenerAdapter - Downloading https://repo.maven.apache.org/maven2/mysql/mysql-connector-java/8.0.28/mysql-connector-java-8.0.28.pom
2026-01-21 11:41:30,198 [Worker-10: Building] INFO  o.e.m.c.i.e.AbstractTransferListenerAdapter - Downloaded https://repo.maven.apache.org/maven2/mysql/mysql-connector-java/8.0.28/mysql-connector-java-8.0.28.pom
2026-01-21 11:41:30,333 [Worker-10: Building] INFO  o.e.m.c.i.e.AbstractTransferListenerAdapter - Downloading https://repo.maven.apache.org/maven2/org/hibernate/hibernate-core/5.4.4.Final/hibernate-core-5.4.4.Final.pom
2026-01-21 11:41:30,336 [Worker-10: Building] INFO  o.e.m.c.i.e.AbstractTransferListenerAdapter - Downloaded https://repo.maven.apache.org/maven2/org/hibernate/hibernate-core/5.4.4.Final/hibernate-core-5.4.4.Final.pom
2026-01-21 11:41:30,399 [Worker-10: Building] INFO  o.e.m.c.i.e.AbstractTransferListenerAdapter - Downloading https://repo.maven.apache.org/maven2/org/jboss/logging/jboss-logging/3.3.2.Final/jboss-logging-3.3.2.Final.pom
2026-01-21 11:41:30,402 [Worker-10: Building] INFO  o.e.m.c.i.e.AbstractTransferListenerAdapter - Downloaded https://repo.maven.apache.org/maven2/org/jboss/logging/jboss-logging/3.3.2.Final/jboss-logging-3.3.2.Final.pom
2026-01-21 11:41:30,456 [Worker-10: Building] INFO  o.e.m.c.i.e.AbstractTransferListenerAdapter - Downloading https://repo.maven.apache.org/maven2/org/jboss/jboss-parent/15/jboss-parent-15.pom
2026-01-21 11:41:30,459 [Worker-10: Building] INFO  o.e.m.c.i.e.AbstractTransferListenerAdapter - Downloaded https://repo.maven.apache.org/maven2/org/jboss/jboss-parent/15/jboss-parent-15.pom
2026-01-21 11:41:30,519 [Worker-10: Building] INFO  o.e.m.c.i.e.AbstractTransferListenerAdapter - Downloading https://repo.maven.apache.org/maven2/org/javassist/javassist/3.24.0-GA/javassist-3.24.0-GA.pom
2026-01-21 11:41:30,522 [Worker-10: Building] INFO  o.e.m.c.i.e.AbstractTransferListenerAdapter - Downloaded https://repo.maven.apache.org/maven2/org/javassist/javassist/3.24.0-GA/javassist-3.24.0-GA.pom
2026-01-21 11:41:30,582 [Worker-10: Building] INFO  o.e.m.c.i.e.AbstractTransferListenerAdapter - Downloading https://repo.maven.apache.org/maven2/net/bytebuddy/byte-buddy/1.9.11/byte-buddy-1.9.11.pom
2026-01-21 11:41:30,584 [Worker-10: Building] INFO  o.e.m.c.i.e.AbstractTransferListenerAdapter - Downloaded https://repo.maven.apache.org/maven2/net/bytebuddy/byte-buddy/1.9.11/byte-buddy-1.9.11.pom
2026-01-21 11:41:30,640 [Worker-10: Building] INFO  o.e.m.c.i.e.AbstractTransferListenerAdapter - Downloading https://repo.maven.apache.org/maven2/net/bytebuddy/byte-buddy-parent/1.9.11/byte-buddy-parent-1.9.11.pom
2026-01-21 11:41:30,643 [Worker-10: Building] INFO  o.e.m.c.i.e.AbstractTransferListenerAdapter - Downloaded https://repo.maven.apache.org/maven2/net/bytebuddy/byte-buddy-parent/1.9.11/byte-buddy-parent-1.9.11.pom
2026-01-21 11:41:30,700 [Worker-10: Building] INFO  o.e.m.c.i.e.AbstractTransferListenerAdapter - Downloading https://repo.maven.apache.org/maven2/antlr/antlr/2.7.7/antlr-2.7.7.pom
2026-01-21 11:41:30,703 [Worker-10: Building] INFO  o.e.m.c.i.e.AbstractTransferListenerAdapter - Downloaded https://repo.maven.apache.org/maven2/antlr/antlr/2.7.7/antlr-2.7.7.pom
2026-01-21 11:41:30,761 [Worker-10: Building] INFO  o.e.m.c.i.e.AbstractTransferListenerAdapter - Downloading https://repo.maven.apache.org/maven2/org/jboss/spec/javax/transaction/jboss-transaction-api_1.2_spec/1.1.1.Final/jboss-transaction-api_1.2_spec-1.1.1.Final.pom
2026-01-21 11:41:30,764 [Worker-10: Building] INFO  o.e.m.c.i.e.AbstractTransferListenerAdapter - Downloaded https://repo.maven.apache.org/maven2/org/jboss/spec/javax/transaction/jboss-transaction-api_1.2_spec/1.1.1.Final/jboss-transaction-api_1.2_spec-1.1.1.Final.pom
2026-01-21 11:41:30,820 [Worker-10: Building] INFO  o.e.m.c.i.e.AbstractTransferListenerAdapter - Downloading https://repo.maven.apache.org/maven2/org/jboss/jboss-parent/25/jboss-parent-25.pom
2026-01-21 11:41:30,823 [Worker-10: Building] INFO  o.e.m.c.i.e.AbstractTransferListenerAdapter - Downloaded https://repo.maven.apache.org/maven2/org/jboss/jboss-parent/25/jboss-parent-25.pom
2026-01-21 11:41:30,878 [Worker-10: Building] INFO  o.e.m.c.i.e.AbstractTransferListenerAdapter - Downloading https://repo.maven.apache.org/maven2/org/jboss/jandex/2.0.5.Final/jandex-2.0.5.Final.pom
2026-01-21 11:41:30,880 [Worker-10: Building] INFO  o.e.m.c.i.e.AbstractTransferListenerAdapter - Downloaded https://repo.maven.apache.org/maven2/org/jboss/jandex/2.0.5.Final/jandex-2.0.5.Final.pom
2026-01-21 11:41:30,935 [Worker-10: Building] INFO  o.e.m.c.i.e.AbstractTransferListenerAdapter - Downloading https://repo.maven.apache.org/maven2/org/jboss/jboss-parent/12/jboss-parent-12.pom
2026-01-21 11:41:30,938 [Worker-10: Building] INFO  o.e.m.c.i.e.AbstractTransferListenerAdapter - Downloaded https://repo.maven.apache.org/maven2/org/jboss/jboss-parent/12/jboss-parent-12.pom
2026-01-21 11:41:30,990 [Worker-10: Building] INFO  o.e.m.c.i.e.AbstractTransferListenerAdapter - Downloading https://repo.maven.apache.org/maven2/com/fasterxml/classmate/1.3.4/classmate-1.3.4.pom
2026-01-21 11:41:30,993 [Worker-10: Building] INFO  o.e.m.c.i.e.AbstractTransferListenerAdapter - Downloaded https://repo.maven.apache.org/maven2/com/fasterxml/classmate/1.3.4/classmate-1.3.4.pom
2026-01-21 11:41:31,046 [Worker-10: Building] INFO  o.e.m.c.i.e.AbstractTransferListenerAdapter - Downloading https://repo.maven.apache.org/maven2/com/fasterxml/oss-parent/24/oss-parent-24.pom
2026-01-21 11:41:31,049 [Worker-10: Building] INFO  o.e.m.c.i.e.AbstractTransferListenerAdapter - Downloaded https://repo.maven.apache.org/maven2/com/fasterxml/oss-parent/24/oss-parent-24.pom
2026-01-21 11:41:31,107 [Worker-10: Building] INFO  o.e.m.c.i.e.AbstractTransferListenerAdapter - Downloading https://repo.maven.apache.org/maven2/javax/activation/javax.activation-api/1.2.0/javax.activation-api-1.2.0.pom
2026-01-21 11:41:31,109 [Worker-10: Building] INFO  o.e.m.c.i.e.AbstractTransferListenerAdapter - Downloaded https://repo.maven.apache.org/maven2/javax/activation/javax.activation-api/1.2.0/javax.activation-api-1.2.0.pom
2026-01-21 11:41:31,164 [Worker-10: Building] INFO  o.e.m.c.i.e.AbstractTransferListenerAdapter - Downloading https://repo.maven.apache.org/maven2/com/sun/activation/all/1.2.0/all-1.2.0.pom
2026-01-21 11:41:31,166 [Worker-10: Building] INFO  o.e.m.c.i.e.AbstractTransferListenerAdapter - Downloaded https://repo.maven.apache.org/maven2/com/sun/activation/all/1.2.0/all-1.2.0.pom
2026-01-21 11:41:31,225 [Worker-10: Building] INFO  o.e.m.c.i.e.AbstractTransferListenerAdapter - Downloading https://repo.maven.apache.org/maven2/net/java/jvnet-parent/1/jvnet-parent-1.pom
2026-01-21 11:41:31,230 [Worker-10: Building] INFO  o.e.m.c.i.e.AbstractTransferListenerAdapter - Downloaded https://repo.maven.apache.org/maven2/net/java/jvnet-parent/1/jvnet-parent-1.pom
2026-01-21 11:41:31,290 [Worker-10: Building] INFO  o.e.m.c.i.e.AbstractTransferListenerAdapter - Downloading https://repo.maven.apache.org/maven2/org/dom4j/dom4j/2.1.1/dom4j-2.1.1.pom
2026-01-21 11:41:31,292 [Worker-10: Building] INFO  o.e.m.c.i.e.AbstractTransferListenerAdapter - Downloaded https://repo.maven.apache.org/maven2/org/dom4j/dom4j/2.1.1/dom4j-2.1.1.pom
2026-01-21 11:41:31,346 [Worker-10: Building] INFO  o.e.m.c.i.e.AbstractTransferListenerAdapter - Downloading https://repo.maven.apache.org/maven2/org/hibernate/common/hibernate-commons-annotations/5.1.0.Final/hibernate-commons-annotations-5.1.0.Final.pom
2026-01-21 11:41:31,349 [Worker-10: Building] INFO  o.e.m.c.i.e.AbstractTransferListenerAdapter - Downloaded https://repo.maven.apache.org/maven2/org/hibernate/common/hibernate-commons-annotations/5.1.0.Final/hibernate-commons-annotations-5.1.0.Final.pom
2026-01-21 11:41:31,410 [Worker-10: Building] INFO  o.e.m.c.i.e.AbstractTransferListenerAdapter - Downloading https://repo.maven.apache.org/maven2/javax/xml/bind/jaxb-api/2.3.1/jaxb-api-2.3.1.pom
2026-01-21 11:41:31,415 [Worker-10: Building] INFO  o.e.m.c.i.e.AbstractTransferListenerAdapter - Downloaded https://repo.maven.apache.org/maven2/javax/xml/bind/jaxb-api/2.3.1/jaxb-api-2.3.1.pom
2026-01-21 11:41:31,474 [Worker-10: Building] INFO  o.e.m.c.i.e.AbstractTransferListenerAdapter - Downloading https://repo.maven.apache.org/maven2/javax/xml/bind/jaxb-api-parent/2.3.1/jaxb-api-parent-2.3.1.pom
2026-01-21 11:41:31,476 [Worker-10: Building] INFO  o.e.m.c.i.e.AbstractTransferListenerAdapter - Downloaded https://repo.maven.apache.org/maven2/javax/xml/bind/jaxb-api-parent/2.3.1/jaxb-api-parent-2.3.1.pom
2026-01-21 11:41:31,533 [Worker-10: Building] INFO  o.e.m.c.i.e.AbstractTransferListenerAdapter - Downloading https://repo.maven.apache.org/maven2/org/glassfish/jaxb/jaxb-runtime/2.3.1/jaxb-runtime-2.3.1.pom
2026-01-21 11:41:31,537 [Worker-10: Building] INFO  o.e.m.c.i.e.AbstractTransferListenerAdapter - Downloaded https://repo.maven.apache.org/maven2/org/glassfish/jaxb/jaxb-runtime/2.3.1/jaxb-runtime-2.3.1.pom
2026-01-21 11:41:31,593 [Worker-10: Building] INFO  o.e.m.c.i.e.AbstractTransferListenerAdapter - Downloading https://repo.maven.apache.org/maven2/com/sun/xml/bind/mvn/jaxb-runtime-parent/2.3.1/jaxb-runtime-parent-2.3.1.pom
2026-01-21 11:41:31,596 [Worker-10: Building] INFO  o.e.m.c.i.e.AbstractTransferListenerAdapter - Downloaded https://repo.maven.apache.org/maven2/com/sun/xml/bind/mvn/jaxb-runtime-parent/2.3.1/jaxb-runtime-parent-2.3.1.pom
2026-01-21 11:41:31,654 [Worker-10: Building] INFO  o.e.m.c.i.e.AbstractTransferListenerAdapter - Downloading https://repo.maven.apache.org/maven2/com/sun/xml/bind/mvn/jaxb-parent/2.3.1/jaxb-parent-2.3.1.pom
2026-01-21 11:41:31,657 [Worker-10: Building] INFO  o.e.m.c.i.e.AbstractTransferListenerAdapter - Downloaded https://repo.maven.apache.org/maven2/com/sun/xml/bind/mvn/jaxb-parent/2.3.1/jaxb-parent-2.3.1.pom
2026-01-21 11:41:31,681 [Java indexing] INFO  o.b.c.a.StaticComponentContainer - (StaticComponentContainer.java:368) - Instantiated org.burningwave.core.SLF4JManagedLoggerRepository
2026-01-21 11:41:31,684 [Java indexing] INFO  o.b.c.a.StaticComponentContainer - (StaticComponentContainer.java:369) - 

	Configuration values for static components:

		background-executor.all-tasks-monitoring.enabled=\
			true
		background-executor.all-tasks-monitoring.interval=\
			30000
		background-executor.all-tasks-monitoring.logger.enabled=\
			false
		background-executor.all-tasks-monitoring.minimum-elapsed-time-to-consider-a-task-as-probable-dead-locked=\
			300000
		background-executor.all-tasks-monitoring.probable-dead-locked-tasks-handling.policy=\
			log only
		background-executor.queued-task-executor[0].name=\
			Low priority tasks
		background-executor.queued-task-executor[0].priority=\
			1
		background-executor.queued-task-executor[1].name=\
			Normal priority tasks
		background-executor.queued-task-executor[1].priority=\
			5
		background-executor.queued-task-executor[2].name=\
			High priority tasks
		background-executor.queued-task-executor[2].priority=\
			10
		background-executor.task-creation-tracking.enabled=\
			${background-executor.all-tasks-monitoring.enabled}
		banner.additonal-informations=\
			${Implementation-Title} ${Implementation-Version}
		banner.additonal-informations.retrieve-from-manifest-file-with-implementation-title=\
			Burningwave Core
		banner.file=\
			org/burningwave/banner.bwb
		banner.hide=\
			true
		buffer-handler.default-allocation-mode=\
			ByteBuffer::allocateDirect
		buffer-handler.default-buffer-size=\
			1024
		group-name-for-named-elements=\
			Burningwave
		iterable-object-helper.default-values-separator=\
			;
		iterable-object-helper.parallel-iteration.applicability.default-minimum-collection-size=\
			2
		iterable-object-helper.parallel-iteration.applicability.max-runtime-thread-count-threshold=\
			autodetect
		iterable-object-helper.parallel-iteration.applicability.output-collection-enabled-types=\
			java.util.concurrent.ConcurrentHashMap$CollectionView;\
			java.util.Collections$SynchronizedCollection;\
			java.util.concurrent.CopyOnWriteArrayList;\
			java.util.concurrent.CopyOnWriteArraySet;\
			java.util.concurrent.BlockingQueue;\
			java.util.concurrent.ConcurrentSkipListSet;\
			java.util.concurrent.ConcurrentSkipListMap$EntrySet;\
			java.util.concurrent.ConcurrentSkipListMap$KeySet;\
			java.util.concurrent.ConcurrentSkipListMap$Values;
		jvm.driver.init=\
			false
		managed-logger.repository=\
			autodetect
		managed-logger.repository.enabled=\
			true
		managed-logger.repository.logging.warn.disabled-for=\
			org.burningwave.core.assembler.ComponentContainer$ClassLoader;\
			org.burningwave.core.classes.MemoryClassLoader;\
			org.burningwave.core.classes.PathScannerClassLoader;
		modules.export-all-to-all=\
			true
		resource-releaser.enabled=\
			true
		synchronizer.all-threads-monitoring.enabled=\
			false
		synchronizer.all-threads-monitoring.interval=\
			90000
		thread-supplier.default-daemon-flag-value=\
			true
		thread-supplier.default-thread-priority=\
			5
		thread-supplier.max-detached-thread-count=\
			${thread-supplier.max-poolable-thread-count}
		thread-supplier.max-detached-thread-count.elapsed-time-threshold-from-last-increase-for-gradual-decreasing-to-initial-value=\
			30000
		thread-supplier.max-detached-thread-count.increasing-step=\
			autodetect
		thread-supplier.max-poolable-thread-count=\
			autodetect
		thread-supplier.poolable-thread-request-timeout=\
			6000


2026-01-21 11:41:31,690 [Java indexing] INFO  o.b.core.jvm.BufferHandler - (BufferHandler.java:127) - default buffer size: 1024 bytes
2026-01-21 11:41:31,692 [Java indexing] INFO  o.b.core.jvm.BufferHandler - (BufferHandler.java:141) - default allocation mode: ByteBuffer::allocateDirect
2026-01-21 11:41:31,702 [Java indexing] INFO  org.burningwave.core.Cache - (Cache.java:76) - Building cache
2026-01-21 11:41:31,721 [Worker-10: Building] INFO  o.e.m.c.i.e.AbstractTransferListenerAdapter - Downloading https://repo.maven.apache.org/maven2/com/sun/xml/bind/jaxb-bom-ext/2.3.1/jaxb-bom-ext-2.3.1.pom
2026-01-21 11:41:31,726 [Worker-10: Building] INFO  o.e.m.c.i.e.AbstractTransferListenerAdapter - Downloaded https://repo.maven.apache.org/maven2/com/sun/xml/bind/jaxb-bom-ext/2.3.1/jaxb-bom-ext-2.3.1.pom
2026-01-21 11:41:31,787 [Worker-10: Building] INFO  o.e.m.c.i.e.AbstractTransferListenerAdapter - Downloading https://repo.maven.apache.org/maven2/org/glassfish/jaxb/jaxb-bom/2.3.1/jaxb-bom-2.3.1.pom
2026-01-21 11:41:31,790 [Java indexing] INFO  o.b.c.a.StaticComponentContainer - (StaticComponentContainer.java:443) - org.burningwave.core.assembler.StaticComponentContainer initialized in 0.243037 seconds
2026-01-21 11:41:31,792 [Worker-10: Building] INFO  o.e.m.c.i.e.AbstractTransferListenerAdapter - Downloaded https://repo.maven.apache.org/maven2/org/glassfish/jaxb/jaxb-bom/2.3.1/jaxb-bom-2.3.1.pom
2026-01-21 11:41:31,853 [Worker-10: Building] INFO  o.e.m.c.i.e.AbstractTransferListenerAdapter - Downloading https://repo.maven.apache.org/maven2/org/glassfish/jaxb/txw2/2.3.1/txw2-2.3.1.pom
2026-01-21 11:41:31,855 [Worker-10: Building] INFO  o.e.m.c.i.e.AbstractTransferListenerAdapter - Downloaded https://repo.maven.apache.org/maven2/org/glassfish/jaxb/txw2/2.3.1/txw2-2.3.1.pom
2026-01-21 11:41:31,910 [Worker-10: Building] INFO  o.e.m.c.i.e.AbstractTransferListenerAdapter - Downloading https://repo.maven.apache.org/maven2/com/sun/xml/bind/mvn/jaxb-txw-parent/2.3.1/jaxb-txw-parent-2.3.1.pom
2026-01-21 11:41:31,913 [Worker-10: Building] INFO  o.e.m.c.i.e.AbstractTransferListenerAdapter - Downloaded https://repo.maven.apache.org/maven2/com/sun/xml/bind/mvn/jaxb-txw-parent/2.3.1/jaxb-txw-parent-2.3.1.pom
2026-01-21 11:41:31,969 [Worker-10: Building] INFO  o.e.m.c.i.e.AbstractTransferListenerAdapter - Downloading https://repo.maven.apache.org/maven2/com/sun/istack/istack-commons-runtime/3.0.7/istack-commons-runtime-3.0.7.pom
2026-01-21 11:41:31,973 [Worker-10: Building] INFO  o.e.m.c.i.e.AbstractTransferListenerAdapter - Downloaded https://repo.maven.apache.org/maven2/com/sun/istack/istack-commons-runtime/3.0.7/istack-commons-runtime-3.0.7.pom
2026-01-21 11:41:32,029 [Worker-10: Building] INFO  o.e.m.c.i.e.AbstractTransferListenerAdapter - Downloading https://repo.maven.apache.org/maven2/com/sun/istack/istack-commons/3.0.7/istack-commons-3.0.7.pom
2026-01-21 11:41:32,031 [Worker-10: Building] INFO  o.e.m.c.i.e.AbstractTransferListenerAdapter - Downloaded https://repo.maven.apache.org/maven2/com/sun/istack/istack-commons/3.0.7/istack-commons-3.0.7.pom
2026-01-21 11:41:32,090 [Worker-10: Building] INFO  o.e.m.c.i.e.AbstractTransferListenerAdapter - Downloading https://repo.maven.apache.org/maven2/org/jvnet/staxex/stax-ex/1.8/stax-ex-1.8.pom
2026-01-21 11:41:32,093 [Worker-10: Building] INFO  o.e.m.c.i.e.AbstractTransferListenerAdapter - Downloaded https://repo.maven.apache.org/maven2/org/jvnet/staxex/stax-ex/1.8/stax-ex-1.8.pom
2026-01-21 11:41:32,151 [Worker-10: Building] INFO  o.e.m.c.i.e.AbstractTransferListenerAdapter - Downloading https://repo.maven.apache.org/maven2/com/sun/xml/fastinfoset/FastInfoset/1.2.15/FastInfoset-1.2.15.pom
2026-01-21 11:41:32,154 [Worker-10: Building] INFO  o.e.m.c.i.e.AbstractTransferListenerAdapter - Downloaded https://repo.maven.apache.org/maven2/com/sun/xml/fastinfoset/FastInfoset/1.2.15/FastInfoset-1.2.15.pom
2026-01-21 11:41:32,214 [Worker-10: Building] INFO  o.e.m.c.i.e.AbstractTransferListenerAdapter - Downloading https://repo.maven.apache.org/maven2/com/sun/xml/fastinfoset/fastinfoset-project/1.2.15/fastinfoset-project-1.2.15.pom
2026-01-21 11:41:32,216 [Worker-10: Building] INFO  o.e.m.c.i.e.AbstractTransferListenerAdapter - Downloaded https://repo.maven.apache.org/maven2/com/sun/xml/fastinfoset/fastinfoset-project/1.2.15/fastinfoset-project-1.2.15.pom
2026-01-21 11:41:32,325 [Worker-10: Building] INFO  o.e.m.c.i.e.AbstractTransferListenerAdapter - Downloading https://repo.maven.apache.org/maven2/org/hibernate/hibernate-entitymanager/5.4.4.Final/hibernate-entitymanager-5.4.4.Final.pom
2026-01-21 11:41:32,327 [Worker-10: Building] INFO  o.e.m.c.i.e.AbstractTransferListenerAdapter - Downloaded https://repo.maven.apache.org/maven2/org/hibernate/hibernate-entitymanager/5.4.4.Final/hibernate-entitymanager-5.4.4.Final.pom
2026-01-21 11:41:32,393 [Worker-10: Building] INFO  o.e.m.c.i.e.AbstractTransferListenerAdapter - Downloading https://repo.maven.apache.org/maven2/mysql/mysql-connector-java/8.0.28/mysql-connector-java-8.0.28.jar
2026-01-21 11:41:32,763 [Worker-10: Building] INFO  o.e.m.c.i.e.AbstractTransferListenerAdapter - Downloaded https://repo.maven.apache.org/maven2/mysql/mysql-connector-java/8.0.28/mysql-connector-java-8.0.28.jar
2026-01-21 11:41:32,872 [BasicRepositoryConnector-repo.maven.apache.org-0-0] INFO  o.e.m.c.i.e.AbstractTransferListenerAdapter - Downloading https://repo.maven.apache.org/maven2/org/hibernate/hibernate-core/5.4.4.Final/hibernate-core-5.4.4.Final.jar
2026-01-21 11:41:32,905 [BasicRepositoryConnector-repo.maven.apache.org-0-4] INFO  o.e.m.c.i.e.AbstractTransferListenerAdapter - Downloading https://repo.maven.apache.org/maven2/antlr/antlr/2.7.7/antlr-2.7.7.jar
2026-01-21 11:41:32,908 [BasicRepositoryConnector-repo.maven.apache.org-0-2] INFO  o.e.m.c.i.e.AbstractTransferListenerAdapter - Downloading https://repo.maven.apache.org/maven2/org/javassist/javassist/3.24.0-GA/javassist-3.24.0-GA.jar
2026-01-21 11:41:32,910 [BasicRepositoryConnector-repo.maven.apache.org-0-1] INFO  o.e.m.c.i.e.AbstractTransferListenerAdapter - Downloading https://repo.maven.apache.org/maven2/org/jboss/logging/jboss-logging/3.3.2.Final/jboss-logging-3.3.2.Final.jar
2026-01-21 11:41:32,954 [BasicRepositoryConnector-repo.maven.apache.org-0-3] INFO  o.e.m.c.i.e.AbstractTransferListenerAdapter - Downloading https://repo.maven.apache.org/maven2/net/bytebuddy/byte-buddy/1.9.11/byte-buddy-1.9.11.jar
2026-01-21 11:41:33,497 [BasicRepositoryConnector-repo.maven.apache.org-0-1] INFO  o.e.m.c.i.e.AbstractTransferListenerAdapter - Downloaded https://repo.maven.apache.org/maven2/org/jboss/logging/jboss-logging/3.3.2.Final/jboss-logging-3.3.2.Final.jar
2026-01-21 11:41:33,559 [BasicRepositoryConnector-repo.maven.apache.org-0-1] INFO  o.e.m.c.i.e.AbstractTransferListenerAdapter - Downloading https://repo.maven.apache.org/maven2/org/jboss/spec/javax/transaction/jboss-transaction-api_1.2_spec/1.1.1.Final/jboss-transaction-api_1.2_spec-1.1.1.Final.jar
2026-01-21 11:41:33,709 [BasicRepositoryConnector-repo.maven.apache.org-0-4] INFO  o.e.m.c.i.e.AbstractTransferListenerAdapter - Downloaded https://repo.maven.apache.org/maven2/antlr/antlr/2.7.7/antlr-2.7.7.jar
2026-01-21 11:41:33,709 [BasicRepositoryConnector-repo.maven.apache.org-0-0] INFO  o.e.m.c.i.e.AbstractTransferListenerAdapter - Downloaded https://repo.maven.apache.org/maven2/org/hibernate/hibernate-core/5.4.4.Final/hibernate-core-5.4.4.Final.jar
2026-01-21 11:41:33,764 [BasicRepositoryConnector-repo.maven.apache.org-0-4] INFO  o.e.m.c.i.e.AbstractTransferListenerAdapter - Downloading https://repo.maven.apache.org/maven2/org/jboss/jandex/2.0.5.Final/jandex-2.0.5.Final.jar
2026-01-21 11:41:33,772 [BasicRepositoryConnector-repo.maven.apache.org-0-0] INFO  o.e.m.c.i.e.AbstractTransferListenerAdapter - Downloading https://repo.maven.apache.org/maven2/com/fasterxml/classmate/1.3.4/classmate-1.3.4.jar
2026-01-21 11:41:33,807 [BasicRepositoryConnector-repo.maven.apache.org-0-4] INFO  o.e.m.c.i.e.AbstractTransferListenerAdapter - Downloaded https://repo.maven.apache.org/maven2/org/jboss/jandex/2.0.5.Final/jandex-2.0.5.Final.jar
2026-01-21 11:41:33,845 [BasicRepositoryConnector-repo.maven.apache.org-0-0] INFO  o.e.m.c.i.e.AbstractTransferListenerAdapter - Downloaded https://repo.maven.apache.org/maven2/com/fasterxml/classmate/1.3.4/classmate-1.3.4.jar
2026-01-21 11:41:33,880 [BasicRepositoryConnector-repo.maven.apache.org-0-4] INFO  o.e.m.c.i.e.AbstractTransferListenerAdapter - Downloading https://repo.maven.apache.org/maven2/javax/activation/javax.activation-api/1.2.0/javax.activation-api-1.2.0.jar
2026-01-21 11:41:33,886 [BasicRepositoryConnector-repo.maven.apache.org-0-4] INFO  o.e.m.c.i.e.AbstractTransferListenerAdapter - Downloaded https://repo.maven.apache.org/maven2/javax/activation/javax.activation-api/1.2.0/javax.activation-api-1.2.0.jar
2026-01-21 11:41:33,928 [BasicRepositoryConnector-repo.maven.apache.org-0-0] INFO  o.e.m.c.i.e.AbstractTransferListenerAdapter - Downloading https://repo.maven.apache.org/maven2/org/dom4j/dom4j/2.1.1/dom4j-2.1.1.jar
2026-01-21 11:41:33,944 [BasicRepositoryConnector-repo.maven.apache.org-0-4] INFO  o.e.m.c.i.e.AbstractTransferListenerAdapter - Downloading https://repo.maven.apache.org/maven2/org/hibernate/common/hibernate-commons-annotations/5.1.0.Final/hibernate-commons-annotations-5.1.0.Final.jar
2026-01-21 11:41:33,949 [BasicRepositoryConnector-repo.maven.apache.org-0-4] INFO  o.e.m.c.i.e.AbstractTransferListenerAdapter - Downloaded https://repo.maven.apache.org/maven2/org/hibernate/common/hibernate-commons-annotations/5.1.0.Final/hibernate-commons-annotations-5.1.0.Final.jar
2026-01-21 11:41:33,993 [BasicRepositoryConnector-repo.maven.apache.org-0-1] INFO  o.e.m.c.i.e.AbstractTransferListenerAdapter - Downloaded https://repo.maven.apache.org/maven2/org/jboss/spec/javax/transaction/jboss-transaction-api_1.2_spec/1.1.1.Final/jboss-transaction-api_1.2_spec-1.1.1.Final.jar
2026-01-21 11:41:34,001 [BasicRepositoryConnector-repo.maven.apache.org-0-4] INFO  o.e.m.c.i.e.AbstractTransferListenerAdapter - Downloading https://repo.maven.apache.org/maven2/javax/xml/bind/jaxb-api/2.3.1/jaxb-api-2.3.1.jar
2026-01-21 11:41:34,015 [BasicRepositoryConnector-repo.maven.apache.org-0-4] INFO  o.e.m.c.i.e.AbstractTransferListenerAdapter - Downloaded https://repo.maven.apache.org/maven2/javax/xml/bind/jaxb-api/2.3.1/jaxb-api-2.3.1.jar
2026-01-21 11:41:34,052 [BasicRepositoryConnector-repo.maven.apache.org-0-1] INFO  o.e.m.c.i.e.AbstractTransferListenerAdapter - Downloading https://repo.maven.apache.org/maven2/org/glassfish/jaxb/jaxb-runtime/2.3.1/jaxb-runtime-2.3.1.jar
2026-01-21 11:41:34,070 [BasicRepositoryConnector-repo.maven.apache.org-0-4] INFO  o.e.m.c.i.e.AbstractTransferListenerAdapter - Downloading https://repo.maven.apache.org/maven2/org/glassfish/jaxb/txw2/2.3.1/txw2-2.3.1.jar
2026-01-21 11:41:34,078 [BasicRepositoryConnector-repo.maven.apache.org-0-4] INFO  o.e.m.c.i.e.AbstractTransferListenerAdapter - Downloaded https://repo.maven.apache.org/maven2/org/glassfish/jaxb/txw2/2.3.1/txw2-2.3.1.jar
2026-01-21 11:41:34,126 [BasicRepositoryConnector-repo.maven.apache.org-0-2] INFO  o.e.m.c.i.e.AbstractTransferListenerAdapter - Downloaded https://repo.maven.apache.org/maven2/org/javassist/javassist/3.24.0-GA/javassist-3.24.0-GA.jar
2026-01-21 11:41:34,133 [BasicRepositoryConnector-repo.maven.apache.org-0-4] INFO  o.e.m.c.i.e.AbstractTransferListenerAdapter - Downloading https://repo.maven.apache.org/maven2/com/sun/istack/istack-commons-runtime/3.0.7/istack-commons-runtime-3.0.7.jar
2026-01-21 11:41:34,141 [BasicRepositoryConnector-repo.maven.apache.org-0-4] INFO  o.e.m.c.i.e.AbstractTransferListenerAdapter - Downloaded https://repo.maven.apache.org/maven2/com/sun/istack/istack-commons-runtime/3.0.7/istack-commons-runtime-3.0.7.jar
2026-01-21 11:41:34,193 [BasicRepositoryConnector-repo.maven.apache.org-0-4] INFO  o.e.m.c.i.e.AbstractTransferListenerAdapter - Downloading https://repo.maven.apache.org/maven2/com/sun/xml/fastinfoset/FastInfoset/1.2.15/FastInfoset-1.2.15.jar
2026-01-21 11:41:34,199 [BasicRepositoryConnector-repo.maven.apache.org-0-2] INFO  o.e.m.c.i.e.AbstractTransferListenerAdapter - Downloading https://repo.maven.apache.org/maven2/org/jvnet/staxex/stax-ex/1.8/stax-ex-1.8.jar
2026-01-21 11:41:34,233 [BasicRepositoryConnector-repo.maven.apache.org-0-2] INFO  o.e.m.c.i.e.AbstractTransferListenerAdapter - Downloaded https://repo.maven.apache.org/maven2/org/jvnet/staxex/stax-ex/1.8/stax-ex-1.8.jar
2026-01-21 11:41:34,300 [BasicRepositoryConnector-repo.maven.apache.org-0-4] INFO  o.e.m.c.i.e.AbstractTransferListenerAdapter - Downloaded https://repo.maven.apache.org/maven2/com/sun/xml/fastinfoset/FastInfoset/1.2.15/FastInfoset-1.2.15.jar
2026-01-21 11:41:34,344 [BasicRepositoryConnector-repo.maven.apache.org-0-2] INFO  o.e.m.c.i.e.AbstractTransferListenerAdapter - Downloading https://repo.maven.apache.org/maven2/org/hibernate/hibernate-entitymanager/5.4.4.Final/hibernate-entitymanager-5.4.4.Final.jar
2026-01-21 11:41:34,346 [BasicRepositoryConnector-repo.maven.apache.org-0-2] INFO  o.e.m.c.i.e.AbstractTransferListenerAdapter - Downloaded https://repo.maven.apache.org/maven2/org/hibernate/hibernate-entitymanager/5.4.4.Final/hibernate-entitymanager-5.4.4.Final.jar
2026-01-21 11:41:34,423 [BasicRepositoryConnector-repo.maven.apache.org-0-1] INFO  o.e.m.c.i.e.AbstractTransferListenerAdapter - Downloaded https://repo.maven.apache.org/maven2/org/glassfish/jaxb/jaxb-runtime/2.3.1/jaxb-runtime-2.3.1.jar
2026-01-21 11:41:34,468 [BasicRepositoryConnector-repo.maven.apache.org-0-0] INFO  o.e.m.c.i.e.AbstractTransferListenerAdapter - Downloaded https://repo.maven.apache.org/maven2/org/dom4j/dom4j/2.1.1/dom4j-2.1.1.jar
2026-01-21 11:41:35,906 [BasicRepositoryConnector-repo.maven.apache.org-0-3] INFO  o.e.m.c.i.e.AbstractTransferListenerAdapter - Downloaded https://repo.maven.apache.org/maven2/net/bytebuddy/byte-buddy/1.9.11/byte-buddy-1.9.11.jar
2026-01-21 11:42:40,673 [Worker-25: Launching Executing clean in D__ARCHIVOS_INSTITUTO CIBERTEC CLASES_LENGUAJE DE PROGRAMACI脫N II_CLASES LPII_SESI脫N 04 LPII_LPII_Sesi贸n_04 - Sol_LPII_Sesion04_MV_GIT] INFO  o.eclipse.m2e.core.internal.Bundles - getClasspathEntries(Bundle=org.eclipse.m2e.maven.runtime_3.9.900.20240824-1409 [641])
2026-01-21 11:42:40,675 [Worker-25: Launching Executing clean in D__ARCHIVOS_INSTITUTO CIBERTEC CLASES_LENGUAJE DE PROGRAMACI脫N II_CLASES LPII_SESI脫N 04 LPII_LPII_Sesi贸n_04 - Sol_LPII_Sesion04_MV_GIT] INFO  o.eclipse.m2e.core.internal.Bundles - 	Entry: C:\Eclipse\EclipseJEE\plugins\org.eclipse.m2e.maven.runtime_3.9.900.20240824-1409
2026-01-21 11:42:40,675 [Worker-25: Launching Executing clean in D__ARCHIVOS_INSTITUTO CIBERTEC CLASES_LENGUAJE DE PROGRAMACI脫N II_CLASES LPII_SESI脫N 04 LPII_LPII_Sesi贸n_04 - Sol_LPII_Sesion04_MV_GIT] INFO  o.eclipse.m2e.core.internal.Bundles - 	Entry: C:\Eclipse\EclipseJEE\plugins\org.eclipse.m2e.maven.runtime_3.9.900.20240824-1409\jars\aopalliance-1.0.jar
2026-01-21 11:42:40,675 [Worker-25: Launching Executing clean in D__ARCHIVOS_INSTITUTO CIBERTEC CLASES_LENGUAJE DE PROGRAMACI脫N II_CLASES LPII_SESI脫N 04 LPII_LPII_Sesi贸n_04 - Sol_LPII_Sesion04_MV_GIT] INFO  o.eclipse.m2e.core.internal.Bundles - 	Entry: C:\Eclipse\EclipseJEE\plugins\org.eclipse.m2e.maven.runtime_3.9.900.20240824-1409\jars\guice-5.1.0.jar
2026-01-21 11:42:40,675 [Worker-25: Launching Executing clean in D__ARCHIVOS_INSTITUTO CIBERTEC CLASES_LENGUAJE DE PROGRAMACI脫N II_CLASES LPII_SESI脫N 04 LPII_LPII_Sesi贸n_04 - Sol_LPII_Sesion04_MV_GIT] INFO  o.eclipse.m2e.core.internal.Bundles - 	Entry: C:\Eclipse\EclipseJEE\plugins\org.eclipse.m2e.maven.runtime_3.9.900.20240824-1409\jars\httpclient-4.5.14.jar
2026-01-21 11:42:40,675 [Worker-25: Launching Executing clean in D__ARCHIVOS_INSTITUTO CIBERTEC CLASES_LENGUAJE DE PROGRAMACI脫N II_CLASES LPII_SESI脫N 04 LPII_LPII_Sesi贸n_04 - Sol_LPII_Sesion04_MV_GIT] INFO  o.eclipse.m2e.core.internal.Bundles - 	Entry: C:\Eclipse\EclipseJEE\plugins\org.eclipse.m2e.maven.runtime_3.9.900.20240824-1409\jars\httpcore-4.4.16.jar
2026-01-21 11:42:40,675 [Worker-25: Launching Executing clean in D__ARCHIVOS_INSTITUTO CIBERTEC CLASES_LENGUAJE DE PROGRAMACI脫N II_CLASES LPII_SESI脫N 04 LPII_LPII_Sesi贸n_04 - Sol_LPII_Sesion04_MV_GIT] INFO  o.eclipse.m2e.core.internal.Bundles - 	Entry: C:\Eclipse\EclipseJEE\plugins\org.eclipse.m2e.maven.runtime_3.9.900.20240824-1409\jars\jansi-2.4.1.jar
2026-01-21 11:42:40,675 [Worker-25: Launching Executing clean in D__ARCHIVOS_INSTITUTO CIBERTEC CLASES_LENGUAJE DE PROGRAMACI脫N II_CLASES LPII_SESI脫N 04 LPII_LPII_Sesi贸n_04 - Sol_LPII_Sesion04_MV_GIT] INFO  o.eclipse.m2e.core.internal.Bundles - 	Entry: C:\Eclipse\EclipseJEE\plugins\org.eclipse.m2e.maven.runtime_3.9.900.20240824-1409\jars\jcl-over-slf4j-1.7.36.jar
2026-01-21 11:42:40,675 [Worker-25: Launching Executing clean in D__ARCHIVOS_INSTITUTO CIBERTEC CLASES_LENGUAJE DE PROGRAMACI脫N II_CLASES LPII_SESI脫N 04 LPII_LPII_Sesi贸n_04 - Sol_LPII_Sesion04_MV_GIT] INFO  o.eclipse.m2e.core.internal.Bundles - 	Entry: C:\Eclipse\EclipseJEE\plugins\org.eclipse.m2e.maven.runtime_3.9.900.20240824-1409\jars\maven-artifact-3.9.9.jar
2026-01-21 11:42:40,675 [Worker-25: Launching Executing clean in D__ARCHIVOS_INSTITUTO CIBERTEC CLASES_LENGUAJE DE PROGRAMACI脫N II_CLASES LPII_SESI脫N 04 LPII_LPII_Sesi贸n_04 - Sol_LPII_Sesion04_MV_GIT] INFO  o.eclipse.m2e.core.internal.Bundles - 	Entry: C:\Eclipse\EclipseJEE\plugins\org.eclipse.m2e.maven.runtime_3.9.900.20240824-1409\jars\maven-builder-support-3.9.9.jar
2026-01-21 11:42:40,675 [Worker-25: Launching Executing clean in D__ARCHIVOS_INSTITUTO CIBERTEC CLASES_LENGUAJE DE PROGRAMACI脫N II_CLASES LPII_SESI脫N 04 LPII_LPII_Sesi贸n_04 - Sol_LPII_Sesion04_MV_GIT] INFO  o.eclipse.m2e.core.internal.Bundles - 	Entry: C:\Eclipse\EclipseJEE\plugins\org.eclipse.m2e.maven.runtime_3.9.900.20240824-1409\jars\maven-compat-3.9.9.jar
2026-01-21 11:42:40,676 [Worker-25: Launching Executing clean in D__ARCHIVOS_INSTITUTO CIBERTEC CLASES_LENGUAJE DE PROGRAMACI脫N II_CLASES LPII_SESI脫N 04 LPII_LPII_Sesi贸n_04 - Sol_LPII_Sesion04_MV_GIT] INFO  o.eclipse.m2e.core.internal.Bundles - 	Entry: C:\Eclipse\EclipseJEE\plugins\org.eclipse.m2e.maven.runtime_3.9.900.20240824-1409\jars\maven-core-3.9.9.jar
2026-01-21 11:42:40,676 [Worker-25: Launching Executing clean in D__ARCHIVOS_INSTITUTO CIBERTEC CLASES_LENGUAJE DE PROGRAMACI脫N II_CLASES LPII_SESI脫N 04 LPII_LPII_Sesi贸n_04 - Sol_LPII_Sesion04_MV_GIT] INFO  o.eclipse.m2e.core.internal.Bundles - 	Entry: C:\Eclipse\EclipseJEE\plugins\org.eclipse.m2e.maven.runtime_3.9.900.20240824-1409\jars\maven-embedder-3.9.9.jar
2026-01-21 11:42:40,676 [Worker-25: Launching Executing clean in D__ARCHIVOS_INSTITUTO CIBERTEC CLASES_LENGUAJE DE PROGRAMACI脫N II_CLASES LPII_SESI脫N 04 LPII_LPII_Sesi贸n_04 - Sol_LPII_Sesion04_MV_GIT] INFO  o.eclipse.m2e.core.internal.Bundles - 	Entry: C:\Eclipse\EclipseJEE\plugins\org.eclipse.m2e.maven.runtime_3.9.900.20240824-1409\jars\maven-model-3.9.9.jar
2026-01-21 11:42:40,676 [Worker-25: Launching Executing clean in D__ARCHIVOS_INSTITUTO CIBERTEC CLASES_LENGUAJE DE PROGRAMACI脫N II_CLASES LPII_SESI脫N 04 LPII_LPII_Sesi贸n_04 - Sol_LPII_Sesion04_MV_GIT] INFO  o.eclipse.m2e.core.internal.Bundles - 	Entry: C:\Eclipse\EclipseJEE\plugins\org.eclipse.m2e.maven.runtime_3.9.900.20240824-1409\jars\maven-model-builder-3.9.9.jar
2026-01-21 11:42:40,676 [Worker-25: Launching Executing clean in D__ARCHIVOS_INSTITUTO CIBERTEC CLASES_LENGUAJE DE PROGRAMACI脫N II_CLASES LPII_SESI脫N 04 LPII_LPII_Sesi贸n_04 - Sol_LPII_Sesion04_MV_GIT] INFO  o.eclipse.m2e.core.internal.Bundles - 	Entry: C:\Eclipse\EclipseJEE\plugins\org.eclipse.m2e.maven.runtime_3.9.900.20240824-1409\jars\maven-plugin-api-3.9.9.jar
2026-01-21 11:42:40,676 [Worker-25: Launching Executing clean in D__ARCHIVOS_INSTITUTO CIBERTEC CLASES_LENGUAJE DE PROGRAMACI脫N II_CLASES LPII_SESI脫N 04 LPII_LPII_Sesi贸n_04 - Sol_LPII_Sesion04_MV_GIT] INFO  o.eclipse.m2e.core.internal.Bundles - 	Entry: C:\Eclipse\EclipseJEE\plugins\org.eclipse.m2e.maven.runtime_3.9.900.20240824-1409\jars\maven-repository-metadata-3.9.9.jar
2026-01-21 11:42:40,676 [Worker-25: Launching Executing clean in D__ARCHIVOS_INSTITUTO CIBERTEC CLASES_LENGUAJE DE PROGRAMACI脫N II_CLASES LPII_SESI脫N 04 LPII_LPII_Sesi贸n_04 - Sol_LPII_Sesion04_MV_GIT] INFO  o.eclipse.m2e.core.internal.Bundles - 	Entry: C:\Eclipse\EclipseJEE\plugins\org.eclipse.m2e.maven.runtime_3.9.900.20240824-1409\jars\maven-resolver-api-1.9.22.jar
2026-01-21 11:42:40,676 [Worker-25: Launching Executing clean in D__ARCHIVOS_INSTITUTO CIBERTEC CLASES_LENGUAJE DE PROGRAMACI脫N II_CLASES LPII_SESI脫N 04 LPII_LPII_Sesi贸n_04 - Sol_LPII_Sesion04_MV_GIT] INFO  o.eclipse.m2e.core.internal.Bundles - 	Entry: C:\Eclipse\EclipseJEE\plugins\org.eclipse.m2e.maven.runtime_3.9.900.20240824-1409\jars\maven-resolver-connector-basic-1.9.22.jar
2026-01-21 11:42:40,676 [Worker-25: Launching Executing clean in D__ARCHIVOS_INSTITUTO CIBERTEC CLASES_LENGUAJE DE PROGRAMACI脫N II_CLASES LPII_SESI脫N 04 LPII_LPII_Sesi贸n_04 - Sol_LPII_Sesion04_MV_GIT] INFO  o.eclipse.m2e.core.internal.Bundles - 	Entry: C:\Eclipse\EclipseJEE\plugins\org.eclipse.m2e.maven.runtime_3.9.900.20240824-1409\jars\maven-resolver-impl-1.9.22.jar
2026-01-21 11:42:40,676 [Worker-25: Launching Executing clean in D__ARCHIVOS_INSTITUTO CIBERTEC CLASES_LENGUAJE DE PROGRAMACI脫N II_CLASES LPII_SESI脫N 04 LPII_LPII_Sesi贸n_04 - Sol_LPII_Sesion04_MV_GIT] INFO  o.eclipse.m2e.core.internal.Bundles - 	Entry: C:\Eclipse\EclipseJEE\plugins\org.eclipse.m2e.maven.runtime_3.9.900.20240824-1409\jars\maven-resolver-named-locks-1.9.22.jar
2026-01-21 11:42:40,676 [Worker-25: Launching Executing clean in D__ARCHIVOS_INSTITUTO CIBERTEC CLASES_LENGUAJE DE PROGRAMACI脫N II_CLASES LPII_SESI脫N 04 LPII_LPII_Sesi贸n_04 - Sol_LPII_Sesion04_MV_GIT] INFO  o.eclipse.m2e.core.internal.Bundles - 	Entry: C:\Eclipse\EclipseJEE\plugins\org.eclipse.m2e.maven.runtime_3.9.900.20240824-1409\jars\maven-resolver-provider-3.9.9.jar
2026-01-21 11:42:40,676 [Worker-25: Launching Executing clean in D__ARCHIVOS_INSTITUTO CIBERTEC CLASES_LENGUAJE DE PROGRAMACI脫N II_CLASES LPII_SESI脫N 04 LPII_LPII_Sesi贸n_04 - Sol_LPII_Sesion04_MV_GIT] INFO  o.eclipse.m2e.core.internal.Bundles - 	Entry: C:\Eclipse\EclipseJEE\plugins\org.eclipse.m2e.maven.runtime_3.9.900.20240824-1409\jars\maven-resolver-spi-1.9.22.jar
2026-01-21 11:42:40,676 [Worker-25: Launching Executing clean in D__ARCHIVOS_INSTITUTO CIBERTEC CLASES_LENGUAJE DE PROGRAMACI脫N II_CLASES LPII_SESI脫N 04 LPII_LPII_Sesi贸n_04 - Sol_LPII_Sesion04_MV_GIT] INFO  o.eclipse.m2e.core.internal.Bundles - 	Entry: C:\Eclipse\EclipseJEE\plugins\org.eclipse.m2e.maven.runtime_3.9.900.20240824-1409\jars\maven-resolver-transport-file-1.9.22.jar
2026-01-21 11:42:40,676 [Worker-25: Launching Executing clean in D__ARCHIVOS_INSTITUTO CIBERTEC CLASES_LENGUAJE DE PROGRAMACI脫N II_CLASES LPII_SESI脫N 04 LPII_LPII_Sesi贸n_04 - Sol_LPII_Sesion04_MV_GIT] INFO  o.eclipse.m2e.core.internal.Bundles - 	Entry: C:\Eclipse\EclipseJEE\plugins\org.eclipse.m2e.maven.runtime_3.9.900.20240824-1409\jars\maven-resolver-transport-http-1.9.22.jar
2026-01-21 11:42:40,676 [Worker-25: Launching Executing clean in D__ARCHIVOS_INSTITUTO CIBERTEC CLASES_LENGUAJE DE PROGRAMACI脫N II_CLASES LPII_SESI脫N 04 LPII_LPII_Sesi贸n_04 - Sol_LPII_Sesion04_MV_GIT] INFO  o.eclipse.m2e.core.internal.Bundles - 	Entry: C:\Eclipse\EclipseJEE\plugins\org.eclipse.m2e.maven.runtime_3.9.900.20240824-1409\jars\maven-resolver-transport-wagon-1.9.22.jar
2026-01-21 11:42:40,676 [Worker-25: Launching Executing clean in D__ARCHIVOS_INSTITUTO CIBERTEC CLASES_LENGUAJE DE PROGRAMACI脫N II_CLASES LPII_SESI脫N 04 LPII_LPII_Sesi贸n_04 - Sol_LPII_Sesion04_MV_GIT] INFO  o.eclipse.m2e.core.internal.Bundles - 	Entry: C:\Eclipse\EclipseJEE\plugins\org.eclipse.m2e.maven.runtime_3.9.900.20240824-1409\jars\maven-resolver-util-1.9.22.jar
2026-01-21 11:42:40,676 [Worker-25: Launching Executing clean in D__ARCHIVOS_INSTITUTO CIBERTEC CLASES_LENGUAJE DE PROGRAMACI脫N II_CLASES LPII_SESI脫N 04 LPII_LPII_Sesi贸n_04 - Sol_LPII_Sesion04_MV_GIT] INFO  o.eclipse.m2e.core.internal.Bundles - 	Entry: C:\Eclipse\EclipseJEE\plugins\org.eclipse.m2e.maven.runtime_3.9.900.20240824-1409\jars\maven-settings-3.9.9.jar
2026-01-21 11:42:40,676 [Worker-25: Launching Executing clean in D__ARCHIVOS_INSTITUTO CIBERTEC CLASES_LENGUAJE DE PROGRAMACI脫N II_CLASES LPII_SESI脫N 04 LPII_LPII_Sesi贸n_04 - Sol_LPII_Sesion04_MV_GIT] INFO  o.eclipse.m2e.core.internal.Bundles - 	Entry: C:\Eclipse\EclipseJEE\plugins\org.eclipse.m2e.maven.runtime_3.9.900.20240824-1409\jars\maven-settings-builder-3.9.9.jar
2026-01-21 11:42:40,676 [Worker-25: Launching Executing clean in D__ARCHIVOS_INSTITUTO CIBERTEC CLASES_LENGUAJE DE PROGRAMACI脫N II_CLASES LPII_SESI脫N 04 LPII_LPII_Sesi贸n_04 - Sol_LPII_Sesion04_MV_GIT] INFO  o.eclipse.m2e.core.internal.Bundles - 	Entry: C:\Eclipse\EclipseJEE\plugins\org.eclipse.m2e.maven.runtime_3.9.900.20240824-1409\jars\maven-shared-utils-3.4.2.jar
2026-01-21 11:42:40,676 [Worker-25: Launching Executing clean in D__ARCHIVOS_INSTITUTO CIBERTEC CLASES_LENGUAJE DE PROGRAMACI脫N II_CLASES LPII_SESI脫N 04 LPII_LPII_Sesi贸n_04 - Sol_LPII_Sesion04_MV_GIT] INFO  o.eclipse.m2e.core.internal.Bundles - 	Entry: C:\Eclipse\EclipseJEE\plugins\org.eclipse.m2e.maven.runtime_3.9.900.20240824-1409\jars\org.eclipse.sisu.inject-0.9.0.M3.jar
2026-01-21 11:42:40,676 [Worker-25: Launching Executing clean in D__ARCHIVOS_INSTITUTO CIBERTEC CLASES_LENGUAJE DE PROGRAMACI脫N II_CLASES LPII_SESI脫N 04 LPII_LPII_Sesi贸n_04 - Sol_LPII_Sesion04_MV_GIT] INFO  o.eclipse.m2e.core.internal.Bundles - 	Entry: C:\Eclipse\EclipseJEE\plugins\org.eclipse.m2e.maven.runtime_3.9.900.20240824-1409\jars\org.eclipse.sisu.plexus-0.9.0.M3.jar
2026-01-21 11:42:40,676 [Worker-25: Launching Executing clean in D__ARCHIVOS_INSTITUTO CIBERTEC CLASES_LENGUAJE DE PROGRAMACI脫N II_CLASES LPII_SESI脫N 04 LPII_LPII_Sesi贸n_04 - Sol_LPII_Sesion04_MV_GIT] INFO  o.eclipse.m2e.core.internal.Bundles - 	Entry: C:\Eclipse\EclipseJEE\plugins\org.eclipse.m2e.maven.runtime_3.9.900.20240824-1409\jars\plexus-build-api-0.0.7.jar
2026-01-21 11:42:40,676 [Worker-25: Launching Executing clean in D__ARCHIVOS_INSTITUTO CIBERTEC CLASES_LENGUAJE DE PROGRAMACI脫N II_CLASES LPII_SESI脫N 04 LPII_LPII_Sesi贸n_04 - Sol_LPII_Sesion04_MV_GIT] INFO  o.eclipse.m2e.core.internal.Bundles - 	Entry: C:\Eclipse\EclipseJEE\plugins\org.eclipse.m2e.maven.runtime_3.9.900.20240824-1409\jars\plexus-build-api-1.2.0.jar
2026-01-21 11:42:40,676 [Worker-25: Launching Executing clean in D__ARCHIVOS_INSTITUTO CIBERTEC CLASES_LENGUAJE DE PROGRAMACI脫N II_CLASES LPII_SESI脫N 04 LPII_LPII_Sesi贸n_04 - Sol_LPII_Sesion04_MV_GIT] INFO  o.eclipse.m2e.core.internal.Bundles - 	Entry: C:\Eclipse\EclipseJEE\plugins\org.eclipse.m2e.maven.runtime_3.9.900.20240824-1409\jars\plexus-cipher-2.0.jar
2026-01-21 11:42:40,677 [Worker-25: Launching Executing clean in D__ARCHIVOS_INSTITUTO CIBERTEC CLASES_LENGUAJE DE PROGRAMACI脫N II_CLASES LPII_SESI脫N 04 LPII_LPII_Sesi贸n_04 - Sol_LPII_Sesion04_MV_GIT] INFO  o.eclipse.m2e.core.internal.Bundles - 	Entry: C:\Eclipse\EclipseJEE\plugins\org.eclipse.m2e.maven.runtime_3.9.900.20240824-1409\jars\plexus-classworlds-2.8.0.jar
2026-01-21 11:42:40,677 [Worker-25: Launching Executing clean in D__ARCHIVOS_INSTITUTO CIBERTEC CLASES_LENGUAJE DE PROGRAMACI脫N II_CLASES LPII_SESI脫N 04 LPII_LPII_Sesi贸n_04 - Sol_LPII_Sesion04_MV_GIT] INFO  o.eclipse.m2e.core.internal.Bundles - 	Entry: C:\Eclipse\EclipseJEE\plugins\org.eclipse.m2e.maven.runtime_3.9.900.20240824-1409\jars\plexus-component-annotations-2.1.0.jar
2026-01-21 11:42:40,677 [Worker-25: Launching Executing clean in D__ARCHIVOS_INSTITUTO CIBERTEC CLASES_LENGUAJE DE PROGRAMACI脫N II_CLASES LPII_SESI脫N 04 LPII_LPII_Sesi贸n_04 - Sol_LPII_Sesion04_MV_GIT] INFO  o.eclipse.m2e.core.internal.Bundles - 	Entry: C:\Eclipse\EclipseJEE\plugins\org.eclipse.m2e.maven.runtime_3.9.900.20240824-1409\jars\plexus-interpolation-1.27.jar
2026-01-21 11:42:40,677 [Worker-25: Launching Executing clean in D__ARCHIVOS_INSTITUTO CIBERTEC CLASES_LENGUAJE DE PROGRAMACI脫N II_CLASES LPII_SESI脫N 04 LPII_LPII_Sesi贸n_04 - Sol_LPII_Sesion04_MV_GIT] INFO  o.eclipse.m2e.core.internal.Bundles - 	Entry: C:\Eclipse\EclipseJEE\plugins\org.eclipse.m2e.maven.runtime_3.9.900.20240824-1409\jars\plexus-sec-dispatcher-2.0.jar
2026-01-21 11:42:40,677 [Worker-25: Launching Executing clean in D__ARCHIVOS_INSTITUTO CIBERTEC CLASES_LENGUAJE DE PROGRAMACI脫N II_CLASES LPII_SESI脫N 04 LPII_LPII_Sesi贸n_04 - Sol_LPII_Sesion04_MV_GIT] INFO  o.eclipse.m2e.core.internal.Bundles - 	Entry: C:\Eclipse\EclipseJEE\plugins\org.eclipse.m2e.maven.runtime_3.9.900.20240824-1409\jars\plexus-utils-3.5.1.jar
2026-01-21 11:42:40,677 [Worker-25: Launching Executing clean in D__ARCHIVOS_INSTITUTO CIBERTEC CLASES_LENGUAJE DE PROGRAMACI脫N II_CLASES LPII_SESI脫N 04 LPII_LPII_Sesi贸n_04 - Sol_LPII_Sesion04_MV_GIT] INFO  o.eclipse.m2e.core.internal.Bundles - 	Entry: C:\Eclipse\EclipseJEE\plugins\org.eclipse.m2e.maven.runtime_3.9.900.20240824-1409\jars\plexus-xml-3.0.1.jar
2026-01-21 11:42:40,677 [Worker-25: Launching Executing clean in D__ARCHIVOS_INSTITUTO CIBERTEC CLASES_LENGUAJE DE PROGRAMACI脫N II_CLASES LPII_SESI脫N 04 LPII_LPII_Sesi贸n_04 - Sol_LPII_Sesion04_MV_GIT] INFO  o.eclipse.m2e.core.internal.Bundles - 	Entry: C:\Eclipse\EclipseJEE\plugins\org.eclipse.m2e.maven.runtime_3.9.900.20240824-1409\jars\wagon-file-3.5.3.jar
2026-01-21 11:42:40,677 [Worker-25: Launching Executing clean in D__ARCHIVOS_INSTITUTO CIBERTEC CLASES_LENGUAJE DE PROGRAMACI脫N II_CLASES LPII_SESI脫N 04 LPII_LPII_Sesi贸n_04 - Sol_LPII_Sesion04_MV_GIT] INFO  o.eclipse.m2e.core.internal.Bundles - 	Entry: C:\Eclipse\EclipseJEE\plugins\org.eclipse.m2e.maven.runtime_3.9.900.20240824-1409\jars\wagon-http-3.5.3.jar
2026-01-21 11:42:40,677 [Worker-25: Launching Executing clean in D__ARCHIVOS_INSTITUTO CIBERTEC CLASES_LENGUAJE DE PROGRAMACI脫N II_CLASES LPII_SESI脫N 04 LPII_LPII_Sesi贸n_04 - Sol_LPII_Sesion04_MV_GIT] INFO  o.eclipse.m2e.core.internal.Bundles - 	Entry: C:\Eclipse\EclipseJEE\plugins\org.eclipse.m2e.maven.runtime_3.9.900.20240824-1409\jars\wagon-http-shared-3.5.3.jar
2026-01-21 11:42:40,677 [Worker-25: Launching Executing clean in D__ARCHIVOS_INSTITUTO CIBERTEC CLASES_LENGUAJE DE PROGRAMACI脫N II_CLASES LPII_SESI脫N 04 LPII_LPII_Sesi贸n_04 - Sol_LPII_Sesion04_MV_GIT] INFO  o.eclipse.m2e.core.internal.Bundles - 	Entry: C:\Eclipse\EclipseJEE\plugins\org.eclipse.m2e.maven.runtime_3.9.900.20240824-1409\jars\wagon-provider-api-3.5.3.jar
2026-01-21 11:42:40,678 [Worker-25: Launching Executing clean in D__ARCHIVOS_INSTITUTO CIBERTEC CLASES_LENGUAJE DE PROGRAMACI脫N II_CLASES LPII_SESI脫N 04 LPII_LPII_Sesi贸n_04 - Sol_LPII_Sesion04_MV_GIT] INFO  o.eclipse.m2e.core.internal.Bundles - getClasspathEntries(Bundle=com.google.guava_33.3.1.jre [16])
2026-01-21 11:42:40,678 [Worker-25: Launching Executing clean in D__ARCHIVOS_INSTITUTO CIBERTEC CLASES_LENGUAJE DE PROGRAMACI脫N II_CLASES LPII_SESI脫N 04 LPII_LPII_Sesi贸n_04 - Sol_LPII_Sesion04_MV_GIT] INFO  o.eclipse.m2e.core.internal.Bundles - 	Entry: C:\Eclipse\EclipseJEE\plugins\com.google.guava_33.3.1.jre.jar
2026-01-21 11:42:40,678 [Worker-25: Launching Executing clean in D__ARCHIVOS_INSTITUTO CIBERTEC CLASES_LENGUAJE DE PROGRAMACI脫N II_CLASES LPII_SESI脫N 04 LPII_LPII_Sesi贸n_04 - Sol_LPII_Sesion04_MV_GIT] INFO  o.eclipse.m2e.core.internal.Bundles - getClasspathEntries(Bundle=slf4j.api_2.0.16 [1008])
2026-01-21 11:42:40,678 [Worker-25: Launching Executing clean in D__ARCHIVOS_INSTITUTO CIBERTEC CLASES_LENGUAJE DE PROGRAMACI脫N II_CLASES LPII_SESI脫N 04 LPII_LPII_Sesi贸n_04 - Sol_LPII_Sesion04_MV_GIT] INFO  o.eclipse.m2e.core.internal.Bundles - 	Entry: C:\Eclipse\EclipseJEE\plugins\slf4j.api_2.0.16.jar
2026-01-21 11:42:40,678 [Worker-25: Launching Executing clean in D__ARCHIVOS_INSTITUTO CIBERTEC CLASES_LENGUAJE DE PROGRAMACI脫N II_CLASES LPII_SESI脫N 04 LPII_LPII_Sesi贸n_04 - Sol_LPII_Sesion04_MV_GIT] INFO  o.eclipse.m2e.core.internal.Bundles - getClasspathEntries(Bundle=jakarta.inject.jakarta.inject-api_1.0.5 [34])
2026-01-21 11:42:40,678 [Worker-25: Launching Executing clean in D__ARCHIVOS_INSTITUTO CIBERTEC CLASES_LENGUAJE DE PROGRAMACI脫N II_CLASES LPII_SESI脫N 04 LPII_LPII_Sesi贸n_04 - Sol_LPII_Sesion04_MV_GIT] INFO  o.eclipse.m2e.core.internal.Bundles - 	Entry: C:\Eclipse\EclipseJEE\plugins\jakarta.inject.jakarta.inject-api_1.0.5.jar
2026-01-21 11:42:40,678 [Worker-25: Launching Executing clean in D__ARCHIVOS_INSTITUTO CIBERTEC CLASES_LENGUAJE DE PROGRAMACI脫N II_CLASES LPII_SESI脫N 04 LPII_LPII_Sesi贸n_04 - Sol_LPII_Sesion04_MV_GIT] INFO  o.eclipse.m2e.core.internal.Bundles - getClasspathEntries(Bundle=jakarta.annotation-api_1.3.5 [29])
2026-01-21 11:42:40,678 [Worker-25: Launching Executing clean in D__ARCHIVOS_INSTITUTO CIBERTEC CLASES_LENGUAJE DE PROGRAMACI脫N II_CLASES LPII_SESI脫N 04 LPII_LPII_Sesi贸n_04 - Sol_LPII_Sesion04_MV_GIT] INFO  o.eclipse.m2e.core.internal.Bundles - 	Entry: C:\Eclipse\EclipseJEE\plugins\jakarta.annotation-api_1.3.5.jar
2026-01-21 11:42:40,678 [Worker-25: Launching Executing clean in D__ARCHIVOS_INSTITUTO CIBERTEC CLASES_LENGUAJE DE PROGRAMACI脫N II_CLASES LPII_SESI脫N 04 LPII_LPII_Sesi贸n_04 - Sol_LPII_Sesion04_MV_GIT] INFO  o.eclipse.m2e.core.internal.Bundles - getClasspathEntries(Bundle=org.apache.commons.cli_1.9.0 [75])
2026-01-21 11:42:40,678 [Worker-25: Launching Executing clean in D__ARCHIVOS_INSTITUTO CIBERTEC CLASES_LENGUAJE DE PROGRAMACI脫N II_CLASES LPII_SESI脫N 04 LPII_LPII_Sesi贸n_04 - Sol_LPII_Sesion04_MV_GIT] INFO  o.eclipse.m2e.core.internal.Bundles - 	Entry: C:\Eclipse\EclipseJEE\plugins\org.apache.commons.cli_1.9.0.jar
2026-01-21 11:42:40,678 [Worker-25: Launching Executing clean in D__ARCHIVOS_INSTITUTO CIBERTEC CLASES_LENGUAJE DE PROGRAMACI脫N II_CLASES LPII_SESI脫N 04 LPII_LPII_Sesi贸n_04 - Sol_LPII_Sesion04_MV_GIT] INFO  o.eclipse.m2e.core.internal.Bundles - getClasspathEntries(Bundle=org.apache.commons.commons-codec_1.16.0 [78])
2026-01-21 11:42:40,678 [Worker-25: Launching Executing clean in D__ARCHIVOS_INSTITUTO CIBERTEC CLASES_LENGUAJE DE PROGRAMACI脫N II_CLASES LPII_SESI脫N 04 LPII_LPII_Sesi贸n_04 - Sol_LPII_Sesion04_MV_GIT] INFO  o.eclipse.m2e.core.internal.Bundles - 	Entry: C:\Eclipse\EclipseJEE\plugins\org.apache.commons.commons-codec_1.16.0.jar
2026-01-21 11:42:40,678 [Worker-25: Launching Executing clean in D__ARCHIVOS_INSTITUTO CIBERTEC CLASES_LENGUAJE DE PROGRAMACI脫N II_CLASES LPII_SESI脫N 04 LPII_LPII_Sesi贸n_04 - Sol_LPII_Sesion04_MV_GIT] INFO  o.eclipse.m2e.core.internal.Bundles - getClasspathEntries(Bundle=com.google.guava.failureaccess_1.0.2 [17])
2026-01-21 11:42:40,678 [Worker-25: Launching Executing clean in D__ARCHIVOS_INSTITUTO CIBERTEC CLASES_LENGUAJE DE PROGRAMACI脫N II_CLASES LPII_SESI脫N 04 LPII_LPII_Sesi贸n_04 - Sol_LPII_Sesion04_MV_GIT] INFO  o.eclipse.m2e.core.internal.Bundles - 	Entry: C:\Eclipse\EclipseJEE\plugins\com.google.guava.failureaccess_1.0.2.jar
2026-01-21 11:42:40,682 [Worker-25: Launching Executing clean in D__ARCHIVOS_INSTITUTO CIBERTEC CLASES_LENGUAJE DE PROGRAMACI脫N II_CLASES LPII_SESI脫N 04 LPII_LPII_Sesi贸n_04 - Sol_LPII_Sesion04_MV_GIT] INFO  o.e.m.i.launch.MavenLaunchDelegate - Run build in "D:\ARCHIVOS\INSTITUTO CIBERTEC CLASES\LENGUAJE DE PROGRAMACI脫N II\CLASES LPII\SESI脫N 04 LPII\LPII_Sesi贸n_04 - Sol\LPII_Sesion04_MV_GIT":
2026-01-21 11:42:40,684 [Worker-25: Launching Executing clean in D__ARCHIVOS_INSTITUTO CIBERTEC CLASES_LENGUAJE DE PROGRAMACI脫N II_CLASES LPII_SESI脫N 04 LPII_LPII_Sesi贸n_04 - Sol_LPII_Sesion04_MV_GIT] INFO  o.e.m.i.launch.MavenLaunchDelegate -  mvn  -B -Dstyle.color=always clean
2026-01-21 11:42:49,450 [Worker-4: Updating Maven Project] INFO  o.e.m.c.i.p.ProjectConfigurationManager - Update started
2026-01-21 11:42:49,801 [Worker-4: Updating Maven Project] INFO  o.e.m.c.i.l.LifecycleMappingFactory - Using org.eclipse.m2e.jdt.JarLifecycleMapping lifecycle mapping for MavenProject: org.cibertec:LPII_Sesion04_MV_GIT:0.0.1-SNAPSHOT @ D:\ARCHIVOS\INSTITUTO CIBERTEC CLASES\LENGUAJE DE PROGRAMACI脫N II\CLASES LPII\SESI脫N 04 LPII\LPII_Sesi贸n_04 - Sol\LPII_Sesion04_MV_GIT\pom.xml.
2026-01-21 11:42:50,460 [Worker-4: Updating Maven Project] INFO  o.e.m.j.i.AbstractJavaProjectConfigurator - Adding source folder /LPII_Sesion04_MV_GIT/src/main/java
2026-01-21 11:42:50,463 [Worker-4: Updating Maven Project] INFO  o.e.m.j.i.AbstractJavaProjectConfigurator - Adding resource folder /LPII_Sesion04_MV_GIT/src/main/resources
2026-01-21 11:42:50,464 [Worker-4: Updating Maven Project] INFO  o.e.m.j.i.AbstractJavaProjectConfigurator - Adding source folder /LPII_Sesion04_MV_GIT/src/test/java
2026-01-21 11:42:50,465 [Worker-4: Updating Maven Project] INFO  o.e.m.j.i.AbstractJavaProjectConfigurator - Adding resource folder /LPII_Sesion04_MV_GIT/src/test/resources
2026-01-21 11:42:50,680 [Worker-4: Updating Maven Project] INFO  o.e.m.c.i.p.ProjectConfigurationManager - Update completed for 1 poms: local refresh takes 0.00 sec, refresh facades takes 0.00 sec, update config takes 0.00 sec 
2026-01-21 11:42:51,218 [Worker-9: Building] INFO  o.a.m.s.f.DefaultMavenResourcesFiltering - Copying 1 resource from src\main\resources to target\classes
2026-01-21 11:42:51,234 [Worker-9: Building] INFO  o.a.m.s.f.DefaultMavenResourcesFiltering - skip non existing resourceDirectory D:\ARCHIVOS\INSTITUTO CIBERTEC CLASES\LENGUAJE DE PROGRAMACI脫N II\CLASES LPII\SESI脫N 04 LPII\LPII_Sesi贸n_04 - Sol\LPII_Sesion04_MV_GIT\src\test\resources
2026-01-21 11:42:51,448 [Worker-46: Download sources and javadoc] INFO  o.e.m.c.i.e.AbstractTransferListenerAdapter - Downloading https://repo.maven.apache.org/maven2/mysql/mysql-connector-java/8.0.28/mysql-connector-java-8.0.28-sources.jar
2026-01-21 11:42:51,739 [Worker-46: Download sources and javadoc] INFO  o.e.m.c.i.e.AbstractTransferListenerAdapter - Downloaded https://repo.maven.apache.org/maven2/mysql/mysql-connector-java/8.0.28/mysql-connector-java-8.0.28-sources.jar
2026-01-21 11:42:51,741 [Worker-46: Download sources and javadoc] INFO  o.e.m.j.internal.DownloadSourcesJob - Downloaded sources for mysql:mysql-connector-java:8.0.28
2026-01-21 11:42:52,108 [Worker-46: Download sources and javadoc] INFO  o.e.m.c.i.e.AbstractTransferListenerAdapter - Downloading https://repo.maven.apache.org/maven2/org/hibernate/hibernate-core/5.4.4.Final/hibernate-core-5.4.4.Final-sources.jar
2026-01-21 11:42:52,753 [Worker-46: Download sources and javadoc] INFO  o.e.m.c.i.e.AbstractTransferListenerAdapter - Downloaded https://repo.maven.apache.org/maven2/org/hibernate/hibernate-core/5.4.4.Final/hibernate-core-5.4.4.Final-sources.jar
2026-01-21 11:42:52,755 [Worker-46: Download sources and javadoc] INFO  o.e.m.j.internal.DownloadSourcesJob - Downloaded sources for org.hibernate:hibernate-core:5.4.4.Final
2026-01-21 11:42:52,883 [Worker-46: Download sources and javadoc] INFO  o.e.m.c.i.e.AbstractTransferListenerAdapter - Downloading https://repo.maven.apache.org/maven2/org/jboss/logging/jboss-logging/3.3.2.Final/jboss-logging-3.3.2.Final-sources.jar
2026-01-21 11:42:52,889 [Worker-46: Download sources and javadoc] INFO  o.e.m.c.i.e.AbstractTransferListenerAdapter - Downloaded https://repo.maven.apache.org/maven2/org/jboss/logging/jboss-logging/3.3.2.Final/jboss-logging-3.3.2.Final-sources.jar
2026-01-21 11:42:52,890 [Worker-46: Download sources and javadoc] INFO  o.e.m.j.internal.DownloadSourcesJob - Downloaded sources for org.jboss.logging:jboss-logging:3.3.2.Final
2026-01-21 11:42:53,015 [Worker-46: Download sources and javadoc] INFO  o.e.m.c.i.e.AbstractTransferListenerAdapter - Downloading https://repo.maven.apache.org/maven2/org/javassist/javassist/3.24.0-GA/javassist-3.24.0-GA-sources.jar
2026-01-21 11:42:53,189 [Worker-46: Download sources and javadoc] INFO  o.e.m.c.i.e.AbstractTransferListenerAdapter - Downloaded https://repo.maven.apache.org/maven2/org/javassist/javassist/3.24.0-GA/javassist-3.24.0-GA-sources.jar
2026-01-21 11:42:53,191 [Worker-46: Download sources and javadoc] INFO  o.e.m.j.internal.DownloadSourcesJob - Downloaded sources for org.javassist:javassist:3.24.0-GA
2026-01-21 11:42:53,386 [Worker-46: Download sources and javadoc] INFO  o.e.m.c.i.e.AbstractTransferListenerAdapter - Downloading https://repo.maven.apache.org/maven2/net/bytebuddy/byte-buddy/1.9.11/byte-buddy-1.9.11-sources.jar
2026-01-21 11:42:53,591 [Worker-46: Download sources and javadoc] INFO  o.e.m.c.i.e.AbstractTransferListenerAdapter - Downloaded https://repo.maven.apache.org/maven2/net/bytebuddy/byte-buddy/1.9.11/byte-buddy-1.9.11-sources.jar
2026-01-21 11:42:53,592 [Worker-46: Download sources and javadoc] INFO  o.e.m.j.internal.DownloadSourcesJob - Downloaded sources for net.bytebuddy:byte-buddy:1.9.11
2026-01-21 11:42:53,774 [Worker-46: Download sources and javadoc] INFO  o.e.m.c.i.e.AbstractTransferListenerAdapter - Downloaded https://repo.maven.apache.org/maven2/antlr/antlr/2.7.7/antlr-2.7.7-sources.jar
2026-01-21 11:42:53,776 [Worker-46: Download sources and javadoc] ERROR o.e.m.j.internal.DownloadSourcesJob - Could not download sources for antlr:antlr:2.7.7
org.eclipse.core.runtime.CoreException: Could not resolve artifact antlr:antlr:jar:sources:2.7.7
	at org.eclipse.m2e.core.internal.embedder.MavenImpl.lambda$7(MavenImpl.java:540)
	at org.eclipse.m2e.core.internal.embedder.MavenExecutionContext.executeBare(MavenExecutionContext.java:458)
	at org.eclipse.m2e.core.internal.embedder.MavenExecutionContext.execute(MavenExecutionContext.java:292)
	at org.eclipse.m2e.core.internal.embedder.MavenExecutionContext.execute(MavenExecutionContext.java:278)
	at org.eclipse.m2e.core.internal.embedder.MavenImpl.resolve(MavenImpl.java:509)
	at org.eclipse.m2e.core.internal.embedder.MavenImpl.resolve(MavenImpl.java:494)
	at org.eclipse.m2e.jdt.internal.DownloadSourcesJob.download(DownloadSourcesJob.java:308)
	at org.eclipse.m2e.jdt.internal.DownloadSourcesJob.downloadAttachments(DownloadSourcesJob.java:282)
	at org.eclipse.m2e.jdt.internal.DownloadSourcesJob.downloadMaven(DownloadSourcesJob.java:252)
	at org.eclipse.m2e.jdt.internal.DownloadSourcesJob.downloadFilesAndPopulateToUpdate(DownloadSourcesJob.java:220)
	at org.eclipse.m2e.jdt.internal.DownloadSourcesJob.lambda$0(DownloadSourcesJob.java:149)
	at org.eclipse.m2e.core.internal.embedder.MavenExecutionContext.executeBare(MavenExecutionContext.java:458)
	at org.eclipse.m2e.core.internal.embedder.MavenExecutionContext.execute(MavenExecutionContext.java:339)
	at org.eclipse.m2e.core.internal.embedder.MavenExecutionContext.execute(MavenExecutionContext.java:278)
	at org.eclipse.m2e.core.embedder.IMaven.execute(IMaven.java:300)
	at org.eclipse.m2e.jdt.internal.DownloadSourcesJob.run(DownloadSourcesJob.java:149)
	at org.eclipse.core.internal.jobs.Worker.run(Worker.java:63)
2026-01-21 11:42:53,906 [Worker-46: Download sources and javadoc] INFO  o.e.m.c.i.e.AbstractTransferListenerAdapter - Downloading https://repo.maven.apache.org/maven2/org/jboss/spec/javax/transaction/jboss-transaction-api_1.2_spec/1.1.1.Final/jboss-transaction-api_1.2_spec-1.1.1.Final-sources.jar
2026-01-21 11:42:53,908 [Worker-46: Download sources and javadoc] INFO  o.e.m.c.i.e.AbstractTransferListenerAdapter - Downloaded https://repo.maven.apache.org/maven2/org/jboss/spec/javax/transaction/jboss-transaction-api_1.2_spec/1.1.1.Final/jboss-transaction-api_1.2_spec-1.1.1.Final-sources.jar
2026-01-21 11:42:53,910 [Worker-46: Download sources and javadoc] INFO  o.e.m.j.internal.DownloadSourcesJob - Downloaded sources for org.jboss.spec.javax.transaction:jboss-transaction-api_1.2_spec:1.1.1.Final
2026-01-21 11:42:54,035 [Worker-46: Download sources and javadoc] INFO  o.e.m.c.i.e.AbstractTransferListenerAdapter - Downloading https://repo.maven.apache.org/maven2/org/jboss/jandex/2.0.5.Final/jandex-2.0.5.Final-sources.jar
2026-01-21 11:42:54,076 [Worker-46: Download sources and javadoc] INFO  o.e.m.c.i.e.AbstractTransferListenerAdapter - Downloaded https://repo.maven.apache.org/maven2/org/jboss/jandex/2.0.5.Final/jandex-2.0.5.Final-sources.jar
2026-01-21 11:42:54,077 [Worker-46: Download sources and javadoc] INFO  o.e.m.j.internal.DownloadSourcesJob - Downloaded sources for org.jboss:jandex:2.0.5.Final
2026-01-21 11:42:54,206 [Worker-46: Download sources and javadoc] INFO  o.e.m.c.i.e.AbstractTransferListenerAdapter - Downloading https://repo.maven.apache.org/maven2/com/fasterxml/classmate/1.3.4/classmate-1.3.4-sources.jar
2026-01-21 11:42:54,210 [Worker-46: Download sources and javadoc] INFO  o.e.m.c.i.e.AbstractTransferListenerAdapter - Downloaded https://repo.maven.apache.org/maven2/com/fasterxml/classmate/1.3.4/classmate-1.3.4-sources.jar
2026-01-21 11:42:54,211 [Worker-46: Download sources and javadoc] INFO  o.e.m.j.internal.DownloadSourcesJob - Downloaded sources for com.fasterxml:classmate:1.3.4
2026-01-21 11:42:54,338 [Worker-46: Download sources and javadoc] INFO  o.e.m.c.i.e.AbstractTransferListenerAdapter - Downloading https://repo.maven.apache.org/maven2/javax/activation/javax.activation-api/1.2.0/javax.activation-api-1.2.0-sources.jar
2026-01-21 11:42:54,376 [Worker-46: Download sources and javadoc] INFO  o.e.m.c.i.e.AbstractTransferListenerAdapter - Downloaded https://repo.maven.apache.org/maven2/javax/activation/javax.activation-api/1.2.0/javax.activation-api-1.2.0-sources.jar
2026-01-21 11:42:54,377 [Worker-46: Download sources and javadoc] INFO  o.e.m.j.internal.DownloadSourcesJob - Downloaded sources for javax.activation:javax.activation-api:1.2.0
2026-01-21 11:42:54,557 [Worker-46: Download sources and javadoc] INFO  o.e.m.c.i.e.AbstractTransferListenerAdapter - Downloading https://repo.maven.apache.org/maven2/org/dom4j/dom4j/2.1.1/dom4j-2.1.1-sources.jar
2026-01-21 11:42:54,677 [Worker-46: Download sources and javadoc] INFO  o.e.m.c.i.e.AbstractTransferListenerAdapter - Downloaded https://repo.maven.apache.org/maven2/org/dom4j/dom4j/2.1.1/dom4j-2.1.1-sources.jar
2026-01-21 11:42:54,678 [Worker-46: Download sources and javadoc] INFO  o.e.m.j.internal.DownloadSourcesJob - Downloaded sources for org.dom4j:dom4j:2.1.1
2026-01-21 11:42:54,858 [Worker-46: Download sources and javadoc] INFO  o.e.m.c.i.e.AbstractTransferListenerAdapter - Downloading https://repo.maven.apache.org/maven2/org/hibernate/common/hibernate-commons-annotations/5.1.0.Final/hibernate-commons-annotations-5.1.0.Final-sources.jar
2026-01-21 11:42:54,863 [Worker-46: Download sources and javadoc] INFO  o.e.m.c.i.e.AbstractTransferListenerAdapter - Downloaded https://repo.maven.apache.org/maven2/org/hibernate/common/hibernate-commons-annotations/5.1.0.Final/hibernate-commons-annotations-5.1.0.Final-sources.jar
2026-01-21 11:42:54,864 [Worker-46: Download sources and javadoc] INFO  o.e.m.j.internal.DownloadSourcesJob - Downloaded sources for org.hibernate.common:hibernate-commons-annotations:5.1.0.Final
2026-01-21 11:42:54,989 [Worker-46: Download sources and javadoc] INFO  o.e.m.c.i.e.AbstractTransferListenerAdapter - Downloading https://repo.maven.apache.org/maven2/javax/xml/bind/jaxb-api/2.3.1/jaxb-api-2.3.1-sources.jar
2026-01-21 11:42:55,094 [Worker-46: Download sources and javadoc] INFO  o.e.m.c.i.e.AbstractTransferListenerAdapter - Downloaded https://repo.maven.apache.org/maven2/javax/xml/bind/jaxb-api/2.3.1/jaxb-api-2.3.1-sources.jar
2026-01-21 11:42:55,096 [Worker-46: Download sources and javadoc] INFO  o.e.m.j.internal.DownloadSourcesJob - Downloaded sources for javax.xml.bind:jaxb-api:2.3.1
2026-01-21 11:42:55,221 [Worker-46: Download sources and javadoc] INFO  o.e.m.c.i.e.AbstractTransferListenerAdapter - Downloading https://repo.maven.apache.org/maven2/org/glassfish/jaxb/jaxb-runtime/2.3.1/jaxb-runtime-2.3.1-sources.jar
2026-01-21 11:42:55,439 [Worker-46: Download sources and javadoc] INFO  o.e.m.c.i.e.AbstractTransferListenerAdapter - Downloaded https://repo.maven.apache.org/maven2/org/glassfish/jaxb/jaxb-runtime/2.3.1/jaxb-runtime-2.3.1-sources.jar
2026-01-21 11:42:55,441 [Worker-46: Download sources and javadoc] INFO  o.e.m.j.internal.DownloadSourcesJob - Downloaded sources for org.glassfish.jaxb:jaxb-runtime:2.3.1
2026-01-21 11:42:55,569 [Worker-46: Download sources and javadoc] INFO  o.e.m.c.i.e.AbstractTransferListenerAdapter - Downloading https://repo.maven.apache.org/maven2/org/glassfish/jaxb/txw2/2.3.1/txw2-2.3.1-sources.jar
2026-01-21 11:42:55,609 [Worker-46: Download sources and javadoc] INFO  o.e.m.c.i.e.AbstractTransferListenerAdapter - Downloaded https://repo.maven.apache.org/maven2/org/glassfish/jaxb/txw2/2.3.1/txw2-2.3.1-sources.jar
2026-01-21 11:42:55,610 [Worker-46: Download sources and javadoc] INFO  o.e.m.j.internal.DownloadSourcesJob - Downloaded sources for org.glassfish.jaxb:txw2:2.3.1
2026-01-21 11:42:55,734 [Worker-46: Download sources and javadoc] INFO  o.e.m.c.i.e.AbstractTransferListenerAdapter - Downloading https://repo.maven.apache.org/maven2/com/sun/istack/istack-commons-runtime/3.0.7/istack-commons-runtime-3.0.7-sources.jar
2026-01-21 11:42:55,738 [Worker-46: Download sources and javadoc] INFO  o.e.m.c.i.e.AbstractTransferListenerAdapter - Downloaded https://repo.maven.apache.org/maven2/com/sun/istack/istack-commons-runtime/3.0.7/istack-commons-runtime-3.0.7-sources.jar
2026-01-21 11:42:55,739 [Worker-46: Download sources and javadoc] INFO  o.e.m.j.internal.DownloadSourcesJob - Downloaded sources for com.sun.istack:istack-commons-runtime:3.0.7
2026-01-21 11:42:55,867 [Worker-46: Download sources and javadoc] INFO  o.e.m.c.i.e.AbstractTransferListenerAdapter - Downloading https://repo.maven.apache.org/maven2/org/jvnet/staxex/stax-ex/1.8/stax-ex-1.8-sources.jar
2026-01-21 11:42:55,872 [Worker-46: Download sources and javadoc] INFO  o.e.m.c.i.e.AbstractTransferListenerAdapter - Downloaded https://repo.maven.apache.org/maven2/org/jvnet/staxex/stax-ex/1.8/stax-ex-1.8-sources.jar
2026-01-21 11:42:55,873 [Worker-46: Download sources and javadoc] INFO  o.e.m.j.internal.DownloadSourcesJob - Downloaded sources for org.jvnet.staxex:stax-ex:1.8
2026-01-21 11:42:56,001 [Worker-46: Download sources and javadoc] INFO  o.e.m.c.i.e.AbstractTransferListenerAdapter - Downloading https://repo.maven.apache.org/maven2/com/sun/xml/fastinfoset/FastInfoset/1.2.15/FastInfoset-1.2.15-sources.jar
2026-01-21 11:42:56,107 [Worker-46: Download sources and javadoc] INFO  o.e.m.c.i.e.AbstractTransferListenerAdapter - Downloaded https://repo.maven.apache.org/maven2/com/sun/xml/fastinfoset/FastInfoset/1.2.15/FastInfoset-1.2.15-sources.jar
2026-01-21 11:42:56,108 [Worker-46: Download sources and javadoc] INFO  o.e.m.j.internal.DownloadSourcesJob - Downloaded sources for com.sun.xml.fastinfoset:FastInfoset:1.2.15
2026-01-21 11:42:56,611 [Worker-46: Download sources and javadoc] INFO  o.e.m.c.i.e.AbstractTransferListenerAdapter - Downloading https://repo.maven.apache.org/maven2/org/hibernate/hibernate-entitymanager/5.4.4.Final/hibernate-entitymanager-5.4.4.Final-sources.jar
2026-01-21 11:42:56,613 [Worker-46: Download sources and javadoc] INFO  o.e.m.c.i.e.AbstractTransferListenerAdapter - Downloaded https://repo.maven.apache.org/maven2/org/hibernate/hibernate-entitymanager/5.4.4.Final/hibernate-entitymanager-5.4.4.Final-sources.jar
2026-01-21 11:42:56,614 [Worker-46: Download sources and javadoc] INFO  o.e.m.j.internal.DownloadSourcesJob - Downloaded sources for org.hibernate:hibernate-entitymanager:5.4.4.Final
2026-01-21 11:43:22,775 [Worker-14: Building] INFO  o.a.m.s.f.DefaultMavenResourcesFiltering - Copying 1 resource from src\main\resources to target\classes
2026-01-21 11:43:22,779 [Worker-14: Building] INFO  o.a.m.s.f.DefaultMavenResourcesFiltering - skip non existing resourceDirectory D:\ARCHIVOS\INSTITUTO CIBERTEC CLASES\LENGUAJE DE PROGRAMACI脫N II\CLASES LPII\SESI脫N 04 LPII\LPII_Sesi贸n_04 - Sol\LPII_Sesion04_MV_GIT\src\test\resources
2026-01-21 11:43:29,290 [Worker-46: Building] INFO  o.e.m.c.i.l.LifecycleMappingFactory - Using org.eclipse.m2e.jdt.JarLifecycleMapping lifecycle mapping for MavenProject: org.cibertec:LPII_Sesion04_MV_GIT:0.0.1-SNAPSHOT @ D:\ARCHIVOS\INSTITUTO CIBERTEC CLASES\LENGUAJE DE PROGRAMACI脫N II\CLASES LPII\SESI脫N 04 LPII\LPII_Sesi贸n_04 - Sol\LPII_Sesion04_MV_GIT\pom.xml.
2026-01-21 11:43:29,390 [Worker-46: Building] INFO  o.a.m.s.f.DefaultMavenResourcesFiltering - Copying 0 resource from src\main\resources to target\classes
2026-01-21 11:43:29,392 [Worker-46: Building] INFO  o.a.m.s.f.DefaultMavenResourcesFiltering - skip non existing resourceDirectory D:\ARCHIVOS\INSTITUTO CIBERTEC CLASES\LENGUAJE DE PROGRAMACI脫N II\CLASES LPII\SESI脫N 04 LPII\LPII_Sesi贸n_04 - Sol\LPII_Sesion04_MV_GIT\src\test\resources
2026-01-21 11:43:30,476 [Worker-26: Download sources and javadoc] INFO  o.e.m.c.i.e.AbstractTransferListenerAdapter - Downloaded https://repo.maven.apache.org/maven2/antlr/antlr/2.7.7/antlr-2.7.7-javadoc.jar
2026-01-21 11:43:30,478 [Worker-26: Download sources and javadoc] ERROR o.e.m.j.internal.DownloadSourcesJob - Could not download javadoc for antlr:antlr:2.7.7
org.eclipse.core.runtime.CoreException: Could not resolve artifact antlr:antlr:jar:javadoc:2.7.7
	at org.eclipse.m2e.core.internal.embedder.MavenImpl.lambda$7(MavenImpl.java:540)
	at org.eclipse.m2e.core.internal.embedder.MavenExecutionContext.executeBare(MavenExecutionContext.java:458)
	at org.eclipse.m2e.core.internal.embedder.MavenExecutionContext.execute(MavenExecutionContext.java:292)
	at org.eclipse.m2e.core.internal.embedder.MavenExecutionContext.execute(MavenExecutionContext.java:278)
	at org.eclipse.m2e.core.internal.embedder.MavenImpl.resolve(MavenImpl.java:509)
	at org.eclipse.m2e.core.internal.embedder.MavenImpl.resolve(MavenImpl.java:494)
	at org.eclipse.m2e.jdt.internal.DownloadSourcesJob.download(DownloadSourcesJob.java:308)
	at org.eclipse.m2e.jdt.internal.DownloadSourcesJob.downloadAttachments(DownloadSourcesJob.java:294)
	at org.eclipse.m2e.jdt.internal.DownloadSourcesJob.downloadMaven(DownloadSourcesJob.java:252)
	at org.eclipse.m2e.jdt.internal.DownloadSourcesJob.downloadFilesAndPopulateToUpdate(DownloadSourcesJob.java:220)
	at org.eclipse.m2e.jdt.internal.DownloadSourcesJob.lambda$0(DownloadSourcesJob.java:149)
	at org.eclipse.m2e.core.internal.embedder.MavenExecutionContext.executeBare(MavenExecutionContext.java:458)
	at org.eclipse.m2e.core.internal.embedder.MavenExecutionContext.execute(MavenExecutionContext.java:339)
	at org.eclipse.m2e.core.internal.embedder.MavenExecutionContext.execute(MavenExecutionContext.java:278)
	at org.eclipse.m2e.core.embedder.IMaven.execute(IMaven.java:300)
	at org.eclipse.m2e.jdt.internal.DownloadSourcesJob.run(DownloadSourcesJob.java:149)
	at org.eclipse.core.internal.jobs.Worker.run(Worker.java:63)
2026-01-21 11:43:32,624 [Worker-1: Building] INFO  o.e.m.c.i.l.LifecycleMappingFactory - Using org.eclipse.m2e.jdt.JarLifecycleMapping lifecycle mapping for MavenProject: org.cibertec:LPII_Sesion04_MV_GIT:0.0.1-SNAPSHOT @ D:\ARCHIVOS\INSTITUTO CIBERTEC CLASES\LENGUAJE DE PROGRAMACI脫N II\CLASES LPII\SESI脫N 04 LPII\LPII_Sesi贸n_04 - Sol\LPII_Sesion04_MV_GIT\pom.xml.
2026-01-21 11:43:32,823 [Worker-1: Building] INFO  o.a.m.s.f.DefaultMavenResourcesFiltering - Copying 0 resource from src\main\resources to target\classes
2026-01-21 11:43:32,825 [Worker-1: Building] INFO  o.a.m.s.f.DefaultMavenResourcesFiltering - skip non existing resourceDirectory D:\ARCHIVOS\INSTITUTO CIBERTEC CLASES\LENGUAJE DE PROGRAMACI脫N II\CLASES LPII\SESI脫N 04 LPII\LPII_Sesi贸n_04 - Sol\LPII_Sesion04_MV_GIT\src\test\resources
2026-01-21 11:51:09,633 [Burningwave - Resource releaser] INFO  o.b.c.a.StaticComponentContainer - (StaticComponentContainer.java:391) - ... Waiting for all tasks ending
2026-01-21 11:51:09,633 [Burningwave - Resource releaser] INFO  o.b.c.a.StaticComponentContainer - (StaticComponentContainer.java:397) - Closing all component containers
2026-01-21 11:51:09,635 [Burningwave - Resource releaser] INFO  o.b.c.a.StaticComponentContainer - (StaticComponentContainer.java:403) - Closing FileSystemHelper
2026-01-21 11:51:09,635 [Burningwave - Resource releaser] INFO  o.b.c.a.StaticComponentContainer - (StaticComponentContainer.java:409) - ... Waiting for all tasks ending before shutting down the BackgroundExecutor
2026-01-21 11:51:09,636 [Burningwave - Resource releaser] INFO  o.b.c.a.StaticComponentContainer - (StaticComponentContainer.java:414) - Shutting down BackgroundExecutor
2026-01-21 11:51:09,636 [Burningwave - Resource releaser] INFO  o.b.c.a.StaticComponentContainer - (StaticComponentContainer.java:420) - Stopping all threads monitoring thread
2026-01-21 11:51:09,637 [Burningwave - Resource releaser] INFO  o.b.c.a.StaticComponentContainer - (StaticComponentContainer.java:425) - Closing ThreadHolder
2026-01-21 11:51:09,638 [Burningwave - Resource releaser] INFO  o.b.c.a.StaticComponentContainer - (StaticComponentContainer.java:430) - Shutting down ThreadSupplier
2026-01-21 12:12:10,836 [Worker-1: Loading available Gradle versions] INFO  o.e.b.c.i.u.g.PublishedGradleVersions - Gradle version information cache is up-to-date. Trying to read.
2026-01-21 12:12:41,420 [Worker-28: Building JPA Project: LPII_Sesion04_MV_GIT] INFO  o.b.c.a.StaticComponentContainer - (StaticComponentContainer.java:368) - Instantiated org.burningwave.core.SLF4JManagedLoggerRepository
2026-01-21 12:12:41,421 [Worker-28: Building JPA Project: LPII_Sesion04_MV_GIT] INFO  o.b.c.a.StaticComponentContainer - (StaticComponentContainer.java:369) - 

	Configuration values for static components:

		background-executor.all-tasks-monitoring.enabled=\
			true
		background-executor.all-tasks-monitoring.interval=\
			30000
		background-executor.all-tasks-monitoring.logger.enabled=\
			false
		background-executor.all-tasks-monitoring.minimum-elapsed-time-to-consider-a-task-as-probable-dead-locked=\
			300000
		background-executor.all-tasks-monitoring.probable-dead-locked-tasks-handling.policy=\
			log only
		background-executor.queued-task-executor[0].name=\
			Low priority tasks
		background-executor.queued-task-executor[0].priority=\
			1
		background-executor.queued-task-executor[1].name=\
			Normal priority tasks
		background-executor.queued-task-executor[1].priority=\
			5
		background-executor.queued-task-executor[2].name=\
			High priority tasks
		background-executor.queued-task-executor[2].priority=\
			10
		background-executor.task-creation-tracking.enabled=\
			${background-executor.all-tasks-monitoring.enabled}
		banner.additonal-informations=\
			${Implementation-Title} ${Implementation-Version}
		banner.additonal-informations.retrieve-from-manifest-file-with-implementation-title=\
			Burningwave Core
		banner.file=\
			org/burningwave/banner.bwb
		banner.hide=\
			true
		buffer-handler.default-allocation-mode=\
			ByteBuffer::allocateDirect
		buffer-handler.default-buffer-size=\
			1024
		group-name-for-named-elements=\
			Burningwave
		iterable-object-helper.default-values-separator=\
			;
		iterable-object-helper.parallel-iteration.applicability.default-minimum-collection-size=\
			2
		iterable-object-helper.parallel-iteration.applicability.max-runtime-thread-count-threshold=\
			autodetect
		iterable-object-helper.parallel-iteration.applicability.output-collection-enabled-types=\
			java.util.concurrent.ConcurrentHashMap$CollectionView;\
			java.util.Collections$SynchronizedCollection;\
			java.util.concurrent.CopyOnWriteArrayList;\
			java.util.concurrent.CopyOnWriteArraySet;\
			java.util.concurrent.BlockingQueue;\
			java.util.concurrent.ConcurrentSkipListSet;\
			java.util.concurrent.ConcurrentSkipListMap$EntrySet;\
			java.util.concurrent.ConcurrentSkipListMap$KeySet;\
			java.util.concurrent.ConcurrentSkipListMap$Values;
		jvm.driver.init=\
			false
		managed-logger.repository=\
			autodetect
		managed-logger.repository.enabled=\
			true
		managed-logger.repository.logging.warn.disabled-for=\
			org.burningwave.core.assembler.ComponentContainer$ClassLoader;\
			org.burningwave.core.classes.MemoryClassLoader;\
			org.burningwave.core.classes.PathScannerClassLoader;
		modules.export-all-to-all=\
			true
		resource-releaser.enabled=\
			true
		synchronizer.all-threads-monitoring.enabled=\
			false
		synchronizer.all-threads-monitoring.interval=\
			90000
		thread-supplier.default-daemon-flag-value=\
			true
		thread-supplier.default-thread-priority=\
			5
		thread-supplier.max-detached-thread-count=\
			${thread-supplier.max-poolable-thread-count}
		thread-supplier.max-detached-thread-count.elapsed-time-threshold-from-last-increase-for-gradual-decreasing-to-initial-value=\
			30000
		thread-supplier.max-detached-thread-count.increasing-step=\
			autodetect
		thread-supplier.max-poolable-thread-count=\
			autodetect
		thread-supplier.poolable-thread-request-timeout=\
			6000


2026-01-21 12:12:41,422 [Worker-28: Building JPA Project: LPII_Sesion04_MV_GIT] INFO  o.b.core.jvm.BufferHandler - (BufferHandler.java:127) - default buffer size: 1024 bytes
2026-01-21 12:12:41,423 [Worker-28: Building JPA Project: LPII_Sesion04_MV_GIT] INFO  o.b.core.jvm.BufferHandler - (BufferHandler.java:141) - default allocation mode: ByteBuffer::allocateDirect
2026-01-21 12:12:41,425 [Worker-28: Building JPA Project: LPII_Sesion04_MV_GIT] INFO  org.burningwave.core.Cache - (Cache.java:76) - Building cache
2026-01-21 12:12:41,441 [Worker-28: Building JPA Project: LPII_Sesion04_MV_GIT] INFO  o.b.c.a.StaticComponentContainer - (StaticComponentContainer.java:443) - org.burningwave.core.assembler.StaticComponentContainer initialized in 0.0906448 seconds
2026-01-21 12:13:16,442 [Worker-12: Launching Executing clean in D__ARCHIVOS_INSTITUTO CIBERTEC CLASES_LENGUAJE DE PROGRAMACI脫N II_CLASES LPII_SESI脫N 04 LPII_LPII_Sesi贸n_04 - Sol_LPII_Sesion04_MV_GIT] INFO  o.eclipse.m2e.core.internal.Bundles - getClasspathEntries(Bundle=org.eclipse.m2e.maven.runtime_3.9.900.20240824-1409 [641])
2026-01-21 12:13:16,444 [Worker-12: Launching Executing clean in D__ARCHIVOS_INSTITUTO CIBERTEC CLASES_LENGUAJE DE PROGRAMACI脫N II_CLASES LPII_SESI脫N 04 LPII_LPII_Sesi贸n_04 - Sol_LPII_Sesion04_MV_GIT] INFO  o.eclipse.m2e.core.internal.Bundles - 	Entry: C:\Eclipse\EclipseJEE\plugins\org.eclipse.m2e.maven.runtime_3.9.900.20240824-1409
2026-01-21 12:13:16,444 [Worker-12: Launching Executing clean in D__ARCHIVOS_INSTITUTO CIBERTEC CLASES_LENGUAJE DE PROGRAMACI脫N II_CLASES LPII_SESI脫N 04 LPII_LPII_Sesi贸n_04 - Sol_LPII_Sesion04_MV_GIT] INFO  o.eclipse.m2e.core.internal.Bundles - 	Entry: C:\Eclipse\EclipseJEE\plugins\org.eclipse.m2e.maven.runtime_3.9.900.20240824-1409\jars\aopalliance-1.0.jar
2026-01-21 12:13:16,444 [Worker-12: Launching Executing clean in D__ARCHIVOS_INSTITUTO CIBERTEC CLASES_LENGUAJE DE PROGRAMACI脫N II_CLASES LPII_SESI脫N 04 LPII_LPII_Sesi贸n_04 - Sol_LPII_Sesion04_MV_GIT] INFO  o.eclipse.m2e.core.internal.Bundles - 	Entry: C:\Eclipse\EclipseJEE\plugins\org.eclipse.m2e.maven.runtime_3.9.900.20240824-1409\jars\guice-5.1.0.jar
2026-01-21 12:13:16,444 [Worker-12: Launching Executing clean in D__ARCHIVOS_INSTITUTO CIBERTEC CLASES_LENGUAJE DE PROGRAMACI脫N II_CLASES LPII_SESI脫N 04 LPII_LPII_Sesi贸n_04 - Sol_LPII_Sesion04_MV_GIT] INFO  o.eclipse.m2e.core.internal.Bundles - 	Entry: C:\Eclipse\EclipseJEE\plugins\org.eclipse.m2e.maven.runtime_3.9.900.20240824-1409\jars\httpclient-4.5.14.jar
2026-01-21 12:13:16,444 [Worker-12: Launching Executing clean in D__ARCHIVOS_INSTITUTO CIBERTEC CLASES_LENGUAJE DE PROGRAMACI脫N II_CLASES LPII_SESI脫N 04 LPII_LPII_Sesi贸n_04 - Sol_LPII_Sesion04_MV_GIT] INFO  o.eclipse.m2e.core.internal.Bundles - 	Entry: C:\Eclipse\EclipseJEE\plugins\org.eclipse.m2e.maven.runtime_3.9.900.20240824-1409\jars\httpcore-4.4.16.jar
2026-01-21 12:13:16,444 [Worker-12: Launching Executing clean in D__ARCHIVOS_INSTITUTO CIBERTEC CLASES_LENGUAJE DE PROGRAMACI脫N II_CLASES LPII_SESI脫N 04 LPII_LPII_Sesi贸n_04 - Sol_LPII_Sesion04_MV_GIT] INFO  o.eclipse.m2e.core.internal.Bundles - 	Entry: C:\Eclipse\EclipseJEE\plugins\org.eclipse.m2e.maven.runtime_3.9.900.20240824-1409\jars\jansi-2.4.1.jar
2026-01-21 12:13:16,444 [Worker-12: Launching Executing clean in D__ARCHIVOS_INSTITUTO CIBERTEC CLASES_LENGUAJE DE PROGRAMACI脫N II_CLASES LPII_SESI脫N 04 LPII_LPII_Sesi贸n_04 - Sol_LPII_Sesion04_MV_GIT] INFO  o.eclipse.m2e.core.internal.Bundles - 	Entry: C:\Eclipse\EclipseJEE\plugins\org.eclipse.m2e.maven.runtime_3.9.900.20240824-1409\jars\jcl-over-slf4j-1.7.36.jar
2026-01-21 12:13:16,444 [Worker-12: Launching Executing clean in D__ARCHIVOS_INSTITUTO CIBERTEC CLASES_LENGUAJE DE PROGRAMACI脫N II_CLASES LPII_SESI脫N 04 LPII_LPII_Sesi贸n_04 - Sol_LPII_Sesion04_MV_GIT] INFO  o.eclipse.m2e.core.internal.Bundles - 	Entry: C:\Eclipse\EclipseJEE\plugins\org.eclipse.m2e.maven.runtime_3.9.900.20240824-1409\jars\maven-artifact-3.9.9.jar
2026-01-21 12:13:16,444 [Worker-12: Launching Executing clean in D__ARCHIVOS_INSTITUTO CIBERTEC CLASES_LENGUAJE DE PROGRAMACI脫N II_CLASES LPII_SESI脫N 04 LPII_LPII_Sesi贸n_04 - Sol_LPII_Sesion04_MV_GIT] INFO  o.eclipse.m2e.core.internal.Bundles - 	Entry: C:\Eclipse\EclipseJEE\plugins\org.eclipse.m2e.maven.runtime_3.9.900.20240824-1409\jars\maven-builder-support-3.9.9.jar
2026-01-21 12:13:16,444 [Worker-12: Launching Executing clean in D__ARCHIVOS_INSTITUTO CIBERTEC CLASES_LENGUAJE DE PROGRAMACI脫N II_CLASES LPII_SESI脫N 04 LPII_LPII_Sesi贸n_04 - Sol_LPII_Sesion04_MV_GIT] INFO  o.eclipse.m2e.core.internal.Bundles - 	Entry: C:\Eclipse\EclipseJEE\plugins\org.eclipse.m2e.maven.runtime_3.9.900.20240824-1409\jars\maven-compat-3.9.9.jar
2026-01-21 12:13:16,444 [Worker-12: Launching Executing clean in D__ARCHIVOS_INSTITUTO CIBERTEC CLASES_LENGUAJE DE PROGRAMACI脫N II_CLASES LPII_SESI脫N 04 LPII_LPII_Sesi贸n_04 - Sol_LPII_Sesion04_MV_GIT] INFO  o.eclipse.m2e.core.internal.Bundles - 	Entry: C:\Eclipse\EclipseJEE\plugins\org.eclipse.m2e.maven.runtime_3.9.900.20240824-1409\jars\maven-core-3.9.9.jar
2026-01-21 12:13:16,444 [Worker-12: Launching Executing clean in D__ARCHIVOS_INSTITUTO CIBERTEC CLASES_LENGUAJE DE PROGRAMACI脫N II_CLASES LPII_SESI脫N 04 LPII_LPII_Sesi贸n_04 - Sol_LPII_Sesion04_MV_GIT] INFO  o.eclipse.m2e.core.internal.Bundles - 	Entry: C:\Eclipse\EclipseJEE\plugins\org.eclipse.m2e.maven.runtime_3.9.900.20240824-1409\jars\maven-embedder-3.9.9.jar
2026-01-21 12:13:16,444 [Worker-12: Launching Executing clean in D__ARCHIVOS_INSTITUTO CIBERTEC CLASES_LENGUAJE DE PROGRAMACI脫N II_CLASES LPII_SESI脫N 04 LPII_LPII_Sesi贸n_04 - Sol_LPII_Sesion04_MV_GIT] INFO  o.eclipse.m2e.core.internal.Bundles - 	Entry: C:\Eclipse\EclipseJEE\plugins\org.eclipse.m2e.maven.runtime_3.9.900.20240824-1409\jars\maven-model-3.9.9.jar
2026-01-21 12:13:16,444 [Worker-12: Launching Executing clean in D__ARCHIVOS_INSTITUTO CIBERTEC CLASES_LENGUAJE DE PROGRAMACI脫N II_CLASES LPII_SESI脫N 04 LPII_LPII_Sesi贸n_04 - Sol_LPII_Sesion04_MV_GIT] INFO  o.eclipse.m2e.core.internal.Bundles - 	Entry: C:\Eclipse\EclipseJEE\plugins\org.eclipse.m2e.maven.runtime_3.9.900.20240824-1409\jars\maven-model-builder-3.9.9.jar
2026-01-21 12:13:16,444 [Worker-12: Launching Executing clean in D__ARCHIVOS_INSTITUTO CIBERTEC CLASES_LENGUAJE DE PROGRAMACI脫N II_CLASES LPII_SESI脫N 04 LPII_LPII_Sesi贸n_04 - Sol_LPII_Sesion04_MV_GIT] INFO  o.eclipse.m2e.core.internal.Bundles - 	Entry: C:\Eclipse\EclipseJEE\plugins\org.eclipse.m2e.maven.runtime_3.9.900.20240824-1409\jars\maven-plugin-api-3.9.9.jar
2026-01-21 12:13:16,444 [Worker-12: Launching Executing clean in D__ARCHIVOS_INSTITUTO CIBERTEC CLASES_LENGUAJE DE PROGRAMACI脫N II_CLASES LPII_SESI脫N 04 LPII_LPII_Sesi贸n_04 - Sol_LPII_Sesion04_MV_GIT] INFO  o.eclipse.m2e.core.internal.Bundles - 	Entry: C:\Eclipse\EclipseJEE\plugins\org.eclipse.m2e.maven.runtime_3.9.900.20240824-1409\jars\maven-repository-metadata-3.9.9.jar
2026-01-21 12:13:16,445 [Worker-12: Launching Executing clean in D__ARCHIVOS_INSTITUTO CIBERTEC CLASES_LENGUAJE DE PROGRAMACI脫N II_CLASES LPII_SESI脫N 04 LPII_LPII_Sesi贸n_04 - Sol_LPII_Sesion04_MV_GIT] INFO  o.eclipse.m2e.core.internal.Bundles - 	Entry: C:\Eclipse\EclipseJEE\plugins\org.eclipse.m2e.maven.runtime_3.9.900.20240824-1409\jars\maven-resolver-api-1.9.22.jar
2026-01-21 12:13:16,445 [Worker-12: Launching Executing clean in D__ARCHIVOS_INSTITUTO CIBERTEC CLASES_LENGUAJE DE PROGRAMACI脫N II_CLASES LPII_SESI脫N 04 LPII_LPII_Sesi贸n_04 - Sol_LPII_Sesion04_MV_GIT] INFO  o.eclipse.m2e.core.internal.Bundles - 	Entry: C:\Eclipse\EclipseJEE\plugins\org.eclipse.m2e.maven.runtime_3.9.900.20240824-1409\jars\maven-resolver-connector-basic-1.9.22.jar
2026-01-21 12:13:16,445 [Worker-12: Launching Executing clean in D__ARCHIVOS_INSTITUTO CIBERTEC CLASES_LENGUAJE DE PROGRAMACI脫N II_CLASES LPII_SESI脫N 04 LPII_LPII_Sesi贸n_04 - Sol_LPII_Sesion04_MV_GIT] INFO  o.eclipse.m2e.core.internal.Bundles - 	Entry: C:\Eclipse\EclipseJEE\plugins\org.eclipse.m2e.maven.runtime_3.9.900.20240824-1409\jars\maven-resolver-impl-1.9.22.jar
2026-01-21 12:13:16,445 [Worker-12: Launching Executing clean in D__ARCHIVOS_INSTITUTO CIBERTEC CLASES_LENGUAJE DE PROGRAMACI脫N II_CLASES LPII_SESI脫N 04 LPII_LPII_Sesi贸n_04 - Sol_LPII_Sesion04_MV_GIT] INFO  o.eclipse.m2e.core.internal.Bundles - 	Entry: C:\Eclipse\EclipseJEE\plugins\org.eclipse.m2e.maven.runtime_3.9.900.20240824-1409\jars\maven-resolver-named-locks-1.9.22.jar
2026-01-21 12:13:16,445 [Worker-12: Launching Executing clean in D__ARCHIVOS_INSTITUTO CIBERTEC CLASES_LENGUAJE DE PROGRAMACI脫N II_CLASES LPII_SESI脫N 04 LPII_LPII_Sesi贸n_04 - Sol_LPII_Sesion04_MV_GIT] INFO  o.eclipse.m2e.core.internal.Bundles - 	Entry: C:\Eclipse\EclipseJEE\plugins\org.eclipse.m2e.maven.runtime_3.9.900.20240824-1409\jars\maven-resolver-provider-3.9.9.jar
2026-01-21 12:13:16,445 [Worker-12: Launching Executing clean in D__ARCHIVOS_INSTITUTO CIBERTEC CLASES_LENGUAJE DE PROGRAMACI脫N II_CLASES LPII_SESI脫N 04 LPII_LPII_Sesi贸n_04 - Sol_LPII_Sesion04_MV_GIT] INFO  o.eclipse.m2e.core.internal.Bundles - 	Entry: C:\Eclipse\EclipseJEE\plugins\org.eclipse.m2e.maven.runtime_3.9.900.20240824-1409\jars\maven-resolver-spi-1.9.22.jar
2026-01-21 12:13:16,445 [Worker-12: Launching Executing clean in D__ARCHIVOS_INSTITUTO CIBERTEC CLASES_LENGUAJE DE PROGRAMACI脫N II_CLASES LPII_SESI脫N 04 LPII_LPII_Sesi贸n_04 - Sol_LPII_Sesion04_MV_GIT] INFO  o.eclipse.m2e.core.internal.Bundles - 	Entry: C:\Eclipse\EclipseJEE\plugins\org.eclipse.m2e.maven.runtime_3.9.900.20240824-1409\jars\maven-resolver-transport-file-1.9.22.jar
2026-01-21 12:13:16,445 [Worker-12: Launching Executing clean in D__ARCHIVOS_INSTITUTO CIBERTEC CLASES_LENGUAJE DE PROGRAMACI脫N II_CLASES LPII_SESI脫N 04 LPII_LPII_Sesi贸n_04 - Sol_LPII_Sesion04_MV_GIT] INFO  o.eclipse.m2e.core.internal.Bundles - 	Entry: C:\Eclipse\EclipseJEE\plugins\org.eclipse.m2e.maven.runtime_3.9.900.20240824-1409\jars\maven-resolver-transport-http-1.9.22.jar
2026-01-21 12:13:16,445 [Worker-12: Launching Executing clean in D__ARCHIVOS_INSTITUTO CIBERTEC CLASES_LENGUAJE DE PROGRAMACI脫N II_CLASES LPII_SESI脫N 04 LPII_LPII_Sesi贸n_04 - Sol_LPII_Sesion04_MV_GIT] INFO  o.eclipse.m2e.core.internal.Bundles - 	Entry: C:\Eclipse\EclipseJEE\plugins\org.eclipse.m2e.maven.runtime_3.9.900.20240824-1409\jars\maven-resolver-transport-wagon-1.9.22.jar
2026-01-21 12:13:16,445 [Worker-12: Launching Executing clean in D__ARCHIVOS_INSTITUTO CIBERTEC CLASES_LENGUAJE DE PROGRAMACI脫N II_CLASES LPII_SESI脫N 04 LPII_LPII_Sesi贸n_04 - Sol_LPII_Sesion04_MV_GIT] INFO  o.eclipse.m2e.core.internal.Bundles - 	Entry: C:\Eclipse\EclipseJEE\plugins\org.eclipse.m2e.maven.runtime_3.9.900.20240824-1409\jars\maven-resolver-util-1.9.22.jar
2026-01-21 12:13:16,445 [Worker-12: Launching Executing clean in D__ARCHIVOS_INSTITUTO CIBERTEC CLASES_LENGUAJE DE PROGRAMACI脫N II_CLASES LPII_SESI脫N 04 LPII_LPII_Sesi贸n_04 - Sol_LPII_Sesion04_MV_GIT] INFO  o.eclipse.m2e.core.internal.Bundles - 	Entry: C:\Eclipse\EclipseJEE\plugins\org.eclipse.m2e.maven.runtime_3.9.900.20240824-1409\jars\maven-settings-3.9.9.jar
2026-01-21 12:13:16,446 [Worker-12: Launching Executing clean in D__ARCHIVOS_INSTITUTO CIBERTEC CLASES_LENGUAJE DE PROGRAMACI脫N II_CLASES LPII_SESI脫N 04 LPII_LPII_Sesi贸n_04 - Sol_LPII_Sesion04_MV_GIT] INFO  o.eclipse.m2e.core.internal.Bundles - 	Entry: C:\Eclipse\EclipseJEE\plugins\org.eclipse.m2e.maven.runtime_3.9.900.20240824-1409\jars\maven-settings-builder-3.9.9.jar
2026-01-21 12:13:16,446 [Worker-12: Launching Executing clean in D__ARCHIVOS_INSTITUTO CIBERTEC CLASES_LENGUAJE DE PROGRAMACI脫N II_CLASES LPII_SESI脫N 04 LPII_LPII_Sesi贸n_04 - Sol_LPII_Sesion04_MV_GIT] INFO  o.eclipse.m2e.core.internal.Bundles - 	Entry: C:\Eclipse\EclipseJEE\plugins\org.eclipse.m2e.maven.runtime_3.9.900.20240824-1409\jars\maven-shared-utils-3.4.2.jar
2026-01-21 12:13:16,446 [Worker-12: Launching Executing clean in D__ARCHIVOS_INSTITUTO CIBERTEC CLASES_LENGUAJE DE PROGRAMACI脫N II_CLASES LPII_SESI脫N 04 LPII_LPII_Sesi贸n_04 - Sol_LPII_Sesion04_MV_GIT] INFO  o.eclipse.m2e.core.internal.Bundles - 	Entry: C:\Eclipse\EclipseJEE\plugins\org.eclipse.m2e.maven.runtime_3.9.900.20240824-1409\jars\org.eclipse.sisu.inject-0.9.0.M3.jar
2026-01-21 12:13:16,446 [Worker-12: Launching Executing clean in D__ARCHIVOS_INSTITUTO CIBERTEC CLASES_LENGUAJE DE PROGRAMACI脫N II_CLASES LPII_SESI脫N 04 LPII_LPII_Sesi贸n_04 - Sol_LPII_Sesion04_MV_GIT] INFO  o.eclipse.m2e.core.internal.Bundles - 	Entry: C:\Eclipse\EclipseJEE\plugins\org.eclipse.m2e.maven.runtime_3.9.900.20240824-1409\jars\org.eclipse.sisu.plexus-0.9.0.M3.jar
2026-01-21 12:13:16,446 [Worker-12: Launching Executing clean in D__ARCHIVOS_INSTITUTO CIBERTEC CLASES_LENGUAJE DE PROGRAMACI脫N II_CLASES LPII_SESI脫N 04 LPII_LPII_Sesi贸n_04 - Sol_LPII_Sesion04_MV_GIT] INFO  o.eclipse.m2e.core.internal.Bundles - 	Entry: C:\Eclipse\EclipseJEE\plugins\org.eclipse.m2e.maven.runtime_3.9.900.20240824-1409\jars\plexus-build-api-0.0.7.jar
2026-01-21 12:13:16,446 [Worker-12: Launching Executing clean in D__ARCHIVOS_INSTITUTO CIBERTEC CLASES_LENGUAJE DE PROGRAMACI脫N II_CLASES LPII_SESI脫N 04 LPII_LPII_Sesi贸n_04 - Sol_LPII_Sesion04_MV_GIT] INFO  o.eclipse.m2e.core.internal.Bundles - 	Entry: C:\Eclipse\EclipseJEE\plugins\org.eclipse.m2e.maven.runtime_3.9.900.20240824-1409\jars\plexus-build-api-1.2.0.jar
2026-01-21 12:13:16,446 [Worker-12: Launching Executing clean in D__ARCHIVOS_INSTITUTO CIBERTEC CLASES_LENGUAJE DE PROGRAMACI脫N II_CLASES LPII_SESI脫N 04 LPII_LPII_Sesi贸n_04 - Sol_LPII_Sesion04_MV_GIT] INFO  o.eclipse.m2e.core.internal.Bundles - 	Entry: C:\Eclipse\EclipseJEE\plugins\org.eclipse.m2e.maven.runtime_3.9.900.20240824-1409\jars\plexus-cipher-2.0.jar
2026-01-21 12:13:16,446 [Worker-12: Launching Executing clean in D__ARCHIVOS_INSTITUTO CIBERTEC CLASES_LENGUAJE DE PROGRAMACI脫N II_CLASES LPII_SESI脫N 04 LPII_LPII_Sesi贸n_04 - Sol_LPII_Sesion04_MV_GIT] INFO  o.eclipse.m2e.core.internal.Bundles - 	Entry: C:\Eclipse\EclipseJEE\plugins\org.eclipse.m2e.maven.runtime_3.9.900.20240824-1409\jars\plexus-classworlds-2.8.0.jar
2026-01-21 12:13:16,446 [Worker-12: Launching Executing clean in D__ARCHIVOS_INSTITUTO CIBERTEC CLASES_LENGUAJE DE PROGRAMACI脫N II_CLASES LPII_SESI脫N 04 LPII_LPII_Sesi贸n_04 - Sol_LPII_Sesion04_MV_GIT] INFO  o.eclipse.m2e.core.internal.Bundles - 	Entry: C:\Eclipse\EclipseJEE\plugins\org.eclipse.m2e.maven.runtime_3.9.900.20240824-1409\jars\plexus-component-annotations-2.1.0.jar
2026-01-21 12:13:16,446 [Worker-12: Launching Executing clean in D__ARCHIVOS_INSTITUTO CIBERTEC CLASES_LENGUAJE DE PROGRAMACI脫N II_CLASES LPII_SESI脫N 04 LPII_LPII_Sesi贸n_04 - Sol_LPII_Sesion04_MV_GIT] INFO  o.eclipse.m2e.core.internal.Bundles - 	Entry: C:\Eclipse\EclipseJEE\plugins\org.eclipse.m2e.maven.runtime_3.9.900.20240824-1409\jars\plexus-interpolation-1.27.jar
2026-01-21 12:13:16,446 [Worker-12: Launching Executing clean in D__ARCHIVOS_INSTITUTO CIBERTEC CLASES_LENGUAJE DE PROGRAMACI脫N II_CLASES LPII_SESI脫N 04 LPII_LPII_Sesi贸n_04 - Sol_LPII_Sesion04_MV_GIT] INFO  o.eclipse.m2e.core.internal.Bundles - 	Entry: C:\Eclipse\EclipseJEE\plugins\org.eclipse.m2e.maven.runtime_3.9.900.20240824-1409\jars\plexus-sec-dispatcher-2.0.jar
2026-01-21 12:13:16,446 [Worker-12: Launching Executing clean in D__ARCHIVOS_INSTITUTO CIBERTEC CLASES_LENGUAJE DE PROGRAMACI脫N II_CLASES LPII_SESI脫N 04 LPII_LPII_Sesi贸n_04 - Sol_LPII_Sesion04_MV_GIT] INFO  o.eclipse.m2e.core.internal.Bundles - 	Entry: C:\Eclipse\EclipseJEE\plugins\org.eclipse.m2e.maven.runtime_3.9.900.20240824-1409\jars\plexus-utils-3.5.1.jar
2026-01-21 12:13:16,446 [Worker-12: Launching Executing clean in D__ARCHIVOS_INSTITUTO CIBERTEC CLASES_LENGUAJE DE PROGRAMACI脫N II_CLASES LPII_SESI脫N 04 LPII_LPII_Sesi贸n_04 - Sol_LPII_Sesion04_MV_GIT] INFO  o.eclipse.m2e.core.internal.Bundles - 	Entry: C:\Eclipse\EclipseJEE\plugins\org.eclipse.m2e.maven.runtime_3.9.900.20240824-1409\jars\plexus-xml-3.0.1.jar
2026-01-21 12:13:16,446 [Worker-12: Launching Executing clean in D__ARCHIVOS_INSTITUTO CIBERTEC CLASES_LENGUAJE DE PROGRAMACI脫N II_CLASES LPII_SESI脫N 04 LPII_LPII_Sesi贸n_04 - Sol_LPII_Sesion04_MV_GIT] INFO  o.eclipse.m2e.core.internal.Bundles - 	Entry: C:\Eclipse\EclipseJEE\plugins\org.eclipse.m2e.maven.runtime_3.9.900.20240824-1409\jars\wagon-file-3.5.3.jar
2026-01-21 12:13:16,446 [Worker-12: Launching Executing clean in D__ARCHIVOS_INSTITUTO CIBERTEC CLASES_LENGUAJE DE PROGRAMACI脫N II_CLASES LPII_SESI脫N 04 LPII_LPII_Sesi贸n_04 - Sol_LPII_Sesion04_MV_GIT] INFO  o.eclipse.m2e.core.internal.Bundles - 	Entry: C:\Eclipse\EclipseJEE\plugins\org.eclipse.m2e.maven.runtime_3.9.900.20240824-1409\jars\wagon-http-3.5.3.jar
2026-01-21 12:13:16,446 [Worker-12: Launching Executing clean in D__ARCHIVOS_INSTITUTO CIBERTEC CLASES_LENGUAJE DE PROGRAMACI脫N II_CLASES LPII_SESI脫N 04 LPII_LPII_Sesi贸n_04 - Sol_LPII_Sesion04_MV_GIT] INFO  o.eclipse.m2e.core.internal.Bundles - 	Entry: C:\Eclipse\EclipseJEE\plugins\org.eclipse.m2e.maven.runtime_3.9.900.20240824-1409\jars\wagon-http-shared-3.5.3.jar
2026-01-21 12:13:16,447 [Worker-12: Launching Executing clean in D__ARCHIVOS_INSTITUTO CIBERTEC CLASES_LENGUAJE DE PROGRAMACI脫N II_CLASES LPII_SESI脫N 04 LPII_LPII_Sesi贸n_04 - Sol_LPII_Sesion04_MV_GIT] INFO  o.eclipse.m2e.core.internal.Bundles - 	Entry: C:\Eclipse\EclipseJEE\plugins\org.eclipse.m2e.maven.runtime_3.9.900.20240824-1409\jars\wagon-provider-api-3.5.3.jar
2026-01-21 12:13:16,447 [Worker-12: Launching Executing clean in D__ARCHIVOS_INSTITUTO CIBERTEC CLASES_LENGUAJE DE PROGRAMACI脫N II_CLASES LPII_SESI脫N 04 LPII_LPII_Sesi贸n_04 - Sol_LPII_Sesion04_MV_GIT] INFO  o.eclipse.m2e.core.internal.Bundles - getClasspathEntries(Bundle=com.google.guava_33.3.1.jre [16])
2026-01-21 12:13:16,447 [Worker-12: Launching Executing clean in D__ARCHIVOS_INSTITUTO CIBERTEC CLASES_LENGUAJE DE PROGRAMACI脫N II_CLASES LPII_SESI脫N 04 LPII_LPII_Sesi贸n_04 - Sol_LPII_Sesion04_MV_GIT] INFO  o.eclipse.m2e.core.internal.Bundles - 	Entry: C:\Eclipse\EclipseJEE\plugins\com.google.guava_33.3.1.jre.jar
2026-01-21 12:13:16,447 [Worker-12: Launching Executing clean in D__ARCHIVOS_INSTITUTO CIBERTEC CLASES_LENGUAJE DE PROGRAMACI脫N II_CLASES LPII_SESI脫N 04 LPII_LPII_Sesi贸n_04 - Sol_LPII_Sesion04_MV_GIT] INFO  o.eclipse.m2e.core.internal.Bundles - getClasspathEntries(Bundle=slf4j.api_2.0.16 [1008])
2026-01-21 12:13:16,448 [Worker-12: Launching Executing clean in D__ARCHIVOS_INSTITUTO CIBERTEC CLASES_LENGUAJE DE PROGRAMACI脫N II_CLASES LPII_SESI脫N 04 LPII_LPII_Sesi贸n_04 - Sol_LPII_Sesion04_MV_GIT] INFO  o.eclipse.m2e.core.internal.Bundles - 	Entry: C:\Eclipse\EclipseJEE\plugins\slf4j.api_2.0.16.jar
2026-01-21 12:13:16,448 [Worker-12: Launching Executing clean in D__ARCHIVOS_INSTITUTO CIBERTEC CLASES_LENGUAJE DE PROGRAMACI脫N II_CLASES LPII_SESI脫N 04 LPII_LPII_Sesi贸n_04 - Sol_LPII_Sesion04_MV_GIT] INFO  o.eclipse.m2e.core.internal.Bundles - getClasspathEntries(Bundle=jakarta.inject.jakarta.inject-api_1.0.5 [34])
2026-01-21 12:13:16,448 [Worker-12: Launching Executing clean in D__ARCHIVOS_INSTITUTO CIBERTEC CLASES_LENGUAJE DE PROGRAMACI脫N II_CLASES LPII_SESI脫N 04 LPII_LPII_Sesi贸n_04 - Sol_LPII_Sesion04_MV_GIT] INFO  o.eclipse.m2e.core.internal.Bundles - 	Entry: C:\Eclipse\EclipseJEE\plugins\jakarta.inject.jakarta.inject-api_1.0.5.jar
2026-01-21 12:13:16,448 [Worker-12: Launching Executing clean in D__ARCHIVOS_INSTITUTO CIBERTEC CLASES_LENGUAJE DE PROGRAMACI脫N II_CLASES LPII_SESI脫N 04 LPII_LPII_Sesi贸n_04 - Sol_LPII_Sesion04_MV_GIT] INFO  o.eclipse.m2e.core.internal.Bundles - getClasspathEntries(Bundle=jakarta.annotation-api_1.3.5 [29])
2026-01-21 12:13:16,448 [Worker-12: Launching Executing clean in D__ARCHIVOS_INSTITUTO CIBERTEC CLASES_LENGUAJE DE PROGRAMACI脫N II_CLASES LPII_SESI脫N 04 LPII_LPII_Sesi贸n_04 - Sol_LPII_Sesion04_MV_GIT] INFO  o.eclipse.m2e.core.internal.Bundles - 	Entry: C:\Eclipse\EclipseJEE\plugins\jakarta.annotation-api_1.3.5.jar
2026-01-21 12:13:16,448 [Worker-12: Launching Executing clean in D__ARCHIVOS_INSTITUTO CIBERTEC CLASES_LENGUAJE DE PROGRAMACI脫N II_CLASES LPII_SESI脫N 04 LPII_LPII_Sesi贸n_04 - Sol_LPII_Sesion04_MV_GIT] INFO  o.eclipse.m2e.core.internal.Bundles - getClasspathEntries(Bundle=org.apache.commons.cli_1.9.0 [75])
2026-01-21 12:13:16,448 [Worker-12: Launching Executing clean in D__ARCHIVOS_INSTITUTO CIBERTEC CLASES_LENGUAJE DE PROGRAMACI脫N II_CLASES LPII_SESI脫N 04 LPII_LPII_Sesi贸n_04 - Sol_LPII_Sesion04_MV_GIT] INFO  o.eclipse.m2e.core.internal.Bundles - 	Entry: C:\Eclipse\EclipseJEE\plugins\org.apache.commons.cli_1.9.0.jar
2026-01-21 12:13:16,448 [Worker-12: Launching Executing clean in D__ARCHIVOS_INSTITUTO CIBERTEC CLASES_LENGUAJE DE PROGRAMACI脫N II_CLASES LPII_SESI脫N 04 LPII_LPII_Sesi贸n_04 - Sol_LPII_Sesion04_MV_GIT] INFO  o.eclipse.m2e.core.internal.Bundles - getClasspathEntries(Bundle=org.apache.commons.commons-codec_1.16.0 [78])
2026-01-21 12:13:16,448 [Worker-12: Launching Executing clean in D__ARCHIVOS_INSTITUTO CIBERTEC CLASES_LENGUAJE DE PROGRAMACI脫N II_CLASES LPII_SESI脫N 04 LPII_LPII_Sesi贸n_04 - Sol_LPII_Sesion04_MV_GIT] INFO  o.eclipse.m2e.core.internal.Bundles - 	Entry: C:\Eclipse\EclipseJEE\plugins\org.apache.commons.commons-codec_1.16.0.jar
2026-01-21 12:13:16,448 [Worker-12: Launching Executing clean in D__ARCHIVOS_INSTITUTO CIBERTEC CLASES_LENGUAJE DE PROGRAMACI脫N II_CLASES LPII_SESI脫N 04 LPII_LPII_Sesi贸n_04 - Sol_LPII_Sesion04_MV_GIT] INFO  o.eclipse.m2e.core.internal.Bundles - getClasspathEntries(Bundle=com.google.guava.failureaccess_1.0.2 [17])
2026-01-21 12:13:16,448 [Worker-12: Launching Executing clean in D__ARCHIVOS_INSTITUTO CIBERTEC CLASES_LENGUAJE DE PROGRAMACI脫N II_CLASES LPII_SESI脫N 04 LPII_LPII_Sesi贸n_04 - Sol_LPII_Sesion04_MV_GIT] INFO  o.eclipse.m2e.core.internal.Bundles - 	Entry: C:\Eclipse\EclipseJEE\plugins\com.google.guava.failureaccess_1.0.2.jar
2026-01-21 12:13:16,452 [Worker-12: Launching Executing clean in D__ARCHIVOS_INSTITUTO CIBERTEC CLASES_LENGUAJE DE PROGRAMACI脫N II_CLASES LPII_SESI脫N 04 LPII_LPII_Sesi贸n_04 - Sol_LPII_Sesion04_MV_GIT] INFO  o.e.m.i.launch.MavenLaunchDelegate - Run build in "D:\ARCHIVOS\INSTITUTO CIBERTEC CLASES\LENGUAJE DE PROGRAMACI脫N II\CLASES LPII\SESI脫N 04 LPII\LPII_Sesi贸n_04 - Sol\LPII_Sesion04_MV_GIT":
2026-01-21 12:13:16,454 [Worker-12: Launching Executing clean in D__ARCHIVOS_INSTITUTO CIBERTEC CLASES_LENGUAJE DE PROGRAMACI脫N II_CLASES LPII_SESI脫N 04 LPII_LPII_Sesi贸n_04 - Sol_LPII_Sesion04_MV_GIT] INFO  o.e.m.i.launch.MavenLaunchDelegate -  mvn  -B -Dstyle.color=always clean
2026-01-21 12:13:28,528 [Worker-31: Updating Maven Project] INFO  o.e.m.c.i.p.ProjectConfigurationManager - Update started
2026-01-21 12:13:28,701 [Worker-31: Updating Maven Project] INFO  o.e.m.c.i.l.LifecycleMappingFactory - Using org.eclipse.m2e.jdt.JarLifecycleMapping lifecycle mapping for MavenProject: org.cibertec:LPII_Sesion04_MV_GIT:0.0.1-SNAPSHOT @ D:\ARCHIVOS\INSTITUTO CIBERTEC CLASES\LENGUAJE DE PROGRAMACI脫N II\CLASES LPII\SESI脫N 04 LPII\LPII_Sesi贸n_04 - Sol\LPII_Sesion04_MV_GIT\pom.xml.
2026-01-21 12:13:29,087 [Worker-31: Updating Maven Project] INFO  o.e.m.j.i.AbstractJavaProjectConfigurator - Adding source folder /LPII_Sesion04_MV_GIT/src/main/java
2026-01-21 12:13:29,089 [Worker-31: Updating Maven Project] INFO  o.e.m.j.i.AbstractJavaProjectConfigurator - Adding resource folder /LPII_Sesion04_MV_GIT/src/main/resources
2026-01-21 12:13:29,089 [Worker-31: Updating Maven Project] INFO  o.e.m.j.i.AbstractJavaProjectConfigurator - Adding source folder /LPII_Sesion04_MV_GIT/src/test/java
2026-01-21 12:13:29,090 [Worker-31: Updating Maven Project] INFO  o.e.m.j.i.AbstractJavaProjectConfigurator - Adding resource folder /LPII_Sesion04_MV_GIT/src/test/resources
2026-01-21 12:13:29,370 [Worker-31: Updating Maven Project] INFO  o.e.m.c.i.p.ProjectConfigurationManager - Update completed for 1 poms: local refresh takes 0.00 sec, refresh facades takes 0.00 sec, update config takes 0.00 sec 
2026-01-21 12:13:29,888 [Worker-0: Building] INFO  o.a.m.s.f.DefaultMavenResourcesFiltering - Copying 1 resource from src\main\resources to target\classes
2026-01-21 12:13:29,895 [Worker-0: Building] INFO  o.a.m.s.f.DefaultMavenResourcesFiltering - skip non existing resourceDirectory D:\ARCHIVOS\INSTITUTO CIBERTEC CLASES\LENGUAJE DE PROGRAMACI脫N II\CLASES LPII\SESI脫N 04 LPII\LPII_Sesi贸n_04 - Sol\LPII_Sesion04_MV_GIT\src\test\resources
2026-01-21 12:36:11,146 [Worker-56: Building] INFO  o.a.m.s.f.DefaultMavenResourcesFiltering - Copying 1 resource from src\main\resources to target\classes
2026-01-21 12:36:11,147 [Worker-56: Building] INFO  o.a.m.s.f.DefaultMavenResourcesFiltering - skip non existing resourceDirectory D:\ARCHIVOS\INSTITUTO CIBERTEC CLASES\LENGUAJE DE PROGRAMACI脫N II\CLASES LPII\SESI脫N 04 LPII\LPII_Sesi贸n_04 - Sol\LPII_Sesion04_MV_GIT\src\test\resources
2026-01-21 12:36:17,991 [Worker-55: Building] INFO  o.a.m.s.f.DefaultMavenResourcesFiltering - Copying 1 resource from src\main\resources to target\classes
2026-01-21 12:36:17,992 [Worker-55: Building] INFO  o.a.m.s.f.DefaultMavenResourcesFiltering - skip non existing resourceDirectory D:\ARCHIVOS\INSTITUTO CIBERTEC CLASES\LENGUAJE DE PROGRAMACI脫N II\CLASES LPII\SESI脫N 04 LPII\LPII_Sesi贸n_04 - Sol\LPII_Sesion04_MV_GIT\src\test\resources
2026-01-21 12:45:31,285 [Worker-57: Building] INFO  o.a.m.s.f.DefaultMavenResourcesFiltering - Copying 1 resource from src\main\resources to target\classes
2026-01-21 12:45:31,384 [Worker-57: Building] INFO  o.a.m.s.f.DefaultMavenResourcesFiltering - skip non existing resourceDirectory D:\ARCHIVOS\INSTITUTO CIBERTEC CLASES\LENGUAJE DE PROGRAMACI脫N II\CLASES LPII\SESI脫N 04 LPII\LPII_Sesi贸n_04 - Sol\LPII_Sesion04_MV_GIT\src\test\resources
2026-01-21 13:39:23,944 [Worker-66: Building] INFO  o.a.m.s.f.DefaultMavenResourcesFiltering - Copying 1 resource from src\main\resources to target\classes
2026-01-21 13:39:24,048 [Worker-66: Building] INFO  o.a.m.s.f.DefaultMavenResourcesFiltering - skip non existing resourceDirectory D:\ARCHIVOS\INSTITUTO CIBERTEC CLASES\LENGUAJE DE PROGRAMACI脫N II\CLASES LPII\SESI脫N 04 LPII\LPII_Sesi贸n_04 - Sol\LPII_Sesion04_MV_GIT\src\test\resources
2026-01-21 13:47:22,990 [Worker-70: Building] INFO  o.a.m.s.f.DefaultMavenResourcesFiltering - Copying 1 resource from src\main\resources to target\classes
2026-01-21 13:47:22,991 [Worker-70: Building] INFO  o.a.m.s.f.DefaultMavenResourcesFiltering - skip non existing resourceDirectory D:\ARCHIVOS\INSTITUTO CIBERTEC CLASES\LENGUAJE DE PROGRAMACI脫N II\CLASES LPII\SESI脫N 04 LPII\LPII_Sesi贸n_04 - Sol\LPII_Sesion04_MV_GIT\src\test\resources
2026-01-21 13:47:47,902 [Worker-73: Building] INFO  o.a.m.s.f.DefaultMavenResourcesFiltering - Copying 1 resource from src\main\resources to target\classes
2026-01-21 13:47:47,903 [Worker-73: Building] INFO  o.a.m.s.f.DefaultMavenResourcesFiltering - skip non existing resourceDirectory D:\ARCHIVOS\INSTITUTO CIBERTEC CLASES\LENGUAJE DE PROGRAMACI脫N II\CLASES LPII\SESI脫N 04 LPII\LPII_Sesi贸n_04 - Sol\LPII_Sesion04_MV_GIT\src\test\resources
2026-01-21 13:51:52,845 [Burningwave - Resource releaser] INFO  o.b.c.a.StaticComponentContainer - (StaticComponentContainer.java:391) - ... Waiting for all tasks ending
2026-01-21 13:51:52,845 [Burningwave - Resource releaser] INFO  o.b.c.a.StaticComponentContainer - (StaticComponentContainer.java:397) - Closing all component containers
2026-01-21 13:51:52,846 [Burningwave - Resource releaser] INFO  o.b.c.a.StaticComponentContainer - (StaticComponentContainer.java:403) - Closing FileSystemHelper
2026-01-21 13:51:52,846 [Burningwave - Resource releaser] INFO  o.b.c.a.StaticComponentContainer - (StaticComponentContainer.java:409) - ... Waiting for all tasks ending before shutting down the BackgroundExecutor
2026-01-21 13:51:52,847 [Burningwave - Resource releaser] INFO  o.b.c.a.StaticComponentContainer - (StaticComponentContainer.java:414) - Shutting down BackgroundExecutor
2026-01-21 13:51:52,847 [Burningwave - Resource releaser] INFO  o.b.c.a.StaticComponentContainer - (StaticComponentContainer.java:420) - Stopping all threads monitoring thread
2026-01-21 13:51:52,847 [Burningwave - Resource releaser] INFO  o.b.c.a.StaticComponentContainer - (StaticComponentContainer.java:425) - Closing ThreadHolder
2026-01-21 13:51:52,848 [Burningwave - Resource releaser] INFO  o.b.c.a.StaticComponentContainer - (StaticComponentContainer.java:430) - Shutting down ThreadSupplier
2026-01-22 13:31:26,846 [Worker-4: Loading available Gradle versions] INFO  o.e.b.c.i.u.g.PublishedGradleVersions - Gradle version information cache is out-of-date. Trying to update.
2026-01-22 13:32:02,894 [Worker-1: Launching Executing clean in F__ARCHIVOS_INSTITUTO CIBERTEC CLASES_LENGUAJE DE PROGRAMACI脫N II_CLASES LPII_SESI脫N 04 LPII_LPII_Sesi贸n_04 - Sol_LPII_Sesion04_MV_GIT] INFO  o.eclipse.m2e.core.internal.Bundles - getClasspathEntries(Bundle=org.eclipse.m2e.maven.runtime_3.9.900.20240824-1409 [641])
2026-01-22 13:32:02,897 [Worker-1: Launching Executing clean in F__ARCHIVOS_INSTITUTO CIBERTEC CLASES_LENGUAJE DE PROGRAMACI脫N II_CLASES LPII_SESI脫N 04 LPII_LPII_Sesi贸n_04 - Sol_LPII_Sesion04_MV_GIT] INFO  o.eclipse.m2e.core.internal.Bundles - 	Entry: C:\EclipseJEE\plugins\org.eclipse.m2e.maven.runtime_3.9.900.20240824-1409
2026-01-22 13:32:02,897 [Worker-1: Launching Executing clean in F__ARCHIVOS_INSTITUTO CIBERTEC CLASES_LENGUAJE DE PROGRAMACI脫N II_CLASES LPII_SESI脫N 04 LPII_LPII_Sesi贸n_04 - Sol_LPII_Sesion04_MV_GIT] INFO  o.eclipse.m2e.core.internal.Bundles - 	Entry: C:\EclipseJEE\plugins\org.eclipse.m2e.maven.runtime_3.9.900.20240824-1409\jars\aopalliance-1.0.jar
2026-01-22 13:32:02,897 [Worker-1: Launching Executing clean in F__ARCHIVOS_INSTITUTO CIBERTEC CLASES_LENGUAJE DE PROGRAMACI脫N II_CLASES LPII_SESI脫N 04 LPII_LPII_Sesi贸n_04 - Sol_LPII_Sesion04_MV_GIT] INFO  o.eclipse.m2e.core.internal.Bundles - 	Entry: C:\EclipseJEE\plugins\org.eclipse.m2e.maven.runtime_3.9.900.20240824-1409\jars\guice-5.1.0.jar
2026-01-22 13:32:02,897 [Worker-1: Launching Executing clean in F__ARCHIVOS_INSTITUTO CIBERTEC CLASES_LENGUAJE DE PROGRAMACI脫N II_CLASES LPII_SESI脫N 04 LPII_LPII_Sesi贸n_04 - Sol_LPII_Sesion04_MV_GIT] INFO  o.eclipse.m2e.core.internal.Bundles - 	Entry: C:\EclipseJEE\plugins\org.eclipse.m2e.maven.runtime_3.9.900.20240824-1409\jars\httpclient-4.5.14.jar
2026-01-22 13:32:02,898 [Worker-1: Launching Executing clean in F__ARCHIVOS_INSTITUTO CIBERTEC CLASES_LENGUAJE DE PROGRAMACI脫N II_CLASES LPII_SESI脫N 04 LPII_LPII_Sesi贸n_04 - Sol_LPII_Sesion04_MV_GIT] INFO  o.eclipse.m2e.core.internal.Bundles - 	Entry: C:\EclipseJEE\plugins\org.eclipse.m2e.maven.runtime_3.9.900.20240824-1409\jars\httpcore-4.4.16.jar
2026-01-22 13:32:02,898 [Worker-1: Launching Executing clean in F__ARCHIVOS_INSTITUTO CIBERTEC CLASES_LENGUAJE DE PROGRAMACI脫N II_CLASES LPII_SESI脫N 04 LPII_LPII_Sesi贸n_04 - Sol_LPII_Sesion04_MV_GIT] INFO  o.eclipse.m2e.core.internal.Bundles - 	Entry: C:\EclipseJEE\plugins\org.eclipse.m2e.maven.runtime_3.9.900.20240824-1409\jars\jansi-2.4.1.jar
2026-01-22 13:32:02,899 [Worker-1: Launching Executing clean in F__ARCHIVOS_INSTITUTO CIBERTEC CLASES_LENGUAJE DE PROGRAMACI脫N II_CLASES LPII_SESI脫N 04 LPII_LPII_Sesi贸n_04 - Sol_LPII_Sesion04_MV_GIT] INFO  o.eclipse.m2e.core.internal.Bundles - 	Entry: C:\EclipseJEE\plugins\org.eclipse.m2e.maven.runtime_3.9.900.20240824-1409\jars\jcl-over-slf4j-1.7.36.jar
2026-01-22 13:32:02,899 [Worker-1: Launching Executing clean in F__ARCHIVOS_INSTITUTO CIBERTEC CLASES_LENGUAJE DE PROGRAMACI脫N II_CLASES LPII_SESI脫N 04 LPII_LPII_Sesi贸n_04 - Sol_LPII_Sesion04_MV_GIT] INFO  o.eclipse.m2e.core.internal.Bundles - 	Entry: C:\EclipseJEE\plugins\org.eclipse.m2e.maven.runtime_3.9.900.20240824-1409\jars\maven-artifact-3.9.9.jar
2026-01-22 13:32:02,899 [Worker-1: Launching Executing clean in F__ARCHIVOS_INSTITUTO CIBERTEC CLASES_LENGUAJE DE PROGRAMACI脫N II_CLASES LPII_SESI脫N 04 LPII_LPII_Sesi贸n_04 - Sol_LPII_Sesion04_MV_GIT] INFO  o.eclipse.m2e.core.internal.Bundles - 	Entry: C:\EclipseJEE\plugins\org.eclipse.m2e.maven.runtime_3.9.900.20240824-1409\jars\maven-builder-support-3.9.9.jar
2026-01-22 13:32:02,899 [Worker-1: Launching Executing clean in F__ARCHIVOS_INSTITUTO CIBERTEC CLASES_LENGUAJE DE PROGRAMACI脫N II_CLASES LPII_SESI脫N 04 LPII_LPII_Sesi贸n_04 - Sol_LPII_Sesion04_MV_GIT] INFO  o.eclipse.m2e.core.internal.Bundles - 	Entry: C:\EclipseJEE\plugins\org.eclipse.m2e.maven.runtime_3.9.900.20240824-1409\jars\maven-compat-3.9.9.jar
2026-01-22 13:32:02,900 [Worker-1: Launching Executing clean in F__ARCHIVOS_INSTITUTO CIBERTEC CLASES_LENGUAJE DE PROGRAMACI脫N II_CLASES LPII_SESI脫N 04 LPII_LPII_Sesi贸n_04 - Sol_LPII_Sesion04_MV_GIT] INFO  o.eclipse.m2e.core.internal.Bundles - 	Entry: C:\EclipseJEE\plugins\org.eclipse.m2e.maven.runtime_3.9.900.20240824-1409\jars\maven-core-3.9.9.jar
2026-01-22 13:32:02,900 [Worker-1: Launching Executing clean in F__ARCHIVOS_INSTITUTO CIBERTEC CLASES_LENGUAJE DE PROGRAMACI脫N II_CLASES LPII_SESI脫N 04 LPII_LPII_Sesi贸n_04 - Sol_LPII_Sesion04_MV_GIT] INFO  o.eclipse.m2e.core.internal.Bundles - 	Entry: C:\EclipseJEE\plugins\org.eclipse.m2e.maven.runtime_3.9.900.20240824-1409\jars\maven-embedder-3.9.9.jar
2026-01-22 13:32:02,900 [Worker-1: Launching Executing clean in F__ARCHIVOS_INSTITUTO CIBERTEC CLASES_LENGUAJE DE PROGRAMACI脫N II_CLASES LPII_SESI脫N 04 LPII_LPII_Sesi贸n_04 - Sol_LPII_Sesion04_MV_GIT] INFO  o.eclipse.m2e.core.internal.Bundles - 	Entry: C:\EclipseJEE\plugins\org.eclipse.m2e.maven.runtime_3.9.900.20240824-1409\jars\maven-model-3.9.9.jar
2026-01-22 13:32:02,900 [Worker-1: Launching Executing clean in F__ARCHIVOS_INSTITUTO CIBERTEC CLASES_LENGUAJE DE PROGRAMACI脫N II_CLASES LPII_SESI脫N 04 LPII_LPII_Sesi贸n_04 - Sol_LPII_Sesion04_MV_GIT] INFO  o.eclipse.m2e.core.internal.Bundles - 	Entry: C:\EclipseJEE\plugins\org.eclipse.m2e.maven.runtime_3.9.900.20240824-1409\jars\maven-model-builder-3.9.9.jar
2026-01-22 13:32:02,900 [Worker-1: Launching Executing clean in F__ARCHIVOS_INSTITUTO CIBERTEC CLASES_LENGUAJE DE PROGRAMACI脫N II_CLASES LPII_SESI脫N 04 LPII_LPII_Sesi贸n_04 - Sol_LPII_Sesion04_MV_GIT] INFO  o.eclipse.m2e.core.internal.Bundles - 	Entry: C:\EclipseJEE\plugins\org.eclipse.m2e.maven.runtime_3.9.900.20240824-1409\jars\maven-plugin-api-3.9.9.jar
2026-01-22 13:32:02,900 [Worker-1: Launching Executing clean in F__ARCHIVOS_INSTITUTO CIBERTEC CLASES_LENGUAJE DE PROGRAMACI脫N II_CLASES LPII_SESI脫N 04 LPII_LPII_Sesi贸n_04 - Sol_LPII_Sesion04_MV_GIT] INFO  o.eclipse.m2e.core.internal.Bundles - 	Entry: C:\EclipseJEE\plugins\org.eclipse.m2e.maven.runtime_3.9.900.20240824-1409\jars\maven-repository-metadata-3.9.9.jar
2026-01-22 13:32:02,900 [Worker-1: Launching Executing clean in F__ARCHIVOS_INSTITUTO CIBERTEC CLASES_LENGUAJE DE PROGRAMACI脫N II_CLASES LPII_SESI脫N 04 LPII_LPII_Sesi贸n_04 - Sol_LPII_Sesion04_MV_GIT] INFO  o.eclipse.m2e.core.internal.Bundles - 	Entry: C:\EclipseJEE\plugins\org.eclipse.m2e.maven.runtime_3.9.900.20240824-1409\jars\maven-resolver-api-1.9.22.jar
2026-01-22 13:32:02,901 [Worker-1: Launching Executing clean in F__ARCHIVOS_INSTITUTO CIBERTEC CLASES_LENGUAJE DE PROGRAMACI脫N II_CLASES LPII_SESI脫N 04 LPII_LPII_Sesi贸n_04 - Sol_LPII_Sesion04_MV_GIT] INFO  o.eclipse.m2e.core.internal.Bundles - 	Entry: C:\EclipseJEE\plugins\org.eclipse.m2e.maven.runtime_3.9.900.20240824-1409\jars\maven-resolver-connector-basic-1.9.22.jar
2026-01-22 13:32:02,901 [Worker-1: Launching Executing clean in F__ARCHIVOS_INSTITUTO CIBERTEC CLASES_LENGUAJE DE PROGRAMACI脫N II_CLASES LPII_SESI脫N 04 LPII_LPII_Sesi贸n_04 - Sol_LPII_Sesion04_MV_GIT] INFO  o.eclipse.m2e.core.internal.Bundles - 	Entry: C:\EclipseJEE\plugins\org.eclipse.m2e.maven.runtime_3.9.900.20240824-1409\jars\maven-resolver-impl-1.9.22.jar
2026-01-22 13:32:02,901 [Worker-1: Launching Executing clean in F__ARCHIVOS_INSTITUTO CIBERTEC CLASES_LENGUAJE DE PROGRAMACI脫N II_CLASES LPII_SESI脫N 04 LPII_LPII_Sesi贸n_04 - Sol_LPII_Sesion04_MV_GIT] INFO  o.eclipse.m2e.core.internal.Bundles - 	Entry: C:\EclipseJEE\plugins\org.eclipse.m2e.maven.runtime_3.9.900.20240824-1409\jars\maven-resolver-named-locks-1.9.22.jar
2026-01-22 13:32:02,901 [Worker-1: Launching Executing clean in F__ARCHIVOS_INSTITUTO CIBERTEC CLASES_LENGUAJE DE PROGRAMACI脫N II_CLASES LPII_SESI脫N 04 LPII_LPII_Sesi贸n_04 - Sol_LPII_Sesion04_MV_GIT] INFO  o.eclipse.m2e.core.internal.Bundles - 	Entry: C:\EclipseJEE\plugins\org.eclipse.m2e.maven.runtime_3.9.900.20240824-1409\jars\maven-resolver-provider-3.9.9.jar
2026-01-22 13:32:02,901 [Worker-1: Launching Executing clean in F__ARCHIVOS_INSTITUTO CIBERTEC CLASES_LENGUAJE DE PROGRAMACI脫N II_CLASES LPII_SESI脫N 04 LPII_LPII_Sesi贸n_04 - Sol_LPII_Sesion04_MV_GIT] INFO  o.eclipse.m2e.core.internal.Bundles - 	Entry: C:\EclipseJEE\plugins\org.eclipse.m2e.maven.runtime_3.9.900.20240824-1409\jars\maven-resolver-spi-1.9.22.jar
2026-01-22 13:32:02,901 [Worker-1: Launching Executing clean in F__ARCHIVOS_INSTITUTO CIBERTEC CLASES_LENGUAJE DE PROGRAMACI脫N II_CLASES LPII_SESI脫N 04 LPII_LPII_Sesi贸n_04 - Sol_LPII_Sesion04_MV_GIT] INFO  o.eclipse.m2e.core.internal.Bundles - 	Entry: C:\EclipseJEE\plugins\org.eclipse.m2e.maven.runtime_3.9.900.20240824-1409\jars\maven-resolver-transport-file-1.9.22.jar
2026-01-22 13:32:02,901 [Worker-1: Launching Executing clean in F__ARCHIVOS_INSTITUTO CIBERTEC CLASES_LENGUAJE DE PROGRAMACI脫N II_CLASES LPII_SESI脫N 04 LPII_LPII_Sesi贸n_04 - Sol_LPII_Sesion04_MV_GIT] INFO  o.eclipse.m2e.core.internal.Bundles - 	Entry: C:\EclipseJEE\plugins\org.eclipse.m2e.maven.runtime_3.9.900.20240824-1409\jars\maven-resolver-transport-http-1.9.22.jar
2026-01-22 13:32:02,902 [Worker-1: Launching Executing clean in F__ARCHIVOS_INSTITUTO CIBERTEC CLASES_LENGUAJE DE PROGRAMACI脫N II_CLASES LPII_SESI脫N 04 LPII_LPII_Sesi贸n_04 - Sol_LPII_Sesion04_MV_GIT] INFO  o.eclipse.m2e.core.internal.Bundles - 	Entry: C:\EclipseJEE\plugins\org.eclipse.m2e.maven.runtime_3.9.900.20240824-1409\jars\maven-resolver-transport-wagon-1.9.22.jar
2026-01-22 13:32:02,902 [Worker-1: Launching Executing clean in F__ARCHIVOS_INSTITUTO CIBERTEC CLASES_LENGUAJE DE PROGRAMACI脫N II_CLASES LPII_SESI脫N 04 LPII_LPII_Sesi贸n_04 - Sol_LPII_Sesion04_MV_GIT] INFO  o.eclipse.m2e.core.internal.Bundles - 	Entry: C:\EclipseJEE\plugins\org.eclipse.m2e.maven.runtime_3.9.900.20240824-1409\jars\maven-resolver-util-1.9.22.jar
2026-01-22 13:32:02,902 [Worker-1: Launching Executing clean in F__ARCHIVOS_INSTITUTO CIBERTEC CLASES_LENGUAJE DE PROGRAMACI脫N II_CLASES LPII_SESI脫N 04 LPII_LPII_Sesi贸n_04 - Sol_LPII_Sesion04_MV_GIT] INFO  o.eclipse.m2e.core.internal.Bundles - 	Entry: C:\EclipseJEE\plugins\org.eclipse.m2e.maven.runtime_3.9.900.20240824-1409\jars\maven-settings-3.9.9.jar
2026-01-22 13:32:02,902 [Worker-1: Launching Executing clean in F__ARCHIVOS_INSTITUTO CIBERTEC CLASES_LENGUAJE DE PROGRAMACI脫N II_CLASES LPII_SESI脫N 04 LPII_LPII_Sesi贸n_04 - Sol_LPII_Sesion04_MV_GIT] INFO  o.eclipse.m2e.core.internal.Bundles - 	Entry: C:\EclipseJEE\plugins\org.eclipse.m2e.maven.runtime_3.9.900.20240824-1409\jars\maven-settings-builder-3.9.9.jar
2026-01-22 13:32:02,902 [Worker-1: Launching Executing clean in F__ARCHIVOS_INSTITUTO CIBERTEC CLASES_LENGUAJE DE PROGRAMACI脫N II_CLASES LPII_SESI脫N 04 LPII_LPII_Sesi贸n_04 - Sol_LPII_Sesion04_MV_GIT] INFO  o.eclipse.m2e.core.internal.Bundles - 	Entry: C:\EclipseJEE\plugins\org.eclipse.m2e.maven.runtime_3.9.900.20240824-1409\jars\maven-shared-utils-3.4.2.jar
2026-01-22 13:32:02,902 [Worker-1: Launching Executing clean in F__ARCHIVOS_INSTITUTO CIBERTEC CLASES_LENGUAJE DE PROGRAMACI脫N II_CLASES LPII_SESI脫N 04 LPII_LPII_Sesi贸n_04 - Sol_LPII_Sesion04_MV_GIT] INFO  o.eclipse.m2e.core.internal.Bundles - 	Entry: C:\EclipseJEE\plugins\org.eclipse.m2e.maven.runtime_3.9.900.20240824-1409\jars\org.eclipse.sisu.inject-0.9.0.M3.jar
2026-01-22 13:32:02,903 [Worker-1: Launching Executing clean in F__ARCHIVOS_INSTITUTO CIBERTEC CLASES_LENGUAJE DE PROGRAMACI脫N II_CLASES LPII_SESI脫N 04 LPII_LPII_Sesi贸n_04 - Sol_LPII_Sesion04_MV_GIT] INFO  o.eclipse.m2e.core.internal.Bundles - 	Entry: C:\EclipseJEE\plugins\org.eclipse.m2e.maven.runtime_3.9.900.20240824-1409\jars\org.eclipse.sisu.plexus-0.9.0.M3.jar
2026-01-22 13:32:02,903 [Worker-1: Launching Executing clean in F__ARCHIVOS_INSTITUTO CIBERTEC CLASES_LENGUAJE DE PROGRAMACI脫N II_CLASES LPII_SESI脫N 04 LPII_LPII_Sesi贸n_04 - Sol_LPII_Sesion04_MV_GIT] INFO  o.eclipse.m2e.core.internal.Bundles - 	Entry: C:\EclipseJEE\plugins\org.eclipse.m2e.maven.runtime_3.9.900.20240824-1409\jars\plexus-build-api-0.0.7.jar
2026-01-22 13:32:02,903 [Worker-1: Launching Executing clean in F__ARCHIVOS_INSTITUTO CIBERTEC CLASES_LENGUAJE DE PROGRAMACI脫N II_CLASES LPII_SESI脫N 04 LPII_LPII_Sesi贸n_04 - Sol_LPII_Sesion04_MV_GIT] INFO  o.eclipse.m2e.core.internal.Bundles - 	Entry: C:\EclipseJEE\plugins\org.eclipse.m2e.maven.runtime_3.9.900.20240824-1409\jars\plexus-build-api-1.2.0.jar
2026-01-22 13:32:02,903 [Worker-1: Launching Executing clean in F__ARCHIVOS_INSTITUTO CIBERTEC CLASES_LENGUAJE DE PROGRAMACI脫N II_CLASES LPII_SESI脫N 04 LPII_LPII_Sesi贸n_04 - Sol_LPII_Sesion04_MV_GIT] INFO  o.eclipse.m2e.core.internal.Bundles - 	Entry: C:\EclipseJEE\plugins\org.eclipse.m2e.maven.runtime_3.9.900.20240824-1409\jars\plexus-cipher-2.0.jar
2026-01-22 13:32:02,903 [Worker-1: Launching Executing clean in F__ARCHIVOS_INSTITUTO CIBERTEC CLASES_LENGUAJE DE PROGRAMACI脫N II_CLASES LPII_SESI脫N 04 LPII_LPII_Sesi贸n_04 - Sol_LPII_Sesion04_MV_GIT] INFO  o.eclipse.m2e.core.internal.Bundles - 	Entry: C:\EclipseJEE\plugins\org.eclipse.m2e.maven.runtime_3.9.900.20240824-1409\jars\plexus-classworlds-2.8.0.jar
2026-01-22 13:32:02,903 [Worker-1: Launching Executing clean in F__ARCHIVOS_INSTITUTO CIBERTEC CLASES_LENGUAJE DE PROGRAMACI脫N II_CLASES LPII_SESI脫N 04 LPII_LPII_Sesi贸n_04 - Sol_LPII_Sesion04_MV_GIT] INFO  o.eclipse.m2e.core.internal.Bundles - 	Entry: C:\EclipseJEE\plugins\org.eclipse.m2e.maven.runtime_3.9.900.20240824-1409\jars\plexus-component-annotations-2.1.0.jar
2026-01-22 13:32:02,903 [Worker-1: Launching Executing clean in F__ARCHIVOS_INSTITUTO CIBERTEC CLASES_LENGUAJE DE PROGRAMACI脫N II_CLASES LPII_SESI脫N 04 LPII_LPII_Sesi贸n_04 - Sol_LPII_Sesion04_MV_GIT] INFO  o.eclipse.m2e.core.internal.Bundles - 	Entry: C:\EclipseJEE\plugins\org.eclipse.m2e.maven.runtime_3.9.900.20240824-1409\jars\plexus-interpolation-1.27.jar
2026-01-22 13:32:02,904 [Worker-1: Launching Executing clean in F__ARCHIVOS_INSTITUTO CIBERTEC CLASES_LENGUAJE DE PROGRAMACI脫N II_CLASES LPII_SESI脫N 04 LPII_LPII_Sesi贸n_04 - Sol_LPII_Sesion04_MV_GIT] INFO  o.eclipse.m2e.core.internal.Bundles - 	Entry: C:\EclipseJEE\plugins\org.eclipse.m2e.maven.runtime_3.9.900.20240824-1409\jars\plexus-sec-dispatcher-2.0.jar
2026-01-22 13:32:02,904 [Worker-1: Launching Executing clean in F__ARCHIVOS_INSTITUTO CIBERTEC CLASES_LENGUAJE DE PROGRAMACI脫N II_CLASES LPII_SESI脫N 04 LPII_LPII_Sesi贸n_04 - Sol_LPII_Sesion04_MV_GIT] INFO  o.eclipse.m2e.core.internal.Bundles - 	Entry: C:\EclipseJEE\plugins\org.eclipse.m2e.maven.runtime_3.9.900.20240824-1409\jars\plexus-utils-3.5.1.jar
2026-01-22 13:32:02,904 [Worker-1: Launching Executing clean in F__ARCHIVOS_INSTITUTO CIBERTEC CLASES_LENGUAJE DE PROGRAMACI脫N II_CLASES LPII_SESI脫N 04 LPII_LPII_Sesi贸n_04 - Sol_LPII_Sesion04_MV_GIT] INFO  o.eclipse.m2e.core.internal.Bundles - 	Entry: C:\EclipseJEE\plugins\org.eclipse.m2e.maven.runtime_3.9.900.20240824-1409\jars\plexus-xml-3.0.1.jar
2026-01-22 13:32:02,904 [Worker-1: Launching Executing clean in F__ARCHIVOS_INSTITUTO CIBERTEC CLASES_LENGUAJE DE PROGRAMACI脫N II_CLASES LPII_SESI脫N 04 LPII_LPII_Sesi贸n_04 - Sol_LPII_Sesion04_MV_GIT] INFO  o.eclipse.m2e.core.internal.Bundles - 	Entry: C:\EclipseJEE\plugins\org.eclipse.m2e.maven.runtime_3.9.900.20240824-1409\jars\wagon-file-3.5.3.jar
2026-01-22 13:32:02,904 [Worker-1: Launching Executing clean in F__ARCHIVOS_INSTITUTO CIBERTEC CLASES_LENGUAJE DE PROGRAMACI脫N II_CLASES LPII_SESI脫N 04 LPII_LPII_Sesi贸n_04 - Sol_LPII_Sesion04_MV_GIT] INFO  o.eclipse.m2e.core.internal.Bundles - 	Entry: C:\EclipseJEE\plugins\org.eclipse.m2e.maven.runtime_3.9.900.20240824-1409\jars\wagon-http-3.5.3.jar
2026-01-22 13:32:02,904 [Worker-1: Launching Executing clean in F__ARCHIVOS_INSTITUTO CIBERTEC CLASES_LENGUAJE DE PROGRAMACI脫N II_CLASES LPII_SESI脫N 04 LPII_LPII_Sesi贸n_04 - Sol_LPII_Sesion04_MV_GIT] INFO  o.eclipse.m2e.core.internal.Bundles - 	Entry: C:\EclipseJEE\plugins\org.eclipse.m2e.maven.runtime_3.9.900.20240824-1409\jars\wagon-http-shared-3.5.3.jar
2026-01-22 13:32:02,905 [Worker-1: Launching Executing clean in F__ARCHIVOS_INSTITUTO CIBERTEC CLASES_LENGUAJE DE PROGRAMACI脫N II_CLASES LPII_SESI脫N 04 LPII_LPII_Sesi贸n_04 - Sol_LPII_Sesion04_MV_GIT] INFO  o.eclipse.m2e.core.internal.Bundles - 	Entry: C:\EclipseJEE\plugins\org.eclipse.m2e.maven.runtime_3.9.900.20240824-1409\jars\wagon-provider-api-3.5.3.jar
2026-01-22 13:32:02,906 [Worker-1: Launching Executing clean in F__ARCHIVOS_INSTITUTO CIBERTEC CLASES_LENGUAJE DE PROGRAMACI脫N II_CLASES LPII_SESI脫N 04 LPII_LPII_Sesi贸n_04 - Sol_LPII_Sesion04_MV_GIT] INFO  o.eclipse.m2e.core.internal.Bundles - getClasspathEntries(Bundle=com.google.guava_33.3.1.jre [16])
2026-01-22 13:32:02,910 [Worker-1: Launching Executing clean in F__ARCHIVOS_INSTITUTO CIBERTEC CLASES_LENGUAJE DE PROGRAMACI脫N II_CLASES LPII_SESI脫N 04 LPII_LPII_Sesi贸n_04 - Sol_LPII_Sesion04_MV_GIT] INFO  o.eclipse.m2e.core.internal.Bundles - 	Entry: C:\EclipseJEE\plugins\com.google.guava_33.3.1.jre.jar
2026-01-22 13:32:02,910 [Worker-1: Launching Executing clean in F__ARCHIVOS_INSTITUTO CIBERTEC CLASES_LENGUAJE DE PROGRAMACI脫N II_CLASES LPII_SESI脫N 04 LPII_LPII_Sesi贸n_04 - Sol_LPII_Sesion04_MV_GIT] INFO  o.eclipse.m2e.core.internal.Bundles - getClasspathEntries(Bundle=slf4j.api_2.0.16 [1008])
2026-01-22 13:32:02,910 [Worker-1: Launching Executing clean in F__ARCHIVOS_INSTITUTO CIBERTEC CLASES_LENGUAJE DE PROGRAMACI脫N II_CLASES LPII_SESI脫N 04 LPII_LPII_Sesi贸n_04 - Sol_LPII_Sesion04_MV_GIT] INFO  o.eclipse.m2e.core.internal.Bundles - 	Entry: C:\EclipseJEE\plugins\slf4j.api_2.0.16.jar
2026-01-22 13:32:02,910 [Worker-1: Launching Executing clean in F__ARCHIVOS_INSTITUTO CIBERTEC CLASES_LENGUAJE DE PROGRAMACI脫N II_CLASES LPII_SESI脫N 04 LPII_LPII_Sesi贸n_04 - Sol_LPII_Sesion04_MV_GIT] INFO  o.eclipse.m2e.core.internal.Bundles - getClasspathEntries(Bundle=jakarta.inject.jakarta.inject-api_1.0.5 [34])
2026-01-22 13:32:02,911 [Worker-1: Launching Executing clean in F__ARCHIVOS_INSTITUTO CIBERTEC CLASES_LENGUAJE DE PROGRAMACI脫N II_CLASES LPII_SESI脫N 04 LPII_LPII_Sesi贸n_04 - Sol_LPII_Sesion04_MV_GIT] INFO  o.eclipse.m2e.core.internal.Bundles - 	Entry: C:\EclipseJEE\plugins\jakarta.inject.jakarta.inject-api_1.0.5.jar
2026-01-22 13:32:02,911 [Worker-1: Launching Executing clean in F__ARCHIVOS_INSTITUTO CIBERTEC CLASES_LENGUAJE DE PROGRAMACI脫N II_CLASES LPII_SESI脫N 04 LPII_LPII_Sesi贸n_04 - Sol_LPII_Sesion04_MV_GIT] INFO  o.eclipse.m2e.core.internal.Bundles - getClasspathEntries(Bundle=jakarta.annotation-api_1.3.5 [29])
2026-01-22 13:32:02,911 [Worker-1: Launching Executing clean in F__ARCHIVOS_INSTITUTO CIBERTEC CLASES_LENGUAJE DE PROGRAMACI脫N II_CLASES LPII_SESI脫N 04 LPII_LPII_Sesi贸n_04 - Sol_LPII_Sesion04_MV_GIT] INFO  o.eclipse.m2e.core.internal.Bundles - 	Entry: C:\EclipseJEE\plugins\jakarta.annotation-api_1.3.5.jar
2026-01-22 13:32:02,911 [Worker-1: Launching Executing clean in F__ARCHIVOS_INSTITUTO CIBERTEC CLASES_LENGUAJE DE PROGRAMACI脫N II_CLASES LPII_SESI脫N 04 LPII_LPII_Sesi贸n_04 - Sol_LPII_Sesion04_MV_GIT] INFO  o.eclipse.m2e.core.internal.Bundles - getClasspathEntries(Bundle=org.apache.commons.cli_1.9.0 [75])
2026-01-22 13:32:02,911 [Worker-1: Launching Executing clean in F__ARCHIVOS_INSTITUTO CIBERTEC CLASES_LENGUAJE DE PROGRAMACI脫N II_CLASES LPII_SESI脫N 04 LPII_LPII_Sesi贸n_04 - Sol_LPII_Sesion04_MV_GIT] INFO  o.eclipse.m2e.core.internal.Bundles - 	Entry: C:\EclipseJEE\plugins\org.apache.commons.cli_1.9.0.jar
2026-01-22 13:32:02,912 [Worker-1: Launching Executing clean in F__ARCHIVOS_INSTITUTO CIBERTEC CLASES_LENGUAJE DE PROGRAMACI脫N II_CLASES LPII_SESI脫N 04 LPII_LPII_Sesi贸n_04 - Sol_LPII_Sesion04_MV_GIT] INFO  o.eclipse.m2e.core.internal.Bundles - getClasspathEntries(Bundle=org.apache.commons.commons-codec_1.16.0 [78])
2026-01-22 13:32:02,912 [Worker-1: Launching Executing clean in F__ARCHIVOS_INSTITUTO CIBERTEC CLASES_LENGUAJE DE PROGRAMACI脫N II_CLASES LPII_SESI脫N 04 LPII_LPII_Sesi贸n_04 - Sol_LPII_Sesion04_MV_GIT] INFO  o.eclipse.m2e.core.internal.Bundles - 	Entry: C:\EclipseJEE\plugins\org.apache.commons.commons-codec_1.16.0.jar
2026-01-22 13:32:02,912 [Worker-1: Launching Executing clean in F__ARCHIVOS_INSTITUTO CIBERTEC CLASES_LENGUAJE DE PROGRAMACI脫N II_CLASES LPII_SESI脫N 04 LPII_LPII_Sesi贸n_04 - Sol_LPII_Sesion04_MV_GIT] INFO  o.eclipse.m2e.core.internal.Bundles - getClasspathEntries(Bundle=com.google.guava.failureaccess_1.0.2 [17])
2026-01-22 13:32:02,912 [Worker-1: Launching Executing clean in F__ARCHIVOS_INSTITUTO CIBERTEC CLASES_LENGUAJE DE PROGRAMACI脫N II_CLASES LPII_SESI脫N 04 LPII_LPII_Sesi贸n_04 - Sol_LPII_Sesion04_MV_GIT] INFO  o.eclipse.m2e.core.internal.Bundles - 	Entry: C:\EclipseJEE\plugins\com.google.guava.failureaccess_1.0.2.jar
2026-01-22 13:32:02,917 [Worker-1: Launching Executing clean in F__ARCHIVOS_INSTITUTO CIBERTEC CLASES_LENGUAJE DE PROGRAMACI脫N II_CLASES LPII_SESI脫N 04 LPII_LPII_Sesi贸n_04 - Sol_LPII_Sesion04_MV_GIT] INFO  o.e.m.i.launch.MavenLaunchDelegate - Run build in "F:\ARCHIVOS\INSTITUTO CIBERTEC CLASES\LENGUAJE DE PROGRAMACI脫N II\CLASES LPII\SESI脫N 04 LPII\LPII_Sesi贸n_04 - Sol\LPII_Sesion04_MV_GIT":
2026-01-22 13:32:02,920 [Worker-1: Launching Executing clean in F__ARCHIVOS_INSTITUTO CIBERTEC CLASES_LENGUAJE DE PROGRAMACI脫N II_CLASES LPII_SESI脫N 04 LPII_LPII_Sesi贸n_04 - Sol_LPII_Sesion04_MV_GIT] INFO  o.e.m.i.launch.MavenLaunchDelegate -  mvn  -B -Dstyle.color=always clean
2026-01-22 13:32:16,162 [Worker-12: Updating Maven Project] INFO  o.e.m.c.i.p.ProjectConfigurationManager - Update started
2026-01-22 13:32:16,697 [Worker-12: Updating Maven Project] INFO  o.e.m.c.i.l.LifecycleMappingFactory - Using org.eclipse.m2e.jdt.JarLifecycleMapping lifecycle mapping for MavenProject: org.cibertec:LPII_Sesion04_MV_GIT:0.0.1-SNAPSHOT @ F:\ARCHIVOS\INSTITUTO CIBERTEC CLASES\LENGUAJE DE PROGRAMACI脫N II\CLASES LPII\SESI脫N 04 LPII\LPII_Sesi贸n_04 - Sol\LPII_Sesion04_MV_GIT\pom.xml.
2026-01-22 13:32:17,773 [Worker-12: Updating Maven Project] INFO  o.e.m.j.i.AbstractJavaProjectConfigurator - Adding source folder /LPII_Sesion04_MV_GIT/src/main/java
2026-01-22 13:32:17,776 [Worker-12: Updating Maven Project] INFO  o.e.m.j.i.AbstractJavaProjectConfigurator - Adding resource folder /LPII_Sesion04_MV_GIT/src/main/resources
2026-01-22 13:32:17,776 [Worker-12: Updating Maven Project] INFO  o.e.m.j.i.AbstractJavaProjectConfigurator - Adding source folder /LPII_Sesion04_MV_GIT/src/test/java
2026-01-22 13:32:17,778 [Worker-12: Updating Maven Project] INFO  o.e.m.j.i.AbstractJavaProjectConfigurator - Adding resource folder /LPII_Sesion04_MV_GIT/src/test/resources
2026-01-22 13:32:18,305 [Worker-12: Updating Maven Project] INFO  o.e.m.c.i.p.ProjectConfigurationManager - Update completed for 1 poms: local refresh takes 0.00 sec, refresh facades takes 1.00 sec, update config takes 0.00 sec 
2026-01-22 13:32:20,589 [Worker-11: Building] INFO  o.a.m.s.f.DefaultMavenResourcesFiltering - Copying 1 resource from src\main\resources to target\classes
2026-01-22 13:32:20,598 [Worker-11: Building] INFO  o.a.m.s.f.DefaultMavenResourcesFiltering - skip non existing resourceDirectory F:\ARCHIVOS\INSTITUTO CIBERTEC CLASES\LENGUAJE DE PROGRAMACI脫N II\CLASES LPII\SESI脫N 04 LPII\LPII_Sesi贸n_04 - Sol\LPII_Sesion04_MV_GIT\src\test\resources
2026-01-22 13:34:56,911 [main] INFO  o.b.c.a.StaticComponentContainer - (StaticComponentContainer.java:368) - Instantiated org.burningwave.core.SLF4JManagedLoggerRepository
2026-01-22 13:34:56,913 [main] INFO  o.b.c.a.StaticComponentContainer - (StaticComponentContainer.java:369) - 

	Configuration values for static components:

		background-executor.all-tasks-monitoring.enabled=\
			true
		background-executor.all-tasks-monitoring.interval=\
			30000
		background-executor.all-tasks-monitoring.logger.enabled=\
			false
		background-executor.all-tasks-monitoring.minimum-elapsed-time-to-consider-a-task-as-probable-dead-locked=\
			300000
		background-executor.all-tasks-monitoring.probable-dead-locked-tasks-handling.policy=\
			log only
		background-executor.queued-task-executor[0].name=\
			Low priority tasks
		background-executor.queued-task-executor[0].priority=\
			1
		background-executor.queued-task-executor[1].name=\
			Normal priority tasks
		background-executor.queued-task-executor[1].priority=\
			5
		background-executor.queued-task-executor[2].name=\
			High priority tasks
		background-executor.queued-task-executor[2].priority=\
			10
		background-executor.task-creation-tracking.enabled=\
			${background-executor.all-tasks-monitoring.enabled}
		banner.additonal-informations=\
			${Implementation-Title} ${Implementation-Version}
		banner.additonal-informations.retrieve-from-manifest-file-with-implementation-title=\
			Burningwave Core
		banner.file=\
			org/burningwave/banner.bwb
		banner.hide=\
			true
		buffer-handler.default-allocation-mode=\
			ByteBuffer::allocateDirect
		buffer-handler.default-buffer-size=\
			1024
		group-name-for-named-elements=\
			Burningwave
		iterable-object-helper.default-values-separator=\
			;
		iterable-object-helper.parallel-iteration.applicability.default-minimum-collection-size=\
			2
		iterable-object-helper.parallel-iteration.applicability.max-runtime-thread-count-threshold=\
			autodetect
		iterable-object-helper.parallel-iteration.applicability.output-collection-enabled-types=\
			java.util.concurrent.ConcurrentHashMap$CollectionView;\
			java.util.Collections$SynchronizedCollection;\
			java.util.concurrent.CopyOnWriteArrayList;\
			java.util.concurrent.CopyOnWriteArraySet;\
			java.util.concurrent.BlockingQueue;\
			java.util.concurrent.ConcurrentSkipListSet;\
			java.util.concurrent.ConcurrentSkipListMap$EntrySet;\
			java.util.concurrent.ConcurrentSkipListMap$KeySet;\
			java.util.concurrent.ConcurrentSkipListMap$Values;
		jvm.driver.init=\
			false
		managed-logger.repository=\
			autodetect
		managed-logger.repository.enabled=\
			true
		managed-logger.repository.logging.warn.disabled-for=\
			org.burningwave.core.assembler.ComponentContainer$ClassLoader;\
			org.burningwave.core.classes.MemoryClassLoader;\
			org.burningwave.core.classes.PathScannerClassLoader;
		modules.export-all-to-all=\
			true
		resource-releaser.enabled=\
			true
		synchronizer.all-threads-monitoring.enabled=\
			false
		synchronizer.all-threads-monitoring.interval=\
			90000
		thread-supplier.default-daemon-flag-value=\
			true
		thread-supplier.default-thread-priority=\
			5
		thread-supplier.max-detached-thread-count=\
			${thread-supplier.max-poolable-thread-count}
		thread-supplier.max-detached-thread-count.elapsed-time-threshold-from-last-increase-for-gradual-decreasing-to-initial-value=\
			30000
		thread-supplier.max-detached-thread-count.increasing-step=\
			autodetect
		thread-supplier.max-poolable-thread-count=\
			autodetect
		thread-supplier.poolable-thread-request-timeout=\
			6000


2026-01-22 13:34:56,917 [main] INFO  o.b.core.jvm.BufferHandler - (BufferHandler.java:127) - default buffer size: 1024 bytes
2026-01-22 13:34:56,918 [main] INFO  o.b.core.jvm.BufferHandler - (BufferHandler.java:141) - default allocation mode: ByteBuffer::allocateDirect
2026-01-22 13:34:56,922 [main] INFO  org.burningwave.core.Cache - (Cache.java:76) - Building cache
2026-01-22 13:34:56,952 [main] INFO  o.b.c.a.StaticComponentContainer - (StaticComponentContainer.java:443) - org.burningwave.core.assembler.StaticComponentContainer initialized in 0.1490966 seconds
2026-01-22 13:36:29,161 [Worker-4: Building] INFO  o.a.m.s.f.DefaultMavenResourcesFiltering - Copying 1 resource from src\main\resources to target\classes
2026-01-22 13:36:29,164 [Worker-4: Building] INFO  o.a.m.s.f.DefaultMavenResourcesFiltering - skip non existing resourceDirectory F:\ARCHIVOS\INSTITUTO CIBERTEC CLASES\LENGUAJE DE PROGRAMACI脫N II\CLASES LPII\SESI脫N 04 LPII\LPII_Sesi贸n_04 - Sol\LPII_Sesion04_MV_GIT\src\test\resources
2026-01-22 13:37:54,000 [Worker-15: Building] INFO  o.e.m.c.i.l.LifecycleMappingFactory - Using org.eclipse.m2e.jdt.JarLifecycleMapping lifecycle mapping for MavenProject: org.cibertec:LPII_Sesion04_MV_GIT:0.0.1-SNAPSHOT @ F:\ARCHIVOS\INSTITUTO CIBERTEC CLASES\LENGUAJE DE PROGRAMACI脫N II\CLASES LPII\SESI脫N 04 LPII\LPII_Sesi贸n_04 - Sol\LPII_Sesion04_MV_GIT\pom.xml.
2026-01-22 13:37:54,327 [Worker-15: Building] INFO  o.a.m.s.f.DefaultMavenResourcesFiltering - Copying 1 resource from src\main\resources to target\classes
2026-01-22 13:37:54,332 [Worker-15: Building] INFO  o.a.m.s.f.DefaultMavenResourcesFiltering - skip non existing resourceDirectory F:\ARCHIVOS\INSTITUTO CIBERTEC CLASES\LENGUAJE DE PROGRAMACI脫N II\CLASES LPII\SESI脫N 04 LPII\LPII_Sesi贸n_04 - Sol\LPII_Sesion04_MV_GIT\src\test\resources
2026-01-22 13:37:55,787 [Worker-1: Building] INFO  o.a.m.s.f.DefaultMavenResourcesFiltering - Copying 1 resource from src\main\resources to target\classes
2026-01-22 13:37:55,793 [Worker-1: Building] INFO  o.a.m.s.f.DefaultMavenResourcesFiltering - skip non existing resourceDirectory F:\ARCHIVOS\INSTITUTO CIBERTEC CLASES\LENGUAJE DE PROGRAMACI脫N II\CLASES LPII\SESI脫N 04 LPII\LPII_Sesi贸n_04 - Sol\LPII_Sesion04_MV_GIT\src\test\resources
2026-01-22 13:38:59,755 [Worker-16: Building] INFO  o.a.m.s.f.DefaultMavenResourcesFiltering - Copying 1 resource from src\main\resources to target\classes
2026-01-22 13:38:59,767 [Worker-16: Building] INFO  o.a.m.s.f.DefaultMavenResourcesFiltering - skip non existing resourceDirectory F:\ARCHIVOS\INSTITUTO CIBERTEC CLASES\LENGUAJE DE PROGRAMACI脫N II\CLASES LPII\SESI脫N 04 LPII\LPII_Sesi贸n_04 - Sol\LPII_Sesion04_MV_GIT\src\test\resources
2026-01-22 13:56:03,988 [Worker-22: Building] INFO  o.a.m.s.f.DefaultMavenResourcesFiltering - Copying 1 resource from src\main\resources to target\classes
2026-01-22 13:56:04,003 [Worker-22: Building] INFO  o.a.m.s.f.DefaultMavenResourcesFiltering - skip non existing resourceDirectory F:\ARCHIVOS\INSTITUTO CIBERTEC CLASES\LENGUAJE DE PROGRAMACI脫N II\CLASES LPII\SESI脫N 04 LPII\LPII_Sesi贸n_04 - Sol\LPII_Sesion04_MV_GIT\src\test\resources
2026-01-22 13:57:48,151 [Worker-13: Building] INFO  o.a.m.s.f.DefaultMavenResourcesFiltering - Copying 1 resource from src\main\resources to target\classes
2026-01-22 13:57:48,154 [Worker-13: Building] INFO  o.a.m.s.f.DefaultMavenResourcesFiltering - skip non existing resourceDirectory F:\ARCHIVOS\INSTITUTO CIBERTEC CLASES\LENGUAJE DE PROGRAMACI脫N II\CLASES LPII\SESI脫N 04 LPII\LPII_Sesi贸n_04 - Sol\LPII_Sesion04_MV_GIT\src\test\resources
2026-01-22 13:58:07,374 [Worker-13: Building] INFO  o.a.m.s.f.DefaultMavenResourcesFiltering - Copying 1 resource from src\main\resources to target\classes
2026-01-22 13:58:07,378 [Worker-13: Building] INFO  o.a.m.s.f.DefaultMavenResourcesFiltering - skip non existing resourceDirectory F:\ARCHIVOS\INSTITUTO CIBERTEC CLASES\LENGUAJE DE PROGRAMACI脫N II\CLASES LPII\SESI脫N 04 LPII\LPII_Sesi贸n_04 - Sol\LPII_Sesion04_MV_GIT\src\test\resources
2026-01-22 14:00:32,252 [Worker-20: Building] INFO  o.a.m.s.f.DefaultMavenResourcesFiltering - Copying 1 resource from src\main\resources to target\classes
2026-01-22 14:00:32,303 [Worker-20: Building] INFO  o.a.m.s.f.DefaultMavenResourcesFiltering - skip non existing resourceDirectory F:\ARCHIVOS\INSTITUTO CIBERTEC CLASES\LENGUAJE DE PROGRAMACI脫N II\CLASES LPII\SESI脫N 04 LPII\LPII_Sesi贸n_04 - Sol\LPII_Sesion04_MV_GIT\src\test\resources
2026-01-22 14:02:58,688 [Worker-25: Building] INFO  o.a.m.s.f.DefaultMavenResourcesFiltering - Copying 1 resource from src\main\resources to target\classes
2026-01-22 14:02:58,699 [Worker-25: Building] INFO  o.a.m.s.f.DefaultMavenResourcesFiltering - skip non existing resourceDirectory F:\ARCHIVOS\INSTITUTO CIBERTEC CLASES\LENGUAJE DE PROGRAMACI脫N II\CLASES LPII\SESI脫N 04 LPII\LPII_Sesi贸n_04 - Sol\LPII_Sesion04_MV_GIT\src\test\resources
2026-01-22 14:03:25,868 [Worker-25: Building] INFO  o.a.m.s.f.DefaultMavenResourcesFiltering - Copying 1 resource from src\main\resources to target\classes
2026-01-22 14:03:25,874 [Worker-25: Building] INFO  o.a.m.s.f.DefaultMavenResourcesFiltering - skip non existing resourceDirectory F:\ARCHIVOS\INSTITUTO CIBERTEC CLASES\LENGUAJE DE PROGRAMACI脫N II\CLASES LPII\SESI脫N 04 LPII\LPII_Sesi贸n_04 - Sol\LPII_Sesion04_MV_GIT\src\test\resources
2026-01-22 14:03:31,390 [Worker-22: Building] INFO  o.a.m.s.f.DefaultMavenResourcesFiltering - Copying 1 resource from src\main\resources to target\classes
2026-01-22 14:03:31,395 [Worker-22: Building] INFO  o.a.m.s.f.DefaultMavenResourcesFiltering - skip non existing resourceDirectory F:\ARCHIVOS\INSTITUTO CIBERTEC CLASES\LENGUAJE DE PROGRAMACI脫N II\CLASES LPII\SESI脫N 04 LPII\LPII_Sesi贸n_04 - Sol\LPII_Sesion04_MV_GIT\src\test\resources
2026-01-22 14:04:33,422 [Worker-25: Building] INFO  o.a.m.s.f.DefaultMavenResourcesFiltering - Copying 1 resource from src\main\resources to target\classes
2026-01-22 14:04:33,428 [Worker-25: Building] INFO  o.a.m.s.f.DefaultMavenResourcesFiltering - skip non existing resourceDirectory F:\ARCHIVOS\INSTITUTO CIBERTEC CLASES\LENGUAJE DE PROGRAMACI脫N II\CLASES LPII\SESI脫N 04 LPII\LPII_Sesi贸n_04 - Sol\LPII_Sesion04_MV_GIT\src\test\resources
2026-01-22 14:05:34,127 [Worker-24: Building] INFO  o.a.m.s.f.DefaultMavenResourcesFiltering - Copying 1 resource from src\main\resources to target\classes
2026-01-22 14:05:34,130 [Worker-24: Building] INFO  o.a.m.s.f.DefaultMavenResourcesFiltering - skip non existing resourceDirectory F:\ARCHIVOS\INSTITUTO CIBERTEC CLASES\LENGUAJE DE PROGRAMACI脫N II\CLASES LPII\SESI脫N 04 LPII\LPII_Sesi贸n_04 - Sol\LPII_Sesion04_MV_GIT\src\test\resources
2026-01-22 14:11:35,417 [Worker-27: Building] INFO  o.a.m.s.f.DefaultMavenResourcesFiltering - Copying 1 resource from src\main\resources to target\classes
2026-01-22 14:11:35,419 [Worker-27: Building] INFO  o.a.m.s.f.DefaultMavenResourcesFiltering - skip non existing resourceDirectory F:\ARCHIVOS\INSTITUTO CIBERTEC CLASES\LENGUAJE DE PROGRAMACI脫N II\CLASES LPII\SESI脫N 04 LPII\LPII_Sesi贸n_04 - Sol\LPII_Sesion04_MV_GIT\src\test\resources
2026-01-22 14:12:06,809 [Worker-22: Building] INFO  o.a.m.s.f.DefaultMavenResourcesFiltering - Copying 1 resource from src\main\resources to target\classes
2026-01-22 14:12:06,812 [Worker-22: Building] INFO  o.a.m.s.f.DefaultMavenResourcesFiltering - skip non existing resourceDirectory F:\ARCHIVOS\INSTITUTO CIBERTEC CLASES\LENGUAJE DE PROGRAMACI脫N II\CLASES LPII\SESI脫N 04 LPII\LPII_Sesi贸n_04 - Sol\LPII_Sesion04_MV_GIT\src\test\resources
2026-01-22 14:13:07,923 [Worker-26: Building] INFO  o.a.m.s.f.DefaultMavenResourcesFiltering - Copying 1 resource from src\main\resources to target\classes
2026-01-22 14:13:07,927 [Worker-26: Building] INFO  o.a.m.s.f.DefaultMavenResourcesFiltering - skip non existing resourceDirectory F:\ARCHIVOS\INSTITUTO CIBERTEC CLASES\LENGUAJE DE PROGRAMACI脫N II\CLASES LPII\SESI脫N 04 LPII\LPII_Sesi贸n_04 - Sol\LPII_Sesion04_MV_GIT\src\test\resources
2026-01-22 14:15:48,590 [Worker-29: Building] INFO  o.a.m.s.f.DefaultMavenResourcesFiltering - Copying 1 resource from src\main\resources to target\classes
2026-01-22 14:15:48,593 [Worker-29: Building] INFO  o.a.m.s.f.DefaultMavenResourcesFiltering - skip non existing resourceDirectory F:\ARCHIVOS\INSTITUTO CIBERTEC CLASES\LENGUAJE DE PROGRAMACI脫N II\CLASES LPII\SESI脫N 04 LPII\LPII_Sesi贸n_04 - Sol\LPII_Sesion04_MV_GIT\src\test\resources
2026-01-22 14:17:46,299 [Worker-30: Building] INFO  o.a.m.s.f.DefaultMavenResourcesFiltering - Copying 1 resource from src\main\resources to target\classes
2026-01-22 14:17:46,302 [Worker-30: Building] INFO  o.a.m.s.f.DefaultMavenResourcesFiltering - skip non existing resourceDirectory F:\ARCHIVOS\INSTITUTO CIBERTEC CLASES\LENGUAJE DE PROGRAMACI脫N II\CLASES LPII\SESI脫N 04 LPII\LPII_Sesi贸n_04 - Sol\LPII_Sesion04_MV_GIT\src\test\resources
2026-01-22 14:19:19,120 [Worker-32: Building] INFO  o.a.m.s.f.DefaultMavenResourcesFiltering - Copying 1 resource from src\main\resources to target\classes
2026-01-22 14:19:19,311 [Worker-32: Building] INFO  o.a.m.s.f.DefaultMavenResourcesFiltering - skip non existing resourceDirectory F:\ARCHIVOS\INSTITUTO CIBERTEC CLASES\LENGUAJE DE PROGRAMACI脫N II\CLASES LPII\SESI脫N 04 LPII\LPII_Sesi贸n_04 - Sol\LPII_Sesion04_MV_GIT\src\test\resources
2026-01-22 14:19:28,053 [Worker-26: Building] INFO  o.a.m.s.f.DefaultMavenResourcesFiltering - Copying 1 resource from src\main\resources to target\classes
2026-01-22 14:19:28,059 [Worker-26: Building] INFO  o.a.m.s.f.DefaultMavenResourcesFiltering - skip non existing resourceDirectory F:\ARCHIVOS\INSTITUTO CIBERTEC CLASES\LENGUAJE DE PROGRAMACI脫N II\CLASES LPII\SESI脫N 04 LPII\LPII_Sesi贸n_04 - Sol\LPII_Sesion04_MV_GIT\src\test\resources
2026-01-22 14:22:09,170 [Worker-34: Building] INFO  o.e.m.c.i.l.LifecycleMappingFactory - Using org.eclipse.m2e.jdt.JarLifecycleMapping lifecycle mapping for MavenProject: org.cibertec:LPII_Sesion04_MV_GIT:0.0.1-SNAPSHOT @ F:\ARCHIVOS\INSTITUTO CIBERTEC CLASES\LENGUAJE DE PROGRAMACI脫N II\CLASES LPII\SESI脫N 04 LPII\LPII_Sesi贸n_04 - Sol\LPII_Sesion04_MV_GIT\pom.xml.
2026-01-22 14:22:09,347 [Worker-34: Building] INFO  o.e.m.c.i.e.AbstractTransferListenerAdapter - Downloading https://repo.maven.apache.org/maven2/com/mysql/mysql-connector-j/8.3.0/mysql-connector-j-8.3.0.pom
2026-01-22 14:22:09,359 [Worker-34: Building] INFO  o.e.m.c.i.e.AbstractTransferListenerAdapter - Downloaded https://repo.maven.apache.org/maven2/com/mysql/mysql-connector-j/8.3.0/mysql-connector-j-8.3.0.pom
2026-01-22 14:22:09,393 [Worker-34: Building] INFO  o.e.m.c.i.e.AbstractTransferListenerAdapter - Downloading https://repo.maven.apache.org/maven2/com/google/protobuf/protobuf-java/3.25.1/protobuf-java-3.25.1.pom
2026-01-22 14:22:09,398 [Worker-34: Building] INFO  o.e.m.c.i.e.AbstractTransferListenerAdapter - Downloaded https://repo.maven.apache.org/maven2/com/google/protobuf/protobuf-java/3.25.1/protobuf-java-3.25.1.pom
2026-01-22 14:22:09,432 [Worker-34: Building] INFO  o.e.m.c.i.e.AbstractTransferListenerAdapter - Downloading https://repo.maven.apache.org/maven2/com/google/protobuf/protobuf-parent/3.25.1/protobuf-parent-3.25.1.pom
2026-01-22 14:22:09,436 [Worker-34: Building] INFO  o.e.m.c.i.e.AbstractTransferListenerAdapter - Downloaded https://repo.maven.apache.org/maven2/com/google/protobuf/protobuf-parent/3.25.1/protobuf-parent-3.25.1.pom
2026-01-22 14:22:09,470 [Worker-34: Building] INFO  o.e.m.c.i.e.AbstractTransferListenerAdapter - Downloading https://repo.maven.apache.org/maven2/com/google/protobuf/protobuf-bom/3.25.1/protobuf-bom-3.25.1.pom
2026-01-22 14:22:09,477 [Worker-34: Building] INFO  o.e.m.c.i.e.AbstractTransferListenerAdapter - Downloaded https://repo.maven.apache.org/maven2/com/google/protobuf/protobuf-bom/3.25.1/protobuf-bom-3.25.1.pom
2026-01-22 14:22:09,660 [Worker-34: Building] INFO  o.e.m.c.i.e.AbstractTransferListenerAdapter - Downloading https://repo.maven.apache.org/maven2/com/mysql/mysql-connector-j/8.3.0/mysql-connector-j-8.3.0.jar
2026-01-22 14:22:09,762 [Worker-34: Building] INFO  o.e.m.c.i.e.AbstractTransferListenerAdapter - Downloaded https://repo.maven.apache.org/maven2/com/mysql/mysql-connector-j/8.3.0/mysql-connector-j-8.3.0.jar
2026-01-22 14:22:09,789 [BasicRepositoryConnector-repo.maven.apache.org-0-0] INFO  o.e.m.c.i.e.AbstractTransferListenerAdapter - Downloading https://repo.maven.apache.org/maven2/com/google/protobuf/protobuf-java/3.25.1/protobuf-java-3.25.1.jar
2026-01-22 14:22:09,850 [BasicRepositoryConnector-repo.maven.apache.org-0-0] INFO  o.e.m.c.i.e.AbstractTransferListenerAdapter - Downloaded https://repo.maven.apache.org/maven2/com/google/protobuf/protobuf-java/3.25.1/protobuf-java-3.25.1.jar
2026-01-22 14:22:10,116 [Worker-34: Building] INFO  o.a.m.s.f.DefaultMavenResourcesFiltering - Copying 0 resource from src\main\resources to target\classes
2026-01-22 14:22:10,119 [Worker-34: Building] INFO  o.a.m.s.f.DefaultMavenResourcesFiltering - skip non existing resourceDirectory F:\ARCHIVOS\INSTITUTO CIBERTEC CLASES\LENGUAJE DE PROGRAMACI脫N II\CLASES LPII\SESI脫N 04 LPII\LPII_Sesi贸n_04 - Sol\LPII_Sesion04_MV_GIT\src\test\resources
2026-01-22 14:22:11,068 [Worker-27: Download sources and javadoc] INFO  o.e.m.c.i.e.AbstractTransferListenerAdapter - Downloading https://repo.maven.apache.org/maven2/com/mysql/mysql-connector-j/8.3.0/mysql-connector-j-8.3.0-sources.jar
2026-01-22 14:22:11,119 [Worker-27: Download sources and javadoc] INFO  o.e.m.c.i.e.AbstractTransferListenerAdapter - Downloaded https://repo.maven.apache.org/maven2/com/mysql/mysql-connector-j/8.3.0/mysql-connector-j-8.3.0-sources.jar
2026-01-22 14:22:11,122 [Worker-27: Download sources and javadoc] INFO  o.e.m.j.internal.DownloadSourcesJob - Downloaded sources for com.mysql:mysql-connector-j:8.3.0
2026-01-22 14:22:11,169 [Worker-27: Download sources and javadoc] INFO  o.e.m.c.i.e.AbstractTransferListenerAdapter - Downloading https://repo.maven.apache.org/maven2/com/google/protobuf/protobuf-java/3.25.1/protobuf-java-3.25.1-sources.jar
2026-01-22 14:22:11,243 [Worker-27: Download sources and javadoc] INFO  o.e.m.c.i.e.AbstractTransferListenerAdapter - Downloaded https://repo.maven.apache.org/maven2/com/google/protobuf/protobuf-java/3.25.1/protobuf-java-3.25.1-sources.jar
2026-01-22 14:22:11,246 [Worker-27: Download sources and javadoc] INFO  o.e.m.j.internal.DownloadSourcesJob - Downloaded sources for com.google.protobuf:protobuf-java:3.25.1
2026-01-22 14:22:11,695 [Worker-33: Building] INFO  o.a.m.s.f.DefaultMavenResourcesFiltering - Copying 1 resource from src\main\resources to target\classes
2026-01-22 14:22:11,702 [Worker-33: Building] INFO  o.a.m.s.f.DefaultMavenResourcesFiltering - skip non existing resourceDirectory F:\ARCHIVOS\INSTITUTO CIBERTEC CLASES\LENGUAJE DE PROGRAMACI脫N II\CLASES LPII\SESI脫N 04 LPII\LPII_Sesi贸n_04 - Sol\LPII_Sesion04_MV_GIT\src\test\resources
2026-01-22 14:22:41,740 [Worker-33: Updating Maven Project] INFO  o.e.m.c.i.p.ProjectConfigurationManager - Update started
2026-01-22 14:22:41,894 [Worker-33: Updating Maven Project] INFO  o.e.m.c.i.l.LifecycleMappingFactory - Using org.eclipse.m2e.jdt.JarLifecycleMapping lifecycle mapping for MavenProject: org.cibertec:LPII_Sesion04_MV_GIT:0.0.1-SNAPSHOT @ F:\ARCHIVOS\INSTITUTO CIBERTEC CLASES\LENGUAJE DE PROGRAMACI脫N II\CLASES LPII\SESI脫N 04 LPII\LPII_Sesi贸n_04 - Sol\LPII_Sesion04_MV_GIT\pom.xml.
2026-01-22 14:22:42,115 [Worker-33: Updating Maven Project] INFO  o.e.m.j.i.AbstractJavaProjectConfigurator - Adding source folder /LPII_Sesion04_MV_GIT/src/main/java
2026-01-22 14:22:42,116 [Worker-33: Updating Maven Project] INFO  o.e.m.j.i.AbstractJavaProjectConfigurator - Adding resource folder /LPII_Sesion04_MV_GIT/src/main/resources
2026-01-22 14:22:42,116 [Worker-33: Updating Maven Project] INFO  o.e.m.j.i.AbstractJavaProjectConfigurator - Adding source folder /LPII_Sesion04_MV_GIT/src/test/java
2026-01-22 14:22:42,117 [Worker-33: Updating Maven Project] INFO  o.e.m.j.i.AbstractJavaProjectConfigurator - Adding resource folder /LPII_Sesion04_MV_GIT/src/test/resources
2026-01-22 14:22:42,309 [Worker-33: Updating Maven Project] INFO  o.e.m.c.i.p.ProjectConfigurationManager - Update completed for 1 poms: local refresh takes 0.00 sec, refresh facades takes 0.00 sec, update config takes 0.00 sec 
2026-01-22 14:22:42,875 [Worker-33: Building] INFO  o.a.m.s.f.DefaultMavenResourcesFiltering - Copying 1 resource from src\main\resources to target\classes
2026-01-22 14:22:42,885 [Worker-33: Building] INFO  o.a.m.s.f.DefaultMavenResourcesFiltering - skip non existing resourceDirectory F:\ARCHIVOS\INSTITUTO CIBERTEC CLASES\LENGUAJE DE PROGRAMACI脫N II\CLASES LPII\SESI脫N 04 LPII\LPII_Sesi贸n_04 - Sol\LPII_Sesion04_MV_GIT\src\test\resources
2026-01-22 14:22:56,553 [Worker-35: Building] INFO  o.a.m.s.f.DefaultMavenResourcesFiltering - Copying 1 resource from src\main\resources to target\classes
2026-01-22 14:22:56,572 [Worker-35: Building] INFO  o.a.m.s.f.DefaultMavenResourcesFiltering - skip non existing resourceDirectory F:\ARCHIVOS\INSTITUTO CIBERTEC CLASES\LENGUAJE DE PROGRAMACI脫N II\CLASES LPII\SESI脫N 04 LPII\LPII_Sesi贸n_04 - Sol\LPII_Sesion04_MV_GIT\src\test\resources
2026-01-22 14:23:46,122 [Worker-37: Building] INFO  o.a.m.s.f.DefaultMavenResourcesFiltering - Copying 1 resource from src\main\resources to target\classes
2026-01-22 14:23:46,226 [Worker-37: Building] INFO  o.a.m.s.f.DefaultMavenResourcesFiltering - skip non existing resourceDirectory F:\ARCHIVOS\INSTITUTO CIBERTEC CLASES\LENGUAJE DE PROGRAMACI脫N II\CLASES LPII\SESI脫N 04 LPII\LPII_Sesi贸n_04 - Sol\LPII_Sesion04_MV_GIT\src\test\resources
2026-01-22 14:23:50,371 [Worker-27: Building] INFO  o.a.m.s.f.DefaultMavenResourcesFiltering - Copying 1 resource from src\main\resources to target\classes
2026-01-22 14:23:50,376 [Worker-27: Building] INFO  o.a.m.s.f.DefaultMavenResourcesFiltering - skip non existing resourceDirectory F:\ARCHIVOS\INSTITUTO CIBERTEC CLASES\LENGUAJE DE PROGRAMACI脫N II\CLASES LPII\SESI脫N 04 LPII\LPII_Sesi贸n_04 - Sol\LPII_Sesion04_MV_GIT\src\test\resources
2026-01-22 14:23:52,443 [Worker-35: Building] INFO  o.a.m.s.f.DefaultMavenResourcesFiltering - Copying 1 resource from src\main\resources to target\classes
2026-01-22 14:23:52,447 [Worker-35: Building] INFO  o.a.m.s.f.DefaultMavenResourcesFiltering - skip non existing resourceDirectory F:\ARCHIVOS\INSTITUTO CIBERTEC CLASES\LENGUAJE DE PROGRAMACI脫N II\CLASES LPII\SESI脫N 04 LPII\LPII_Sesi贸n_04 - Sol\LPII_Sesion04_MV_GIT\src\test\resources
2026-01-22 14:25:04,349 [Worker-35: Launching Executing clean in F__ARCHIVOS_INSTITUTO CIBERTEC CLASES_LENGUAJE DE PROGRAMACI脫N II_CLASES LPII_SESI脫N 04 LPII_LPII_Sesi贸n_04 - Sol_LPII_Sesion04_MV_GIT] INFO  o.eclipse.m2e.core.internal.Bundles - getClasspathEntries(Bundle=org.eclipse.m2e.maven.runtime_3.9.900.20240824-1409 [641])
2026-01-22 14:25:04,350 [Worker-35: Launching Executing clean in F__ARCHIVOS_INSTITUTO CIBERTEC CLASES_LENGUAJE DE PROGRAMACI脫N II_CLASES LPII_SESI脫N 04 LPII_LPII_Sesi贸n_04 - Sol_LPII_Sesion04_MV_GIT] INFO  o.eclipse.m2e.core.internal.Bundles - 	Entry: C:\EclipseJEE\plugins\org.eclipse.m2e.maven.runtime_3.9.900.20240824-1409
2026-01-22 14:25:04,350 [Worker-35: Launching Executing clean in F__ARCHIVOS_INSTITUTO CIBERTEC CLASES_LENGUAJE DE PROGRAMACI脫N II_CLASES LPII_SESI脫N 04 LPII_LPII_Sesi贸n_04 - Sol_LPII_Sesion04_MV_GIT] INFO  o.eclipse.m2e.core.internal.Bundles - 	Entry: C:\EclipseJEE\plugins\org.eclipse.m2e.maven.runtime_3.9.900.20240824-1409\jars\aopalliance-1.0.jar
2026-01-22 14:25:04,350 [Worker-35: Launching Executing clean in F__ARCHIVOS_INSTITUTO CIBERTEC CLASES_LENGUAJE DE PROGRAMACI脫N II_CLASES LPII_SESI脫N 04 LPII_LPII_Sesi贸n_04 - Sol_LPII_Sesion04_MV_GIT] INFO  o.eclipse.m2e.core.internal.Bundles - 	Entry: C:\EclipseJEE\plugins\org.eclipse.m2e.maven.runtime_3.9.900.20240824-1409\jars\guice-5.1.0.jar
2026-01-22 14:25:04,350 [Worker-35: Launching Executing clean in F__ARCHIVOS_INSTITUTO CIBERTEC CLASES_LENGUAJE DE PROGRAMACI脫N II_CLASES LPII_SESI脫N 04 LPII_LPII_Sesi贸n_04 - Sol_LPII_Sesion04_MV_GIT] INFO  o.eclipse.m2e.core.internal.Bundles - 	Entry: C:\EclipseJEE\plugins\org.eclipse.m2e.maven.runtime_3.9.900.20240824-1409\jars\httpclient-4.5.14.jar
2026-01-22 14:25:04,350 [Worker-35: Launching Executing clean in F__ARCHIVOS_INSTITUTO CIBERTEC CLASES_LENGUAJE DE PROGRAMACI脫N II_CLASES LPII_SESI脫N 04 LPII_LPII_Sesi贸n_04 - Sol_LPII_Sesion04_MV_GIT] INFO  o.eclipse.m2e.core.internal.Bundles - 	Entry: C:\EclipseJEE\plugins\org.eclipse.m2e.maven.runtime_3.9.900.20240824-1409\jars\httpcore-4.4.16.jar
2026-01-22 14:25:04,351 [Worker-35: Launching Executing clean in F__ARCHIVOS_INSTITUTO CIBERTEC CLASES_LENGUAJE DE PROGRAMACI脫N II_CLASES LPII_SESI脫N 04 LPII_LPII_Sesi贸n_04 - Sol_LPII_Sesion04_MV_GIT] INFO  o.eclipse.m2e.core.internal.Bundles - 	Entry: C:\EclipseJEE\plugins\org.eclipse.m2e.maven.runtime_3.9.900.20240824-1409\jars\jansi-2.4.1.jar
2026-01-22 14:25:04,351 [Worker-35: Launching Executing clean in F__ARCHIVOS_INSTITUTO CIBERTEC CLASES_LENGUAJE DE PROGRAMACI脫N II_CLASES LPII_SESI脫N 04 LPII_LPII_Sesi贸n_04 - Sol_LPII_Sesion04_MV_GIT] INFO  o.eclipse.m2e.core.internal.Bundles - 	Entry: C:\EclipseJEE\plugins\org.eclipse.m2e.maven.runtime_3.9.900.20240824-1409\jars\jcl-over-slf4j-1.7.36.jar
2026-01-22 14:25:04,351 [Worker-35: Launching Executing clean in F__ARCHIVOS_INSTITUTO CIBERTEC CLASES_LENGUAJE DE PROGRAMACI脫N II_CLASES LPII_SESI脫N 04 LPII_LPII_Sesi贸n_04 - Sol_LPII_Sesion04_MV_GIT] INFO  o.eclipse.m2e.core.internal.Bundles - 	Entry: C:\EclipseJEE\plugins\org.eclipse.m2e.maven.runtime_3.9.900.20240824-1409\jars\maven-artifact-3.9.9.jar
2026-01-22 14:25:04,351 [Worker-35: Launching Executing clean in F__ARCHIVOS_INSTITUTO CIBERTEC CLASES_LENGUAJE DE PROGRAMACI脫N II_CLASES LPII_SESI脫N 04 LPII_LPII_Sesi贸n_04 - Sol_LPII_Sesion04_MV_GIT] INFO  o.eclipse.m2e.core.internal.Bundles - 	Entry: C:\EclipseJEE\plugins\org.eclipse.m2e.maven.runtime_3.9.900.20240824-1409\jars\maven-builder-support-3.9.9.jar
2026-01-22 14:25:04,351 [Worker-35: Launching Executing clean in F__ARCHIVOS_INSTITUTO CIBERTEC CLASES_LENGUAJE DE PROGRAMACI脫N II_CLASES LPII_SESI脫N 04 LPII_LPII_Sesi贸n_04 - Sol_LPII_Sesion04_MV_GIT] INFO  o.eclipse.m2e.core.internal.Bundles - 	Entry: C:\EclipseJEE\plugins\org.eclipse.m2e.maven.runtime_3.9.900.20240824-1409\jars\maven-compat-3.9.9.jar
2026-01-22 14:25:04,352 [Worker-35: Launching Executing clean in F__ARCHIVOS_INSTITUTO CIBERTEC CLASES_LENGUAJE DE PROGRAMACI脫N II_CLASES LPII_SESI脫N 04 LPII_LPII_Sesi贸n_04 - Sol_LPII_Sesion04_MV_GIT] INFO  o.eclipse.m2e.core.internal.Bundles - 	Entry: C:\EclipseJEE\plugins\org.eclipse.m2e.maven.runtime_3.9.900.20240824-1409\jars\maven-core-3.9.9.jar
2026-01-22 14:25:04,352 [Worker-35: Launching Executing clean in F__ARCHIVOS_INSTITUTO CIBERTEC CLASES_LENGUAJE DE PROGRAMACI脫N II_CLASES LPII_SESI脫N 04 LPII_LPII_Sesi贸n_04 - Sol_LPII_Sesion04_MV_GIT] INFO  o.eclipse.m2e.core.internal.Bundles - 	Entry: C:\EclipseJEE\plugins\org.eclipse.m2e.maven.runtime_3.9.900.20240824-1409\jars\maven-embedder-3.9.9.jar
2026-01-22 14:25:04,352 [Worker-35: Launching Executing clean in F__ARCHIVOS_INSTITUTO CIBERTEC CLASES_LENGUAJE DE PROGRAMACI脫N II_CLASES LPII_SESI脫N 04 LPII_LPII_Sesi贸n_04 - Sol_LPII_Sesion04_MV_GIT] INFO  o.eclipse.m2e.core.internal.Bundles - 	Entry: C:\EclipseJEE\plugins\org.eclipse.m2e.maven.runtime_3.9.900.20240824-1409\jars\maven-model-3.9.9.jar
2026-01-22 14:25:04,352 [Worker-35: Launching Executing clean in F__ARCHIVOS_INSTITUTO CIBERTEC CLASES_LENGUAJE DE PROGRAMACI脫N II_CLASES LPII_SESI脫N 04 LPII_LPII_Sesi贸n_04 - Sol_LPII_Sesion04_MV_GIT] INFO  o.eclipse.m2e.core.internal.Bundles - 	Entry: C:\EclipseJEE\plugins\org.eclipse.m2e.maven.runtime_3.9.900.20240824-1409\jars\maven-model-builder-3.9.9.jar
2026-01-22 14:25:04,352 [Worker-35: Launching Executing clean in F__ARCHIVOS_INSTITUTO CIBERTEC CLASES_LENGUAJE DE PROGRAMACI脫N II_CLASES LPII_SESI脫N 04 LPII_LPII_Sesi贸n_04 - Sol_LPII_Sesion04_MV_GIT] INFO  o.eclipse.m2e.core.internal.Bundles - 	Entry: C:\EclipseJEE\plugins\org.eclipse.m2e.maven.runtime_3.9.900.20240824-1409\jars\maven-plugin-api-3.9.9.jar
2026-01-22 14:25:04,352 [Worker-35: Launching Executing clean in F__ARCHIVOS_INSTITUTO CIBERTEC CLASES_LENGUAJE DE PROGRAMACI脫N II_CLASES LPII_SESI脫N 04 LPII_LPII_Sesi贸n_04 - Sol_LPII_Sesion04_MV_GIT] INFO  o.eclipse.m2e.core.internal.Bundles - 	Entry: C:\EclipseJEE\plugins\org.eclipse.m2e.maven.runtime_3.9.900.20240824-1409\jars\maven-repository-metadata-3.9.9.jar
2026-01-22 14:25:04,353 [Worker-35: Launching Executing clean in F__ARCHIVOS_INSTITUTO CIBERTEC CLASES_LENGUAJE DE PROGRAMACI脫N II_CLASES LPII_SESI脫N 04 LPII_LPII_Sesi贸n_04 - Sol_LPII_Sesion04_MV_GIT] INFO  o.eclipse.m2e.core.internal.Bundles - 	Entry: C:\EclipseJEE\plugins\org.eclipse.m2e.maven.runtime_3.9.900.20240824-1409\jars\maven-resolver-api-1.9.22.jar
2026-01-22 14:25:04,353 [Worker-35: Launching Executing clean in F__ARCHIVOS_INSTITUTO CIBERTEC CLASES_LENGUAJE DE PROGRAMACI脫N II_CLASES LPII_SESI脫N 04 LPII_LPII_Sesi贸n_04 - Sol_LPII_Sesion04_MV_GIT] INFO  o.eclipse.m2e.core.internal.Bundles - 	Entry: C:\EclipseJEE\plugins\org.eclipse.m2e.maven.runtime_3.9.900.20240824-1409\jars\maven-resolver-connector-basic-1.9.22.jar
2026-01-22 14:25:04,353 [Worker-35: Launching Executing clean in F__ARCHIVOS_INSTITUTO CIBERTEC CLASES_LENGUAJE DE PROGRAMACI脫N II_CLASES LPII_SESI脫N 04 LPII_LPII_Sesi贸n_04 - Sol_LPII_Sesion04_MV_GIT] INFO  o.eclipse.m2e.core.internal.Bundles - 	Entry: C:\EclipseJEE\plugins\org.eclipse.m2e.maven.runtime_3.9.900.20240824-1409\jars\maven-resolver-impl-1.9.22.jar
2026-01-22 14:25:04,353 [Worker-35: Launching Executing clean in F__ARCHIVOS_INSTITUTO CIBERTEC CLASES_LENGUAJE DE PROGRAMACI脫N II_CLASES LPII_SESI脫N 04 LPII_LPII_Sesi贸n_04 - Sol_LPII_Sesion04_MV_GIT] INFO  o.eclipse.m2e.core.internal.Bundles - 	Entry: C:\EclipseJEE\plugins\org.eclipse.m2e.maven.runtime_3.9.900.20240824-1409\jars\maven-resolver-named-locks-1.9.22.jar
2026-01-22 14:25:04,353 [Worker-35: Launching Executing clean in F__ARCHIVOS_INSTITUTO CIBERTEC CLASES_LENGUAJE DE PROGRAMACI脫N II_CLASES LPII_SESI脫N 04 LPII_LPII_Sesi贸n_04 - Sol_LPII_Sesion04_MV_GIT] INFO  o.eclipse.m2e.core.internal.Bundles - 	Entry: C:\EclipseJEE\plugins\org.eclipse.m2e.maven.runtime_3.9.900.20240824-1409\jars\maven-resolver-provider-3.9.9.jar
2026-01-22 14:25:04,353 [Worker-35: Launching Executing clean in F__ARCHIVOS_INSTITUTO CIBERTEC CLASES_LENGUAJE DE PROGRAMACI脫N II_CLASES LPII_SESI脫N 04 LPII_LPII_Sesi贸n_04 - Sol_LPII_Sesion04_MV_GIT] INFO  o.eclipse.m2e.core.internal.Bundles - 	Entry: C:\EclipseJEE\plugins\org.eclipse.m2e.maven.runtime_3.9.900.20240824-1409\jars\maven-resolver-spi-1.9.22.jar
2026-01-22 14:25:04,353 [Worker-35: Launching Executing clean in F__ARCHIVOS_INSTITUTO CIBERTEC CLASES_LENGUAJE DE PROGRAMACI脫N II_CLASES LPII_SESI脫N 04 LPII_LPII_Sesi贸n_04 - Sol_LPII_Sesion04_MV_GIT] INFO  o.eclipse.m2e.core.internal.Bundles - 	Entry: C:\EclipseJEE\plugins\org.eclipse.m2e.maven.runtime_3.9.900.20240824-1409\jars\maven-resolver-transport-file-1.9.22.jar
2026-01-22 14:25:04,354 [Worker-35: Launching Executing clean in F__ARCHIVOS_INSTITUTO CIBERTEC CLASES_LENGUAJE DE PROGRAMACI脫N II_CLASES LPII_SESI脫N 04 LPII_LPII_Sesi贸n_04 - Sol_LPII_Sesion04_MV_GIT] INFO  o.eclipse.m2e.core.internal.Bundles - 	Entry: C:\EclipseJEE\plugins\org.eclipse.m2e.maven.runtime_3.9.900.20240824-1409\jars\maven-resolver-transport-http-1.9.22.jar
2026-01-22 14:25:04,354 [Worker-35: Launching Executing clean in F__ARCHIVOS_INSTITUTO CIBERTEC CLASES_LENGUAJE DE PROGRAMACI脫N II_CLASES LPII_SESI脫N 04 LPII_LPII_Sesi贸n_04 - Sol_LPII_Sesion04_MV_GIT] INFO  o.eclipse.m2e.core.internal.Bundles - 	Entry: C:\EclipseJEE\plugins\org.eclipse.m2e.maven.runtime_3.9.900.20240824-1409\jars\maven-resolver-transport-wagon-1.9.22.jar
2026-01-22 14:25:04,354 [Worker-35: Launching Executing clean in F__ARCHIVOS_INSTITUTO CIBERTEC CLASES_LENGUAJE DE PROGRAMACI脫N II_CLASES LPII_SESI脫N 04 LPII_LPII_Sesi贸n_04 - Sol_LPII_Sesion04_MV_GIT] INFO  o.eclipse.m2e.core.internal.Bundles - 	Entry: C:\EclipseJEE\plugins\org.eclipse.m2e.maven.runtime_3.9.900.20240824-1409\jars\maven-resolver-util-1.9.22.jar
2026-01-22 14:25:04,354 [Worker-35: Launching Executing clean in F__ARCHIVOS_INSTITUTO CIBERTEC CLASES_LENGUAJE DE PROGRAMACI脫N II_CLASES LPII_SESI脫N 04 LPII_LPII_Sesi贸n_04 - Sol_LPII_Sesion04_MV_GIT] INFO  o.eclipse.m2e.core.internal.Bundles - 	Entry: C:\EclipseJEE\plugins\org.eclipse.m2e.maven.runtime_3.9.900.20240824-1409\jars\maven-settings-3.9.9.jar
2026-01-22 14:25:04,354 [Worker-35: Launching Executing clean in F__ARCHIVOS_INSTITUTO CIBERTEC CLASES_LENGUAJE DE PROGRAMACI脫N II_CLASES LPII_SESI脫N 04 LPII_LPII_Sesi贸n_04 - Sol_LPII_Sesion04_MV_GIT] INFO  o.eclipse.m2e.core.internal.Bundles - 	Entry: C:\EclipseJEE\plugins\org.eclipse.m2e.maven.runtime_3.9.900.20240824-1409\jars\maven-settings-builder-3.9.9.jar
2026-01-22 14:25:04,354 [Worker-35: Launching Executing clean in F__ARCHIVOS_INSTITUTO CIBERTEC CLASES_LENGUAJE DE PROGRAMACI脫N II_CLASES LPII_SESI脫N 04 LPII_LPII_Sesi贸n_04 - Sol_LPII_Sesion04_MV_GIT] INFO  o.eclipse.m2e.core.internal.Bundles - 	Entry: C:\EclipseJEE\plugins\org.eclipse.m2e.maven.runtime_3.9.900.20240824-1409\jars\maven-shared-utils-3.4.2.jar
2026-01-22 14:25:04,354 [Worker-35: Launching Executing clean in F__ARCHIVOS_INSTITUTO CIBERTEC CLASES_LENGUAJE DE PROGRAMACI脫N II_CLASES LPII_SESI脫N 04 LPII_LPII_Sesi贸n_04 - Sol_LPII_Sesion04_MV_GIT] INFO  o.eclipse.m2e.core.internal.Bundles - 	Entry: C:\EclipseJEE\plugins\org.eclipse.m2e.maven.runtime_3.9.900.20240824-1409\jars\org.eclipse.sisu.inject-0.9.0.M3.jar
2026-01-22 14:25:04,354 [Worker-35: Launching Executing clean in F__ARCHIVOS_INSTITUTO CIBERTEC CLASES_LENGUAJE DE PROGRAMACI脫N II_CLASES LPII_SESI脫N 04 LPII_LPII_Sesi贸n_04 - Sol_LPII_Sesion04_MV_GIT] INFO  o.eclipse.m2e.core.internal.Bundles - 	Entry: C:\EclipseJEE\plugins\org.eclipse.m2e.maven.runtime_3.9.900.20240824-1409\jars\org.eclipse.sisu.plexus-0.9.0.M3.jar
2026-01-22 14:25:04,355 [Worker-35: Launching Executing clean in F__ARCHIVOS_INSTITUTO CIBERTEC CLASES_LENGUAJE DE PROGRAMACI脫N II_CLASES LPII_SESI脫N 04 LPII_LPII_Sesi贸n_04 - Sol_LPII_Sesion04_MV_GIT] INFO  o.eclipse.m2e.core.internal.Bundles - 	Entry: C:\EclipseJEE\plugins\org.eclipse.m2e.maven.runtime_3.9.900.20240824-1409\jars\plexus-build-api-0.0.7.jar
2026-01-22 14:25:04,355 [Worker-35: Launching Executing clean in F__ARCHIVOS_INSTITUTO CIBERTEC CLASES_LENGUAJE DE PROGRAMACI脫N II_CLASES LPII_SESI脫N 04 LPII_LPII_Sesi贸n_04 - Sol_LPII_Sesion04_MV_GIT] INFO  o.eclipse.m2e.core.internal.Bundles - 	Entry: C:\EclipseJEE\plugins\org.eclipse.m2e.maven.runtime_3.9.900.20240824-1409\jars\plexus-build-api-1.2.0.jar
2026-01-22 14:25:04,355 [Worker-35: Launching Executing clean in F__ARCHIVOS_INSTITUTO CIBERTEC CLASES_LENGUAJE DE PROGRAMACI脫N II_CLASES LPII_SESI脫N 04 LPII_LPII_Sesi贸n_04 - Sol_LPII_Sesion04_MV_GIT] INFO  o.eclipse.m2e.core.internal.Bundles - 	Entry: C:\EclipseJEE\plugins\org.eclipse.m2e.maven.runtime_3.9.900.20240824-1409\jars\plexus-cipher-2.0.jar
2026-01-22 14:25:04,355 [Worker-35: Launching Executing clean in F__ARCHIVOS_INSTITUTO CIBERTEC CLASES_LENGUAJE DE PROGRAMACI脫N II_CLASES LPII_SESI脫N 04 LPII_LPII_Sesi贸n_04 - Sol_LPII_Sesion04_MV_GIT] INFO  o.eclipse.m2e.core.internal.Bundles - 	Entry: C:\EclipseJEE\plugins\org.eclipse.m2e.maven.runtime_3.9.900.20240824-1409\jars\plexus-classworlds-2.8.0.jar
2026-01-22 14:25:04,355 [Worker-35: Launching Executing clean in F__ARCHIVOS_INSTITUTO CIBERTEC CLASES_LENGUAJE DE PROGRAMACI脫N II_CLASES LPII_SESI脫N 04 LPII_LPII_Sesi贸n_04 - Sol_LPII_Sesion04_MV_GIT] INFO  o.eclipse.m2e.core.internal.Bundles - 	Entry: C:\EclipseJEE\plugins\org.eclipse.m2e.maven.runtime_3.9.900.20240824-1409\jars\plexus-component-annotations-2.1.0.jar
2026-01-22 14:25:04,355 [Worker-35: Launching Executing clean in F__ARCHIVOS_INSTITUTO CIBERTEC CLASES_LENGUAJE DE PROGRAMACI脫N II_CLASES LPII_SESI脫N 04 LPII_LPII_Sesi贸n_04 - Sol_LPII_Sesion04_MV_GIT] INFO  o.eclipse.m2e.core.internal.Bundles - 	Entry: C:\EclipseJEE\plugins\org.eclipse.m2e.maven.runtime_3.9.900.20240824-1409\jars\plexus-interpolation-1.27.jar
2026-01-22 14:25:04,355 [Worker-35: Launching Executing clean in F__ARCHIVOS_INSTITUTO CIBERTEC CLASES_LENGUAJE DE PROGRAMACI脫N II_CLASES LPII_SESI脫N 04 LPII_LPII_Sesi贸n_04 - Sol_LPII_Sesion04_MV_GIT] INFO  o.eclipse.m2e.core.internal.Bundles - 	Entry: C:\EclipseJEE\plugins\org.eclipse.m2e.maven.runtime_3.9.900.20240824-1409\jars\plexus-sec-dispatcher-2.0.jar
2026-01-22 14:25:04,356 [Worker-35: Launching Executing clean in F__ARCHIVOS_INSTITUTO CIBERTEC CLASES_LENGUAJE DE PROGRAMACI脫N II_CLASES LPII_SESI脫N 04 LPII_LPII_Sesi贸n_04 - Sol_LPII_Sesion04_MV_GIT] INFO  o.eclipse.m2e.core.internal.Bundles - 	Entry: C:\EclipseJEE\plugins\org.eclipse.m2e.maven.runtime_3.9.900.20240824-1409\jars\plexus-utils-3.5.1.jar
2026-01-22 14:25:04,356 [Worker-35: Launching Executing clean in F__ARCHIVOS_INSTITUTO CIBERTEC CLASES_LENGUAJE DE PROGRAMACI脫N II_CLASES LPII_SESI脫N 04 LPII_LPII_Sesi贸n_04 - Sol_LPII_Sesion04_MV_GIT] INFO  o.eclipse.m2e.core.internal.Bundles - 	Entry: C:\EclipseJEE\plugins\org.eclipse.m2e.maven.runtime_3.9.900.20240824-1409\jars\plexus-xml-3.0.1.jar
2026-01-22 14:25:04,356 [Worker-35: Launching Executing clean in F__ARCHIVOS_INSTITUTO CIBERTEC CLASES_LENGUAJE DE PROGRAMACI脫N II_CLASES LPII_SESI脫N 04 LPII_LPII_Sesi贸n_04 - Sol_LPII_Sesion04_MV_GIT] INFO  o.eclipse.m2e.core.internal.Bundles - 	Entry: C:\EclipseJEE\plugins\org.eclipse.m2e.maven.runtime_3.9.900.20240824-1409\jars\wagon-file-3.5.3.jar
2026-01-22 14:25:04,356 [Worker-35: Launching Executing clean in F__ARCHIVOS_INSTITUTO CIBERTEC CLASES_LENGUAJE DE PROGRAMACI脫N II_CLASES LPII_SESI脫N 04 LPII_LPII_Sesi贸n_04 - Sol_LPII_Sesion04_MV_GIT] INFO  o.eclipse.m2e.core.internal.Bundles - 	Entry: C:\EclipseJEE\plugins\org.eclipse.m2e.maven.runtime_3.9.900.20240824-1409\jars\wagon-http-3.5.3.jar
2026-01-22 14:25:04,356 [Worker-35: Launching Executing clean in F__ARCHIVOS_INSTITUTO CIBERTEC CLASES_LENGUAJE DE PROGRAMACI脫N II_CLASES LPII_SESI脫N 04 LPII_LPII_Sesi贸n_04 - Sol_LPII_Sesion04_MV_GIT] INFO  o.eclipse.m2e.core.internal.Bundles - 	Entry: C:\EclipseJEE\plugins\org.eclipse.m2e.maven.runtime_3.9.900.20240824-1409\jars\wagon-http-shared-3.5.3.jar
2026-01-22 14:25:04,356 [Worker-35: Launching Executing clean in F__ARCHIVOS_INSTITUTO CIBERTEC CLASES_LENGUAJE DE PROGRAMACI脫N II_CLASES LPII_SESI脫N 04 LPII_LPII_Sesi贸n_04 - Sol_LPII_Sesion04_MV_GIT] INFO  o.eclipse.m2e.core.internal.Bundles - 	Entry: C:\EclipseJEE\plugins\org.eclipse.m2e.maven.runtime_3.9.900.20240824-1409\jars\wagon-provider-api-3.5.3.jar
2026-01-22 14:25:04,356 [Worker-35: Launching Executing clean in F__ARCHIVOS_INSTITUTO CIBERTEC CLASES_LENGUAJE DE PROGRAMACI脫N II_CLASES LPII_SESI脫N 04 LPII_LPII_Sesi贸n_04 - Sol_LPII_Sesion04_MV_GIT] INFO  o.eclipse.m2e.core.internal.Bundles - getClasspathEntries(Bundle=com.google.guava_33.3.1.jre [16])
2026-01-22 14:25:04,357 [Worker-35: Launching Executing clean in F__ARCHIVOS_INSTITUTO CIBERTEC CLASES_LENGUAJE DE PROGRAMACI脫N II_CLASES LPII_SESI脫N 04 LPII_LPII_Sesi贸n_04 - Sol_LPII_Sesion04_MV_GIT] INFO  o.eclipse.m2e.core.internal.Bundles - 	Entry: C:\EclipseJEE\plugins\com.google.guava_33.3.1.jre.jar
2026-01-22 14:25:04,357 [Worker-35: Launching Executing clean in F__ARCHIVOS_INSTITUTO CIBERTEC CLASES_LENGUAJE DE PROGRAMACI脫N II_CLASES LPII_SESI脫N 04 LPII_LPII_Sesi贸n_04 - Sol_LPII_Sesion04_MV_GIT] INFO  o.eclipse.m2e.core.internal.Bundles - getClasspathEntries(Bundle=slf4j.api_2.0.16 [1008])
2026-01-22 14:25:04,357 [Worker-35: Launching Executing clean in F__ARCHIVOS_INSTITUTO CIBERTEC CLASES_LENGUAJE DE PROGRAMACI脫N II_CLASES LPII_SESI脫N 04 LPII_LPII_Sesi贸n_04 - Sol_LPII_Sesion04_MV_GIT] INFO  o.eclipse.m2e.core.internal.Bundles - 	Entry: C:\EclipseJEE\plugins\slf4j.api_2.0.16.jar
2026-01-22 14:25:04,357 [Worker-35: Launching Executing clean in F__ARCHIVOS_INSTITUTO CIBERTEC CLASES_LENGUAJE DE PROGRAMACI脫N II_CLASES LPII_SESI脫N 04 LPII_LPII_Sesi贸n_04 - Sol_LPII_Sesion04_MV_GIT] INFO  o.eclipse.m2e.core.internal.Bundles - getClasspathEntries(Bundle=jakarta.inject.jakarta.inject-api_1.0.5 [34])
2026-01-22 14:25:04,357 [Worker-35: Launching Executing clean in F__ARCHIVOS_INSTITUTO CIBERTEC CLASES_LENGUAJE DE PROGRAMACI脫N II_CLASES LPII_SESI脫N 04 LPII_LPII_Sesi贸n_04 - Sol_LPII_Sesion04_MV_GIT] INFO  o.eclipse.m2e.core.internal.Bundles - 	Entry: C:\EclipseJEE\plugins\jakarta.inject.jakarta.inject-api_1.0.5.jar
2026-01-22 14:25:04,357 [Worker-35: Launching Executing clean in F__ARCHIVOS_INSTITUTO CIBERTEC CLASES_LENGUAJE DE PROGRAMACI脫N II_CLASES LPII_SESI脫N 04 LPII_LPII_Sesi贸n_04 - Sol_LPII_Sesion04_MV_GIT] INFO  o.eclipse.m2e.core.internal.Bundles - getClasspathEntries(Bundle=jakarta.annotation-api_1.3.5 [29])
2026-01-22 14:25:04,357 [Worker-35: Launching Executing clean in F__ARCHIVOS_INSTITUTO CIBERTEC CLASES_LENGUAJE DE PROGRAMACI脫N II_CLASES LPII_SESI脫N 04 LPII_LPII_Sesi贸n_04 - Sol_LPII_Sesion04_MV_GIT] INFO  o.eclipse.m2e.core.internal.Bundles - 	Entry: C:\EclipseJEE\plugins\jakarta.annotation-api_1.3.5.jar
2026-01-22 14:25:04,357 [Worker-35: Launching Executing clean in F__ARCHIVOS_INSTITUTO CIBERTEC CLASES_LENGUAJE DE PROGRAMACI脫N II_CLASES LPII_SESI脫N 04 LPII_LPII_Sesi贸n_04 - Sol_LPII_Sesion04_MV_GIT] INFO  o.eclipse.m2e.core.internal.Bundles - getClasspathEntries(Bundle=org.apache.commons.cli_1.9.0 [75])
2026-01-22 14:25:04,358 [Worker-35: Launching Executing clean in F__ARCHIVOS_INSTITUTO CIBERTEC CLASES_LENGUAJE DE PROGRAMACI脫N II_CLASES LPII_SESI脫N 04 LPII_LPII_Sesi贸n_04 - Sol_LPII_Sesion04_MV_GIT] INFO  o.eclipse.m2e.core.internal.Bundles - 	Entry: C:\EclipseJEE\plugins\org.apache.commons.cli_1.9.0.jar
2026-01-22 14:25:04,358 [Worker-35: Launching Executing clean in F__ARCHIVOS_INSTITUTO CIBERTEC CLASES_LENGUAJE DE PROGRAMACI脫N II_CLASES LPII_SESI脫N 04 LPII_LPII_Sesi贸n_04 - Sol_LPII_Sesion04_MV_GIT] INFO  o.eclipse.m2e.core.internal.Bundles - getClasspathEntries(Bundle=org.apache.commons.commons-codec_1.16.0 [78])
2026-01-22 14:25:04,358 [Worker-35: Launching Executing clean in F__ARCHIVOS_INSTITUTO CIBERTEC CLASES_LENGUAJE DE PROGRAMACI脫N II_CLASES LPII_SESI脫N 04 LPII_LPII_Sesi贸n_04 - Sol_LPII_Sesion04_MV_GIT] INFO  o.eclipse.m2e.core.internal.Bundles - 	Entry: C:\EclipseJEE\plugins\org.apache.commons.commons-codec_1.16.0.jar
2026-01-22 14:25:04,358 [Worker-35: Launching Executing clean in F__ARCHIVOS_INSTITUTO CIBERTEC CLASES_LENGUAJE DE PROGRAMACI脫N II_CLASES LPII_SESI脫N 04 LPII_LPII_Sesi贸n_04 - Sol_LPII_Sesion04_MV_GIT] INFO  o.eclipse.m2e.core.internal.Bundles - getClasspathEntries(Bundle=com.google.guava.failureaccess_1.0.2 [17])
2026-01-22 14:25:04,358 [Worker-35: Launching Executing clean in F__ARCHIVOS_INSTITUTO CIBERTEC CLASES_LENGUAJE DE PROGRAMACI脫N II_CLASES LPII_SESI脫N 04 LPII_LPII_Sesi贸n_04 - Sol_LPII_Sesion04_MV_GIT] INFO  o.eclipse.m2e.core.internal.Bundles - 	Entry: C:\EclipseJEE\plugins\com.google.guava.failureaccess_1.0.2.jar
2026-01-22 14:25:04,362 [Worker-35: Launching Executing clean in F__ARCHIVOS_INSTITUTO CIBERTEC CLASES_LENGUAJE DE PROGRAMACI脫N II_CLASES LPII_SESI脫N 04 LPII_LPII_Sesi贸n_04 - Sol_LPII_Sesion04_MV_GIT] INFO  o.e.m.i.launch.MavenLaunchDelegate - Run build in "F:\ARCHIVOS\INSTITUTO CIBERTEC CLASES\LENGUAJE DE PROGRAMACI脫N II\CLASES LPII\SESI脫N 04 LPII\LPII_Sesi贸n_04 - Sol\LPII_Sesion04_MV_GIT":
2026-01-22 14:25:04,362 [Worker-35: Launching Executing clean in F__ARCHIVOS_INSTITUTO CIBERTEC CLASES_LENGUAJE DE PROGRAMACI脫N II_CLASES LPII_SESI脫N 04 LPII_LPII_Sesi贸n_04 - Sol_LPII_Sesion04_MV_GIT] INFO  o.e.m.i.launch.MavenLaunchDelegate -  mvn  -B -Dstyle.color=always clean
2026-01-22 14:25:16,556 [Worker-27: Updating Maven Project] INFO  o.e.m.c.i.p.ProjectConfigurationManager - Update started
2026-01-22 14:25:16,696 [Worker-27: Updating Maven Project] INFO  o.e.m.c.i.l.LifecycleMappingFactory - Using org.eclipse.m2e.jdt.JarLifecycleMapping lifecycle mapping for MavenProject: org.cibertec:LPII_Sesion04_MV_GIT:0.0.1-SNAPSHOT @ F:\ARCHIVOS\INSTITUTO CIBERTEC CLASES\LENGUAJE DE PROGRAMACI脫N II\CLASES LPII\SESI脫N 04 LPII\LPII_Sesi贸n_04 - Sol\LPII_Sesion04_MV_GIT\pom.xml.
2026-01-22 14:25:17,129 [Worker-27: Updating Maven Project] INFO  o.e.m.j.i.AbstractJavaProjectConfigurator - Adding source folder /LPII_Sesion04_MV_GIT/src/main/java
2026-01-22 14:25:17,129 [Worker-27: Updating Maven Project] INFO  o.e.m.j.i.AbstractJavaProjectConfigurator - Adding resource folder /LPII_Sesion04_MV_GIT/src/main/resources
2026-01-22 14:25:17,129 [Worker-27: Updating Maven Project] INFO  o.e.m.j.i.AbstractJavaProjectConfigurator - Adding source folder /LPII_Sesion04_MV_GIT/src/test/java
2026-01-22 14:25:17,130 [Worker-27: Updating Maven Project] INFO  o.e.m.j.i.AbstractJavaProjectConfigurator - Adding resource folder /LPII_Sesion04_MV_GIT/src/test/resources
2026-01-22 14:25:17,306 [Worker-27: Updating Maven Project] INFO  o.e.m.c.i.p.ProjectConfigurationManager - Update completed for 1 poms: local refresh takes 0.00 sec, refresh facades takes 0.00 sec, update config takes 0.00 sec 
2026-01-22 14:25:17,769 [Worker-36: Building] INFO  o.a.m.s.f.DefaultMavenResourcesFiltering - Copying 1 resource from src\main\resources to target\classes
2026-01-22 14:25:17,777 [Worker-36: Building] INFO  o.a.m.s.f.DefaultMavenResourcesFiltering - skip non existing resourceDirectory F:\ARCHIVOS\INSTITUTO CIBERTEC CLASES\LENGUAJE DE PROGRAMACI脫N II\CLASES LPII\SESI脫N 04 LPII\LPII_Sesi贸n_04 - Sol\LPII_Sesion04_MV_GIT\src\test\resources
2026-01-22 14:55:29,537 [Worker-39: Updating Maven Project] INFO  o.e.m.c.i.p.ProjectConfigurationManager - Update started
2026-01-22 14:55:29,683 [Worker-39: Updating Maven Project] INFO  o.e.m.c.i.l.LifecycleMappingFactory - Using org.eclipse.m2e.jdt.JarLifecycleMapping lifecycle mapping for MavenProject: org.cibertec:LPII_Sesion04_MV_GIT:0.0.1-SNAPSHOT @ F:\ARCHIVOS\INSTITUTO CIBERTEC CLASES\LENGUAJE DE PROGRAMACI脫N II\CLASES LPII\SESI脫N 04 LPII\LPII_Sesi贸n_04 - Sol\LPII_Sesion04_MV_GIT\pom.xml.
2026-01-22 14:55:29,902 [Worker-39: Updating Maven Project] INFO  o.e.m.j.i.AbstractJavaProjectConfigurator - Adding source folder /LPII_Sesion04_MV_GIT/src/main/java
2026-01-22 14:55:29,903 [Worker-39: Updating Maven Project] INFO  o.e.m.j.i.AbstractJavaProjectConfigurator - Adding resource folder /LPII_Sesion04_MV_GIT/src/main/resources
2026-01-22 14:55:29,903 [Worker-39: Updating Maven Project] INFO  o.e.m.j.i.AbstractJavaProjectConfigurator - Adding source folder /LPII_Sesion04_MV_GIT/src/test/java
2026-01-22 14:55:29,903 [Worker-39: Updating Maven Project] INFO  o.e.m.j.i.AbstractJavaProjectConfigurator - Adding resource folder /LPII_Sesion04_MV_GIT/src/test/resources
2026-01-22 14:55:30,088 [Worker-39: Updating Maven Project] INFO  o.e.m.c.i.p.ProjectConfigurationManager - Update completed for 1 poms: local refresh takes 0.00 sec, refresh facades takes 0.00 sec, update config takes 0.00 sec 
2026-01-22 14:55:30,810 [Worker-42: Building] INFO  o.a.m.s.f.DefaultMavenResourcesFiltering - Copying 1 resource from src\main\resources to target\classes
2026-01-22 14:55:30,817 [Worker-42: Building] INFO  o.a.m.s.f.DefaultMavenResourcesFiltering - skip non existing resourceDirectory F:\ARCHIVOS\INSTITUTO CIBERTEC CLASES\LENGUAJE DE PROGRAMACI脫N II\CLASES LPII\SESI脫N 04 LPII\LPII_Sesi贸n_04 - Sol\LPII_Sesion04_MV_GIT\src\test\resources
2026-01-22 14:55:36,658 [Worker-43: Building] INFO  o.a.m.s.f.DefaultMavenResourcesFiltering - Copying 1 resource from src\main\resources to target\classes
2026-01-22 14:55:36,664 [Worker-43: Building] INFO  o.a.m.s.f.DefaultMavenResourcesFiltering - skip non existing resourceDirectory F:\ARCHIVOS\INSTITUTO CIBERTEC CLASES\LENGUAJE DE PROGRAMACI脫N II\CLASES LPII\SESI脫N 04 LPII\LPII_Sesi贸n_04 - Sol\LPII_Sesion04_MV_GIT\src\test\resources
2026-01-22 14:56:42,074 [Worker-43: Building] INFO  o.a.m.s.f.DefaultMavenResourcesFiltering - Copying 1 resource from src\main\resources to target\classes
2026-01-22 14:56:42,079 [Worker-43: Building] INFO  o.a.m.s.f.DefaultMavenResourcesFiltering - skip non existing resourceDirectory F:\ARCHIVOS\INSTITUTO CIBERTEC CLASES\LENGUAJE DE PROGRAMACI脫N II\CLASES LPII\SESI脫N 04 LPII\LPII_Sesi贸n_04 - Sol\LPII_Sesion04_MV_GIT\src\test\resources
2026-01-22 14:59:01,659 [Worker-43: Building] INFO  o.a.m.s.f.DefaultMavenResourcesFiltering - Copying 1 resource from src\main\resources to target\classes
2026-01-22 14:59:01,936 [Worker-43: Building] INFO  o.a.m.s.f.DefaultMavenResourcesFiltering - skip non existing resourceDirectory F:\ARCHIVOS\INSTITUTO CIBERTEC CLASES\LENGUAJE DE PROGRAMACI脫N II\CLASES LPII\SESI脫N 04 LPII\LPII_Sesi贸n_04 - Sol\LPII_Sesion04_MV_GIT\src\test\resources
2026-01-22 15:00:43,339 [Worker-42: Launching FrmManteProd (1)] INFO  o.a.m.s.f.DefaultMavenResourcesFiltering - Copying 1 resource from src\main\resources to target\classes
2026-01-22 15:00:43,343 [Worker-42: Launching FrmManteProd (1)] INFO  o.a.m.s.f.DefaultMavenResourcesFiltering - skip non existing resourceDirectory F:\ARCHIVOS\INSTITUTO CIBERTEC CLASES\LENGUAJE DE PROGRAMACI脫N II\CLASES LPII\SESI脫N 04 LPII\LPII_Sesi贸n_04 - Sol\LPII_Sesion04_MV_GIT\src\test\resources
2026-01-22 15:06:18,690 [Worker-45: Building] INFO  o.a.m.s.f.DefaultMavenResourcesFiltering - Copying 1 resource from src\main\resources to target\classes
2026-01-22 15:06:18,692 [Worker-45: Building] INFO  o.a.m.s.f.DefaultMavenResourcesFiltering - skip non existing resourceDirectory F:\ARCHIVOS\INSTITUTO CIBERTEC CLASES\LENGUAJE DE PROGRAMACI脫N II\CLASES LPII\SESI脫N 04 LPII\LPII_Sesi贸n_04 - Sol\LPII_Sesion04_MV_GIT\src\test\resources
2026-01-22 15:11:36,212 [Worker-47: Building] INFO  o.a.m.s.f.DefaultMavenResourcesFiltering - Copying 1 resource from src\main\resources to target\classes
2026-01-22 15:11:36,215 [Worker-47: Building] INFO  o.a.m.s.f.DefaultMavenResourcesFiltering - skip non existing resourceDirectory F:\ARCHIVOS\INSTITUTO CIBERTEC CLASES\LENGUAJE DE PROGRAMACI脫N II\CLASES LPII\SESI脫N 04 LPII\LPII_Sesi贸n_04 - Sol\LPII_Sesion04_MV_GIT\src\test\resources
2026-01-22 15:12:14,297 [Worker-47: Launching Executing clean in F__ARCHIVOS_INSTITUTO CIBERTEC CLASES_LENGUAJE DE PROGRAMACI脫N II_CLASES LPII_SESI脫N 04 LPII_LPII_Sesi贸n_04 - Sol_LPII_Sesion04_MV_GIT] INFO  o.eclipse.m2e.core.internal.Bundles - getClasspathEntries(Bundle=org.eclipse.m2e.maven.runtime_3.9.900.20240824-1409 [641])
2026-01-22 15:12:14,298 [Worker-47: Launching Executing clean in F__ARCHIVOS_INSTITUTO CIBERTEC CLASES_LENGUAJE DE PROGRAMACI脫N II_CLASES LPII_SESI脫N 04 LPII_LPII_Sesi贸n_04 - Sol_LPII_Sesion04_MV_GIT] INFO  o.eclipse.m2e.core.internal.Bundles - 	Entry: C:\EclipseJEE\plugins\org.eclipse.m2e.maven.runtime_3.9.900.20240824-1409
2026-01-22 15:12:14,298 [Worker-47: Launching Executing clean in F__ARCHIVOS_INSTITUTO CIBERTEC CLASES_LENGUAJE DE PROGRAMACI脫N II_CLASES LPII_SESI脫N 04 LPII_LPII_Sesi贸n_04 - Sol_LPII_Sesion04_MV_GIT] INFO  o.eclipse.m2e.core.internal.Bundles - 	Entry: C:\EclipseJEE\plugins\org.eclipse.m2e.maven.runtime_3.9.900.20240824-1409\jars\aopalliance-1.0.jar
2026-01-22 15:12:14,298 [Worker-47: Launching Executing clean in F__ARCHIVOS_INSTITUTO CIBERTEC CLASES_LENGUAJE DE PROGRAMACI脫N II_CLASES LPII_SESI脫N 04 LPII_LPII_Sesi贸n_04 - Sol_LPII_Sesion04_MV_GIT] INFO  o.eclipse.m2e.core.internal.Bundles - 	Entry: C:\EclipseJEE\plugins\org.eclipse.m2e.maven.runtime_3.9.900.20240824-1409\jars\guice-5.1.0.jar
2026-01-22 15:12:14,298 [Worker-47: Launching Executing clean in F__ARCHIVOS_INSTITUTO CIBERTEC CLASES_LENGUAJE DE PROGRAMACI脫N II_CLASES LPII_SESI脫N 04 LPII_LPII_Sesi贸n_04 - Sol_LPII_Sesion04_MV_GIT] INFO  o.eclipse.m2e.core.internal.Bundles - 	Entry: C:\EclipseJEE\plugins\org.eclipse.m2e.maven.runtime_3.9.900.20240824-1409\jars\httpclient-4.5.14.jar
2026-01-22 15:12:14,298 [Worker-47: Launching Executing clean in F__ARCHIVOS_INSTITUTO CIBERTEC CLASES_LENGUAJE DE PROGRAMACI脫N II_CLASES LPII_SESI脫N 04 LPII_LPII_Sesi贸n_04 - Sol_LPII_Sesion04_MV_GIT] INFO  o.eclipse.m2e.core.internal.Bundles - 	Entry: C:\EclipseJEE\plugins\org.eclipse.m2e.maven.runtime_3.9.900.20240824-1409\jars\httpcore-4.4.16.jar
2026-01-22 15:12:14,298 [Worker-47: Launching Executing clean in F__ARCHIVOS_INSTITUTO CIBERTEC CLASES_LENGUAJE DE PROGRAMACI脫N II_CLASES LPII_SESI脫N 04 LPII_LPII_Sesi贸n_04 - Sol_LPII_Sesion04_MV_GIT] INFO  o.eclipse.m2e.core.internal.Bundles - 	Entry: C:\EclipseJEE\plugins\org.eclipse.m2e.maven.runtime_3.9.900.20240824-1409\jars\jansi-2.4.1.jar
2026-01-22 15:12:14,299 [Worker-47: Launching Executing clean in F__ARCHIVOS_INSTITUTO CIBERTEC CLASES_LENGUAJE DE PROGRAMACI脫N II_CLASES LPII_SESI脫N 04 LPII_LPII_Sesi贸n_04 - Sol_LPII_Sesion04_MV_GIT] INFO  o.eclipse.m2e.core.internal.Bundles - 	Entry: C:\EclipseJEE\plugins\org.eclipse.m2e.maven.runtime_3.9.900.20240824-1409\jars\jcl-over-slf4j-1.7.36.jar
2026-01-22 15:12:14,299 [Worker-47: Launching Executing clean in F__ARCHIVOS_INSTITUTO CIBERTEC CLASES_LENGUAJE DE PROGRAMACI脫N II_CLASES LPII_SESI脫N 04 LPII_LPII_Sesi贸n_04 - Sol_LPII_Sesion04_MV_GIT] INFO  o.eclipse.m2e.core.internal.Bundles - 	Entry: C:\EclipseJEE\plugins\org.eclipse.m2e.maven.runtime_3.9.900.20240824-1409\jars\maven-artifact-3.9.9.jar
2026-01-22 15:12:14,299 [Worker-47: Launching Executing clean in F__ARCHIVOS_INSTITUTO CIBERTEC CLASES_LENGUAJE DE PROGRAMACI脫N II_CLASES LPII_SESI脫N 04 LPII_LPII_Sesi贸n_04 - Sol_LPII_Sesion04_MV_GIT] INFO  o.eclipse.m2e.core.internal.Bundles - 	Entry: C:\EclipseJEE\plugins\org.eclipse.m2e.maven.runtime_3.9.900.20240824-1409\jars\maven-builder-support-3.9.9.jar
2026-01-22 15:12:14,299 [Worker-47: Launching Executing clean in F__ARCHIVOS_INSTITUTO CIBERTEC CLASES_LENGUAJE DE PROGRAMACI脫N II_CLASES LPII_SESI脫N 04 LPII_LPII_Sesi贸n_04 - Sol_LPII_Sesion04_MV_GIT] INFO  o.eclipse.m2e.core.internal.Bundles - 	Entry: C:\EclipseJEE\plugins\org.eclipse.m2e.maven.runtime_3.9.900.20240824-1409\jars\maven-compat-3.9.9.jar
2026-01-22 15:12:14,299 [Worker-47: Launching Executing clean in F__ARCHIVOS_INSTITUTO CIBERTEC CLASES_LENGUAJE DE PROGRAMACI脫N II_CLASES LPII_SESI脫N 04 LPII_LPII_Sesi贸n_04 - Sol_LPII_Sesion04_MV_GIT] INFO  o.eclipse.m2e.core.internal.Bundles - 	Entry: C:\EclipseJEE\plugins\org.eclipse.m2e.maven.runtime_3.9.900.20240824-1409\jars\maven-core-3.9.9.jar
2026-01-22 15:12:14,299 [Worker-47: Launching Executing clean in F__ARCHIVOS_INSTITUTO CIBERTEC CLASES_LENGUAJE DE PROGRAMACI脫N II_CLASES LPII_SESI脫N 04 LPII_LPII_Sesi贸n_04 - Sol_LPII_Sesion04_MV_GIT] INFO  o.eclipse.m2e.core.internal.Bundles - 	Entry: C:\EclipseJEE\plugins\org.eclipse.m2e.maven.runtime_3.9.900.20240824-1409\jars\maven-embedder-3.9.9.jar
2026-01-22 15:12:14,300 [Worker-47: Launching Executing clean in F__ARCHIVOS_INSTITUTO CIBERTEC CLASES_LENGUAJE DE PROGRAMACI脫N II_CLASES LPII_SESI脫N 04 LPII_LPII_Sesi贸n_04 - Sol_LPII_Sesion04_MV_GIT] INFO  o.eclipse.m2e.core.internal.Bundles - 	Entry: C:\EclipseJEE\plugins\org.eclipse.m2e.maven.runtime_3.9.900.20240824-1409\jars\maven-model-3.9.9.jar
2026-01-22 15:12:14,300 [Worker-47: Launching Executing clean in F__ARCHIVOS_INSTITUTO CIBERTEC CLASES_LENGUAJE DE PROGRAMACI脫N II_CLASES LPII_SESI脫N 04 LPII_LPII_Sesi贸n_04 - Sol_LPII_Sesion04_MV_GIT] INFO  o.eclipse.m2e.core.internal.Bundles - 	Entry: C:\EclipseJEE\plugins\org.eclipse.m2e.maven.runtime_3.9.900.20240824-1409\jars\maven-model-builder-3.9.9.jar
2026-01-22 15:12:14,300 [Worker-47: Launching Executing clean in F__ARCHIVOS_INSTITUTO CIBERTEC CLASES_LENGUAJE DE PROGRAMACI脫N II_CLASES LPII_SESI脫N 04 LPII_LPII_Sesi贸n_04 - Sol_LPII_Sesion04_MV_GIT] INFO  o.eclipse.m2e.core.internal.Bundles - 	Entry: C:\EclipseJEE\plugins\org.eclipse.m2e.maven.runtime_3.9.900.20240824-1409\jars\maven-plugin-api-3.9.9.jar
2026-01-22 15:12:14,300 [Worker-47: Launching Executing clean in F__ARCHIVOS_INSTITUTO CIBERTEC CLASES_LENGUAJE DE PROGRAMACI脫N II_CLASES LPII_SESI脫N 04 LPII_LPII_Sesi贸n_04 - Sol_LPII_Sesion04_MV_GIT] INFO  o.eclipse.m2e.core.internal.Bundles - 	Entry: C:\EclipseJEE\plugins\org.eclipse.m2e.maven.runtime_3.9.900.20240824-1409\jars\maven-repository-metadata-3.9.9.jar
2026-01-22 15:12:14,300 [Worker-47: Launching Executing clean in F__ARCHIVOS_INSTITUTO CIBERTEC CLASES_LENGUAJE DE PROGRAMACI脫N II_CLASES LPII_SESI脫N 04 LPII_LPII_Sesi贸n_04 - Sol_LPII_Sesion04_MV_GIT] INFO  o.eclipse.m2e.core.internal.Bundles - 	Entry: C:\EclipseJEE\plugins\org.eclipse.m2e.maven.runtime_3.9.900.20240824-1409\jars\maven-resolver-api-1.9.22.jar
2026-01-22 15:12:14,300 [Worker-47: Launching Executing clean in F__ARCHIVOS_INSTITUTO CIBERTEC CLASES_LENGUAJE DE PROGRAMACI脫N II_CLASES LPII_SESI脫N 04 LPII_LPII_Sesi贸n_04 - Sol_LPII_Sesion04_MV_GIT] INFO  o.eclipse.m2e.core.internal.Bundles - 	Entry: C:\EclipseJEE\plugins\org.eclipse.m2e.maven.runtime_3.9.900.20240824-1409\jars\maven-resolver-connector-basic-1.9.22.jar
2026-01-22 15:12:14,301 [Worker-47: Launching Executing clean in F__ARCHIVOS_INSTITUTO CIBERTEC CLASES_LENGUAJE DE PROGRAMACI脫N II_CLASES LPII_SESI脫N 04 LPII_LPII_Sesi贸n_04 - Sol_LPII_Sesion04_MV_GIT] INFO  o.eclipse.m2e.core.internal.Bundles - 	Entry: C:\EclipseJEE\plugins\org.eclipse.m2e.maven.runtime_3.9.900.20240824-1409\jars\maven-resolver-impl-1.9.22.jar
2026-01-22 15:12:14,301 [Worker-47: Launching Executing clean in F__ARCHIVOS_INSTITUTO CIBERTEC CLASES_LENGUAJE DE PROGRAMACI脫N II_CLASES LPII_SESI脫N 04 LPII_LPII_Sesi贸n_04 - Sol_LPII_Sesion04_MV_GIT] INFO  o.eclipse.m2e.core.internal.Bundles - 	Entry: C:\EclipseJEE\plugins\org.eclipse.m2e.maven.runtime_3.9.900.20240824-1409\jars\maven-resolver-named-locks-1.9.22.jar
2026-01-22 15:12:14,301 [Worker-47: Launching Executing clean in F__ARCHIVOS_INSTITUTO CIBERTEC CLASES_LENGUAJE DE PROGRAMACI脫N II_CLASES LPII_SESI脫N 04 LPII_LPII_Sesi贸n_04 - Sol_LPII_Sesion04_MV_GIT] INFO  o.eclipse.m2e.core.internal.Bundles - 	Entry: C:\EclipseJEE\plugins\org.eclipse.m2e.maven.runtime_3.9.900.20240824-1409\jars\maven-resolver-provider-3.9.9.jar
2026-01-22 15:12:14,301 [Worker-47: Launching Executing clean in F__ARCHIVOS_INSTITUTO CIBERTEC CLASES_LENGUAJE DE PROGRAMACI脫N II_CLASES LPII_SESI脫N 04 LPII_LPII_Sesi贸n_04 - Sol_LPII_Sesion04_MV_GIT] INFO  o.eclipse.m2e.core.internal.Bundles - 	Entry: C:\EclipseJEE\plugins\org.eclipse.m2e.maven.runtime_3.9.900.20240824-1409\jars\maven-resolver-spi-1.9.22.jar
2026-01-22 15:12:14,301 [Worker-47: Launching Executing clean in F__ARCHIVOS_INSTITUTO CIBERTEC CLASES_LENGUAJE DE PROGRAMACI脫N II_CLASES LPII_SESI脫N 04 LPII_LPII_Sesi贸n_04 - Sol_LPII_Sesion04_MV_GIT] INFO  o.eclipse.m2e.core.internal.Bundles - 	Entry: C:\EclipseJEE\plugins\org.eclipse.m2e.maven.runtime_3.9.900.20240824-1409\jars\maven-resolver-transport-file-1.9.22.jar
2026-01-22 15:12:14,301 [Worker-47: Launching Executing clean in F__ARCHIVOS_INSTITUTO CIBERTEC CLASES_LENGUAJE DE PROGRAMACI脫N II_CLASES LPII_SESI脫N 04 LPII_LPII_Sesi贸n_04 - Sol_LPII_Sesion04_MV_GIT] INFO  o.eclipse.m2e.core.internal.Bundles - 	Entry: C:\EclipseJEE\plugins\org.eclipse.m2e.maven.runtime_3.9.900.20240824-1409\jars\maven-resolver-transport-http-1.9.22.jar
2026-01-22 15:12:14,301 [Worker-47: Launching Executing clean in F__ARCHIVOS_INSTITUTO CIBERTEC CLASES_LENGUAJE DE PROGRAMACI脫N II_CLASES LPII_SESI脫N 04 LPII_LPII_Sesi贸n_04 - Sol_LPII_Sesion04_MV_GIT] INFO  o.eclipse.m2e.core.internal.Bundles - 	Entry: C:\EclipseJEE\plugins\org.eclipse.m2e.maven.runtime_3.9.900.20240824-1409\jars\maven-resolver-transport-wagon-1.9.22.jar
2026-01-22 15:12:14,301 [Worker-47: Launching Executing clean in F__ARCHIVOS_INSTITUTO CIBERTEC CLASES_LENGUAJE DE PROGRAMACI脫N II_CLASES LPII_SESI脫N 04 LPII_LPII_Sesi贸n_04 - Sol_LPII_Sesion04_MV_GIT] INFO  o.eclipse.m2e.core.internal.Bundles - 	Entry: C:\EclipseJEE\plugins\org.eclipse.m2e.maven.runtime_3.9.900.20240824-1409\jars\maven-resolver-util-1.9.22.jar
2026-01-22 15:12:14,302 [Worker-47: Launching Executing clean in F__ARCHIVOS_INSTITUTO CIBERTEC CLASES_LENGUAJE DE PROGRAMACI脫N II_CLASES LPII_SESI脫N 04 LPII_LPII_Sesi贸n_04 - Sol_LPII_Sesion04_MV_GIT] INFO  o.eclipse.m2e.core.internal.Bundles - 	Entry: C:\EclipseJEE\plugins\org.eclipse.m2e.maven.runtime_3.9.900.20240824-1409\jars\maven-settings-3.9.9.jar
2026-01-22 15:12:14,302 [Worker-47: Launching Executing clean in F__ARCHIVOS_INSTITUTO CIBERTEC CLASES_LENGUAJE DE PROGRAMACI脫N II_CLASES LPII_SESI脫N 04 LPII_LPII_Sesi贸n_04 - Sol_LPII_Sesion04_MV_GIT] INFO  o.eclipse.m2e.core.internal.Bundles - 	Entry: C:\EclipseJEE\plugins\org.eclipse.m2e.maven.runtime_3.9.900.20240824-1409\jars\maven-settings-builder-3.9.9.jar
2026-01-22 15:12:14,302 [Worker-47: Launching Executing clean in F__ARCHIVOS_INSTITUTO CIBERTEC CLASES_LENGUAJE DE PROGRAMACI脫N II_CLASES LPII_SESI脫N 04 LPII_LPII_Sesi贸n_04 - Sol_LPII_Sesion04_MV_GIT] INFO  o.eclipse.m2e.core.internal.Bundles - 	Entry: C:\EclipseJEE\plugins\org.eclipse.m2e.maven.runtime_3.9.900.20240824-1409\jars\maven-shared-utils-3.4.2.jar
2026-01-22 15:12:14,302 [Worker-47: Launching Executing clean in F__ARCHIVOS_INSTITUTO CIBERTEC CLASES_LENGUAJE DE PROGRAMACI脫N II_CLASES LPII_SESI脫N 04 LPII_LPII_Sesi贸n_04 - Sol_LPII_Sesion04_MV_GIT] INFO  o.eclipse.m2e.core.internal.Bundles - 	Entry: C:\EclipseJEE\plugins\org.eclipse.m2e.maven.runtime_3.9.900.20240824-1409\jars\org.eclipse.sisu.inject-0.9.0.M3.jar
2026-01-22 15:12:14,302 [Worker-47: Launching Executing clean in F__ARCHIVOS_INSTITUTO CIBERTEC CLASES_LENGUAJE DE PROGRAMACI脫N II_CLASES LPII_SESI脫N 04 LPII_LPII_Sesi贸n_04 - Sol_LPII_Sesion04_MV_GIT] INFO  o.eclipse.m2e.core.internal.Bundles - 	Entry: C:\EclipseJEE\plugins\org.eclipse.m2e.maven.runtime_3.9.900.20240824-1409\jars\org.eclipse.sisu.plexus-0.9.0.M3.jar
2026-01-22 15:12:14,302 [Worker-47: Launching Executing clean in F__ARCHIVOS_INSTITUTO CIBERTEC CLASES_LENGUAJE DE PROGRAMACI脫N II_CLASES LPII_SESI脫N 04 LPII_LPII_Sesi贸n_04 - Sol_LPII_Sesion04_MV_GIT] INFO  o.eclipse.m2e.core.internal.Bundles - 	Entry: C:\EclipseJEE\plugins\org.eclipse.m2e.maven.runtime_3.9.900.20240824-1409\jars\plexus-build-api-0.0.7.jar
2026-01-22 15:12:14,302 [Worker-47: Launching Executing clean in F__ARCHIVOS_INSTITUTO CIBERTEC CLASES_LENGUAJE DE PROGRAMACI脫N II_CLASES LPII_SESI脫N 04 LPII_LPII_Sesi贸n_04 - Sol_LPII_Sesion04_MV_GIT] INFO  o.eclipse.m2e.core.internal.Bundles - 	Entry: C:\EclipseJEE\plugins\org.eclipse.m2e.maven.runtime_3.9.900.20240824-1409\jars\plexus-build-api-1.2.0.jar
2026-01-22 15:12:14,303 [Worker-47: Launching Executing clean in F__ARCHIVOS_INSTITUTO CIBERTEC CLASES_LENGUAJE DE PROGRAMACI脫N II_CLASES LPII_SESI脫N 04 LPII_LPII_Sesi贸n_04 - Sol_LPII_Sesion04_MV_GIT] INFO  o.eclipse.m2e.core.internal.Bundles - 	Entry: C:\EclipseJEE\plugins\org.eclipse.m2e.maven.runtime_3.9.900.20240824-1409\jars\plexus-cipher-2.0.jar
2026-01-22 15:12:14,303 [Worker-47: Launching Executing clean in F__ARCHIVOS_INSTITUTO CIBERTEC CLASES_LENGUAJE DE PROGRAMACI脫N II_CLASES LPII_SESI脫N 04 LPII_LPII_Sesi贸n_04 - Sol_LPII_Sesion04_MV_GIT] INFO  o.eclipse.m2e.core.internal.Bundles - 	Entry: C:\EclipseJEE\plugins\org.eclipse.m2e.maven.runtime_3.9.900.20240824-1409\jars\plexus-classworlds-2.8.0.jar
2026-01-22 15:12:14,303 [Worker-47: Launching Executing clean in F__ARCHIVOS_INSTITUTO CIBERTEC CLASES_LENGUAJE DE PROGRAMACI脫N II_CLASES LPII_SESI脫N 04 LPII_LPII_Sesi贸n_04 - Sol_LPII_Sesion04_MV_GIT] INFO  o.eclipse.m2e.core.internal.Bundles - 	Entry: C:\EclipseJEE\plugins\org.eclipse.m2e.maven.runtime_3.9.900.20240824-1409\jars\plexus-component-annotations-2.1.0.jar
2026-01-22 15:12:14,303 [Worker-47: Launching Executing clean in F__ARCHIVOS_INSTITUTO CIBERTEC CLASES_LENGUAJE DE PROGRAMACI脫N II_CLASES LPII_SESI脫N 04 LPII_LPII_Sesi贸n_04 - Sol_LPII_Sesion04_MV_GIT] INFO  o.eclipse.m2e.core.internal.Bundles - 	Entry: C:\EclipseJEE\plugins\org.eclipse.m2e.maven.runtime_3.9.900.20240824-1409\jars\plexus-interpolation-1.27.jar
2026-01-22 15:12:14,303 [Worker-47: Launching Executing clean in F__ARCHIVOS_INSTITUTO CIBERTEC CLASES_LENGUAJE DE PROGRAMACI脫N II_CLASES LPII_SESI脫N 04 LPII_LPII_Sesi贸n_04 - Sol_LPII_Sesion04_MV_GIT] INFO  o.eclipse.m2e.core.internal.Bundles - 	Entry: C:\EclipseJEE\plugins\org.eclipse.m2e.maven.runtime_3.9.900.20240824-1409\jars\plexus-sec-dispatcher-2.0.jar
2026-01-22 15:12:14,303 [Worker-47: Launching Executing clean in F__ARCHIVOS_INSTITUTO CIBERTEC CLASES_LENGUAJE DE PROGRAMACI脫N II_CLASES LPII_SESI脫N 04 LPII_LPII_Sesi贸n_04 - Sol_LPII_Sesion04_MV_GIT] INFO  o.eclipse.m2e.core.internal.Bundles - 	Entry: C:\EclipseJEE\plugins\org.eclipse.m2e.maven.runtime_3.9.900.20240824-1409\jars\plexus-utils-3.5.1.jar
2026-01-22 15:12:14,303 [Worker-47: Launching Executing clean in F__ARCHIVOS_INSTITUTO CIBERTEC CLASES_LENGUAJE DE PROGRAMACI脫N II_CLASES LPII_SESI脫N 04 LPII_LPII_Sesi贸n_04 - Sol_LPII_Sesion04_MV_GIT] INFO  o.eclipse.m2e.core.internal.Bundles - 	Entry: C:\EclipseJEE\plugins\org.eclipse.m2e.maven.runtime_3.9.900.20240824-1409\jars\plexus-xml-3.0.1.jar
2026-01-22 15:12:14,303 [Worker-47: Launching Executing clean in F__ARCHIVOS_INSTITUTO CIBERTEC CLASES_LENGUAJE DE PROGRAMACI脫N II_CLASES LPII_SESI脫N 04 LPII_LPII_Sesi贸n_04 - Sol_LPII_Sesion04_MV_GIT] INFO  o.eclipse.m2e.core.internal.Bundles - 	Entry: C:\EclipseJEE\plugins\org.eclipse.m2e.maven.runtime_3.9.900.20240824-1409\jars\wagon-file-3.5.3.jar
2026-01-22 15:12:14,304 [Worker-47: Launching Executing clean in F__ARCHIVOS_INSTITUTO CIBERTEC CLASES_LENGUAJE DE PROGRAMACI脫N II_CLASES LPII_SESI脫N 04 LPII_LPII_Sesi贸n_04 - Sol_LPII_Sesion04_MV_GIT] INFO  o.eclipse.m2e.core.internal.Bundles - 	Entry: C:\EclipseJEE\plugins\org.eclipse.m2e.maven.runtime_3.9.900.20240824-1409\jars\wagon-http-3.5.3.jar
2026-01-22 15:12:14,304 [Worker-47: Launching Executing clean in F__ARCHIVOS_INSTITUTO CIBERTEC CLASES_LENGUAJE DE PROGRAMACI脫N II_CLASES LPII_SESI脫N 04 LPII_LPII_Sesi贸n_04 - Sol_LPII_Sesion04_MV_GIT] INFO  o.eclipse.m2e.core.internal.Bundles - 	Entry: C:\EclipseJEE\plugins\org.eclipse.m2e.maven.runtime_3.9.900.20240824-1409\jars\wagon-http-shared-3.5.3.jar
2026-01-22 15:12:14,304 [Worker-47: Launching Executing clean in F__ARCHIVOS_INSTITUTO CIBERTEC CLASES_LENGUAJE DE PROGRAMACI脫N II_CLASES LPII_SESI脫N 04 LPII_LPII_Sesi贸n_04 - Sol_LPII_Sesion04_MV_GIT] INFO  o.eclipse.m2e.core.internal.Bundles - 	Entry: C:\EclipseJEE\plugins\org.eclipse.m2e.maven.runtime_3.9.900.20240824-1409\jars\wagon-provider-api-3.5.3.jar
2026-01-22 15:12:14,304 [Worker-47: Launching Executing clean in F__ARCHIVOS_INSTITUTO CIBERTEC CLASES_LENGUAJE DE PROGRAMACI脫N II_CLASES LPII_SESI脫N 04 LPII_LPII_Sesi贸n_04 - Sol_LPII_Sesion04_MV_GIT] INFO  o.eclipse.m2e.core.internal.Bundles - getClasspathEntries(Bundle=com.google.guava_33.3.1.jre [16])
2026-01-22 15:12:14,305 [Worker-47: Launching Executing clean in F__ARCHIVOS_INSTITUTO CIBERTEC CLASES_LENGUAJE DE PROGRAMACI脫N II_CLASES LPII_SESI脫N 04 LPII_LPII_Sesi贸n_04 - Sol_LPII_Sesion04_MV_GIT] INFO  o.eclipse.m2e.core.internal.Bundles - 	Entry: C:\EclipseJEE\plugins\com.google.guava_33.3.1.jre.jar
2026-01-22 15:12:14,305 [Worker-47: Launching Executing clean in F__ARCHIVOS_INSTITUTO CIBERTEC CLASES_LENGUAJE DE PROGRAMACI脫N II_CLASES LPII_SESI脫N 04 LPII_LPII_Sesi贸n_04 - Sol_LPII_Sesion04_MV_GIT] INFO  o.eclipse.m2e.core.internal.Bundles - getClasspathEntries(Bundle=slf4j.api_2.0.16 [1008])
2026-01-22 15:12:14,305 [Worker-47: Launching Executing clean in F__ARCHIVOS_INSTITUTO CIBERTEC CLASES_LENGUAJE DE PROGRAMACI脫N II_CLASES LPII_SESI脫N 04 LPII_LPII_Sesi贸n_04 - Sol_LPII_Sesion04_MV_GIT] INFO  o.eclipse.m2e.core.internal.Bundles - 	Entry: C:\EclipseJEE\plugins\slf4j.api_2.0.16.jar
2026-01-22 15:12:14,305 [Worker-47: Launching Executing clean in F__ARCHIVOS_INSTITUTO CIBERTEC CLASES_LENGUAJE DE PROGRAMACI脫N II_CLASES LPII_SESI脫N 04 LPII_LPII_Sesi贸n_04 - Sol_LPII_Sesion04_MV_GIT] INFO  o.eclipse.m2e.core.internal.Bundles - getClasspathEntries(Bundle=jakarta.inject.jakarta.inject-api_1.0.5 [34])
2026-01-22 15:12:14,305 [Worker-47: Launching Executing clean in F__ARCHIVOS_INSTITUTO CIBERTEC CLASES_LENGUAJE DE PROGRAMACI脫N II_CLASES LPII_SESI脫N 04 LPII_LPII_Sesi贸n_04 - Sol_LPII_Sesion04_MV_GIT] INFO  o.eclipse.m2e.core.internal.Bundles - 	Entry: C:\EclipseJEE\plugins\jakarta.inject.jakarta.inject-api_1.0.5.jar
2026-01-22 15:12:14,306 [Worker-47: Launching Executing clean in F__ARCHIVOS_INSTITUTO CIBERTEC CLASES_LENGUAJE DE PROGRAMACI脫N II_CLASES LPII_SESI脫N 04 LPII_LPII_Sesi贸n_04 - Sol_LPII_Sesion04_MV_GIT] INFO  o.eclipse.m2e.core.internal.Bundles - getClasspathEntries(Bundle=jakarta.annotation-api_1.3.5 [29])
2026-01-22 15:12:14,306 [Worker-47: Launching Executing clean in F__ARCHIVOS_INSTITUTO CIBERTEC CLASES_LENGUAJE DE PROGRAMACI脫N II_CLASES LPII_SESI脫N 04 LPII_LPII_Sesi贸n_04 - Sol_LPII_Sesion04_MV_GIT] INFO  o.eclipse.m2e.core.internal.Bundles - 	Entry: C:\EclipseJEE\plugins\jakarta.annotation-api_1.3.5.jar
2026-01-22 15:12:14,306 [Worker-47: Launching Executing clean in F__ARCHIVOS_INSTITUTO CIBERTEC CLASES_LENGUAJE DE PROGRAMACI脫N II_CLASES LPII_SESI脫N 04 LPII_LPII_Sesi贸n_04 - Sol_LPII_Sesion04_MV_GIT] INFO  o.eclipse.m2e.core.internal.Bundles - getClasspathEntries(Bundle=org.apache.commons.cli_1.9.0 [75])
2026-01-22 15:12:14,306 [Worker-47: Launching Executing clean in F__ARCHIVOS_INSTITUTO CIBERTEC CLASES_LENGUAJE DE PROGRAMACI脫N II_CLASES LPII_SESI脫N 04 LPII_LPII_Sesi贸n_04 - Sol_LPII_Sesion04_MV_GIT] INFO  o.eclipse.m2e.core.internal.Bundles - 	Entry: C:\EclipseJEE\plugins\org.apache.commons.cli_1.9.0.jar
2026-01-22 15:12:14,306 [Worker-47: Launching Executing clean in F__ARCHIVOS_INSTITUTO CIBERTEC CLASES_LENGUAJE DE PROGRAMACI脫N II_CLASES LPII_SESI脫N 04 LPII_LPII_Sesi贸n_04 - Sol_LPII_Sesion04_MV_GIT] INFO  o.eclipse.m2e.core.internal.Bundles - getClasspathEntries(Bundle=org.apache.commons.commons-codec_1.16.0 [78])
2026-01-22 15:12:14,306 [Worker-47: Launching Executing clean in F__ARCHIVOS_INSTITUTO CIBERTEC CLASES_LENGUAJE DE PROGRAMACI脫N II_CLASES LPII_SESI脫N 04 LPII_LPII_Sesi贸n_04 - Sol_LPII_Sesion04_MV_GIT] INFO  o.eclipse.m2e.core.internal.Bundles - 	Entry: C:\EclipseJEE\plugins\org.apache.commons.commons-codec_1.16.0.jar
2026-01-22 15:12:14,306 [Worker-47: Launching Executing clean in F__ARCHIVOS_INSTITUTO CIBERTEC CLASES_LENGUAJE DE PROGRAMACI脫N II_CLASES LPII_SESI脫N 04 LPII_LPII_Sesi贸n_04 - Sol_LPII_Sesion04_MV_GIT] INFO  o.eclipse.m2e.core.internal.Bundles - getClasspathEntries(Bundle=com.google.guava.failureaccess_1.0.2 [17])
2026-01-22 15:12:14,306 [Worker-47: Launching Executing clean in F__ARCHIVOS_INSTITUTO CIBERTEC CLASES_LENGUAJE DE PROGRAMACI脫N II_CLASES LPII_SESI脫N 04 LPII_LPII_Sesi贸n_04 - Sol_LPII_Sesion04_MV_GIT] INFO  o.eclipse.m2e.core.internal.Bundles - 	Entry: C:\EclipseJEE\plugins\com.google.guava.failureaccess_1.0.2.jar
2026-01-22 15:12:14,310 [Worker-47: Launching Executing clean in F__ARCHIVOS_INSTITUTO CIBERTEC CLASES_LENGUAJE DE PROGRAMACI脫N II_CLASES LPII_SESI脫N 04 LPII_LPII_Sesi贸n_04 - Sol_LPII_Sesion04_MV_GIT] INFO  o.e.m.i.launch.MavenLaunchDelegate - Run build in "F:\ARCHIVOS\INSTITUTO CIBERTEC CLASES\LENGUAJE DE PROGRAMACI脫N II\CLASES LPII\SESI脫N 04 LPII\LPII_Sesi贸n_04 - Sol\LPII_Sesion04_MV_GIT":
2026-01-22 15:12:14,310 [Worker-47: Launching Executing clean in F__ARCHIVOS_INSTITUTO CIBERTEC CLASES_LENGUAJE DE PROGRAMACI脫N II_CLASES LPII_SESI脫N 04 LPII_LPII_Sesi贸n_04 - Sol_LPII_Sesion04_MV_GIT] INFO  o.e.m.i.launch.MavenLaunchDelegate -  mvn  -B -Dstyle.color=always clean
2026-01-22 15:12:25,121 [Worker-49: Updating Maven Project] INFO  o.e.m.c.i.p.ProjectConfigurationManager - Update started
2026-01-22 15:12:25,262 [Worker-49: Updating Maven Project] INFO  o.e.m.c.i.l.LifecycleMappingFactory - Using org.eclipse.m2e.jdt.JarLifecycleMapping lifecycle mapping for MavenProject: org.cibertec:LPII_Sesion04_MV_GIT:0.0.1-SNAPSHOT @ F:\ARCHIVOS\INSTITUTO CIBERTEC CLASES\LENGUAJE DE PROGRAMACI脫N II\CLASES LPII\SESI脫N 04 LPII\LPII_Sesi贸n_04 - Sol\LPII_Sesion04_MV_GIT\pom.xml.
2026-01-22 15:12:25,701 [Worker-49: Updating Maven Project] INFO  o.e.m.j.i.AbstractJavaProjectConfigurator - Adding source folder /LPII_Sesion04_MV_GIT/src/main/java
2026-01-22 15:12:25,701 [Worker-49: Updating Maven Project] INFO  o.e.m.j.i.AbstractJavaProjectConfigurator - Adding resource folder /LPII_Sesion04_MV_GIT/src/main/resources
2026-01-22 15:12:25,702 [Worker-49: Updating Maven Project] INFO  o.e.m.j.i.AbstractJavaProjectConfigurator - Adding source folder /LPII_Sesion04_MV_GIT/src/test/java
2026-01-22 15:12:25,702 [Worker-49: Updating Maven Project] INFO  o.e.m.j.i.AbstractJavaProjectConfigurator - Adding resource folder /LPII_Sesion04_MV_GIT/src/test/resources
2026-01-22 15:12:25,838 [Worker-49: Updating Maven Project] INFO  o.e.m.c.i.p.ProjectConfigurationManager - Update completed for 1 poms: local refresh takes 0.00 sec, refresh facades takes 0.00 sec, update config takes 0.00 sec 
2026-01-22 15:12:26,455 [Worker-47: Building] INFO  o.a.m.s.f.DefaultMavenResourcesFiltering - Copying 1 resource from src\main\resources to target\classes
2026-01-22 15:12:26,463 [Worker-47: Building] INFO  o.a.m.s.f.DefaultMavenResourcesFiltering - skip non existing resourceDirectory F:\ARCHIVOS\INSTITUTO CIBERTEC CLASES\LENGUAJE DE PROGRAMACI脫N II\CLASES LPII\SESI脫N 04 LPII\LPII_Sesi贸n_04 - Sol\LPII_Sesion04_MV_GIT\src\test\resources
2026-01-22 15:15:56,335 [Worker-49: Building] INFO  o.a.m.s.f.DefaultMavenResourcesFiltering - Copying 1 resource from src\main\resources to target\classes
2026-01-22 15:15:56,337 [Worker-49: Building] INFO  o.a.m.s.f.DefaultMavenResourcesFiltering - skip non existing resourceDirectory F:\ARCHIVOS\INSTITUTO CIBERTEC CLASES\LENGUAJE DE PROGRAMACI脫N II\CLASES LPII\SESI脫N 04 LPII\LPII_Sesi贸n_04 - Sol\LPII_Sesion04_MV_GIT\src\test\resources
2026-01-22 15:23:08,318 [Worker-55: Building] INFO  o.a.m.s.f.DefaultMavenResourcesFiltering - Copying 1 resource from src\main\resources to target\classes
2026-01-22 15:23:08,326 [Worker-55: Building] INFO  o.a.m.s.f.DefaultMavenResourcesFiltering - Copying 0 resource from src\test\resources to target\test-classes
2026-01-22 15:23:09,424 [Worker-48: Building] INFO  o.a.m.s.f.DefaultMavenResourcesFiltering - Copying 1 resource from src\main\resources to target\classes
2026-01-22 15:23:09,429 [Worker-48: Building] INFO  o.a.m.s.f.DefaultMavenResourcesFiltering - Copying 0 resource from src\test\resources to target\test-classes
2026-01-22 15:23:16,901 [Worker-48: Building] INFO  o.a.m.s.f.DefaultMavenResourcesFiltering - Copying 1 resource from src\main\resources to target\classes
2026-01-22 15:23:16,905 [Worker-48: Building] INFO  o.a.m.s.f.DefaultMavenResourcesFiltering - Copying 0 resource from src\test\resources to target\test-classes
2026-01-22 15:26:10,012 [Worker-57: Building Project LPII_Sesion04_MV_GIT] INFO  o.a.m.s.f.DefaultMavenResourcesFiltering - Copying 1 resource from src\main\resources to target\classes
2026-01-22 15:26:10,018 [Worker-57: Building Project LPII_Sesion04_MV_GIT] INFO  o.a.m.s.f.DefaultMavenResourcesFiltering - Copying 0 resource from src\test\resources to target\test-classes
2026-01-22 15:26:11,285 [Worker-52: Building] INFO  o.a.m.s.f.DefaultMavenResourcesFiltering - Copying 0 resource from src\main\resources to target\classes
2026-01-22 15:26:11,288 [Worker-52: Building] INFO  o.a.m.s.f.DefaultMavenResourcesFiltering - Copying 0 resource from src\test\resources to target\test-classes
2026-01-22 15:27:28,748 [Worker-60: Compute Mappings for project LPII_Sesion04_MV_GIT] INFO  o.e.m.c.i.l.LifecycleMappingFactory - Using org.eclipse.m2e.jdt.JarLifecycleMapping lifecycle mapping for MavenProject: org.cibertec:LPII_Sesion04_MV_GIT:0.0.1-SNAPSHOT @ F:\ARCHIVOS\INSTITUTO CIBERTEC CLASES\LENGUAJE DE PROGRAMACI脫N II\CLASES LPII\SESI脫N 04 LPII\LPII_Sesi贸n_04 - Sol\LPII_Sesion04_MV_GIT\pom.xml.
2026-01-22 15:27:32,576 [Worker-60: Building] INFO  o.a.m.s.f.DefaultMavenResourcesFiltering - Copying 0 resource from src\main\resources to target\classes
2026-01-22 15:27:32,579 [Worker-60: Building] INFO  o.a.m.s.f.DefaultMavenResourcesFiltering - Copying 0 resource from src\test\resources to target\test-classes
2026-01-22 15:27:33,742 [Worker-58: Updating maven projects] INFO  o.e.m.c.i.p.ProjectConfigurationManager - Update started
2026-01-22 15:27:33,897 [Worker-58: Updating maven projects] INFO  o.e.m.c.i.l.LifecycleMappingFactory - Using org.eclipse.m2e.jdt.JarLifecycleMapping lifecycle mapping for MavenProject: org.cibertec:LPII_Sesion04_MV_GIT:0.0.1-SNAPSHOT @ F:\ARCHIVOS\INSTITUTO CIBERTEC CLASES\LENGUAJE DE PROGRAMACI脫N II\CLASES LPII\SESI脫N 04 LPII\LPII_Sesi贸n_04 - Sol\LPII_Sesion04_MV_GIT\pom.xml.
2026-01-22 15:27:34,098 [Worker-58: Updating maven projects] INFO  o.e.m.j.i.AbstractJavaProjectConfigurator - Adding source folder /LPII_Sesion04_MV_GIT/src/main/java
2026-01-22 15:27:34,098 [Worker-58: Updating maven projects] INFO  o.e.m.j.i.AbstractJavaProjectConfigurator - Adding resource folder /LPII_Sesion04_MV_GIT/src/main/resources
2026-01-22 15:27:34,104 [Worker-58: Updating maven projects] INFO  o.e.m.j.i.AbstractJavaProjectConfigurator - Adding source folder /LPII_Sesion04_MV_GIT/src/test/java
2026-01-22 15:27:34,104 [Worker-58: Updating maven projects] INFO  o.e.m.j.i.AbstractJavaProjectConfigurator - Adding resource folder /LPII_Sesion04_MV_GIT/src/test/resources
2026-01-22 15:27:34,280 [Worker-58: Updating maven projects] INFO  o.e.m.c.i.p.ProjectConfigurationManager - Update completed for 1 poms: local refresh takes 0.00 sec, refresh facades takes 0.00 sec, update config takes 0.00 sec 
2026-01-22 15:27:34,718 [Worker-62: Building] INFO  o.a.m.s.f.DefaultMavenResourcesFiltering - Copying 1 resource from src\main\resources to target\classes
2026-01-22 15:27:34,724 [Worker-62: Building] INFO  o.a.m.s.f.DefaultMavenResourcesFiltering - Copying 0 resource from src\test\resources to target\test-classes
2026-01-22 15:32:47,754 [Worker-66: Building] INFO  o.a.m.s.f.DefaultMavenResourcesFiltering - Copying 1 resource from src\main\resources to target\classes
2026-01-22 15:32:47,758 [Worker-66: Building] INFO  o.a.m.s.f.DefaultMavenResourcesFiltering - Copying 0 resource from src\test\resources to target\test-classes
2026-01-22 15:33:24,525 [Worker-66: Building] INFO  o.a.m.s.f.DefaultMavenResourcesFiltering - Copying 1 resource from src\main\resources to target\classes
2026-01-22 15:33:24,529 [Worker-66: Building] INFO  o.a.m.s.f.DefaultMavenResourcesFiltering - Copying 0 resource from src\test\resources to target\test-classes
2026-01-22 15:33:53,777 [Worker-67: Building] INFO  o.a.m.s.f.DefaultMavenResourcesFiltering - Copying 1 resource from src\main\resources to target\classes
2026-01-22 15:33:53,895 [Worker-67: Building] INFO  o.a.m.s.f.DefaultMavenResourcesFiltering - Copying 0 resource from src\test\resources to target\test-classes
2026-01-22 15:34:57,020 [Worker-67: Building] INFO  o.a.m.s.f.DefaultMavenResourcesFiltering - Copying 1 resource from src\main\resources to target\classes
2026-01-22 15:34:57,024 [Worker-67: Building] INFO  o.a.m.s.f.DefaultMavenResourcesFiltering - Copying 0 resource from src\test\resources to target\test-classes
2026-01-22 15:37:16,289 [Worker-69: Building] INFO  o.a.m.s.f.DefaultMavenResourcesFiltering - Copying 1 resource from src\main\resources to target\classes
2026-01-22 15:37:16,292 [Worker-69: Building] INFO  o.a.m.s.f.DefaultMavenResourcesFiltering - Copying 0 resource from src\test\resources to target\test-classes
2026-01-22 15:37:33,039 [Burningwave - Resource releaser] INFO  o.b.c.a.StaticComponentContainer - (StaticComponentContainer.java:391) - ... Waiting for all tasks ending
2026-01-22 15:37:33,040 [Burningwave - Resource releaser] INFO  o.b.c.a.StaticComponentContainer - (StaticComponentContainer.java:397) - Closing all component containers
2026-01-22 15:37:33,041 [Burningwave - Resource releaser] INFO  o.b.c.a.StaticComponentContainer - (StaticComponentContainer.java:403) - Closing FileSystemHelper
2026-01-22 15:37:33,042 [Burningwave - Resource releaser] INFO  o.b.c.a.StaticComponentContainer - (StaticComponentContainer.java:409) - ... Waiting for all tasks ending before shutting down the BackgroundExecutor
2026-01-22 15:37:33,042 [Burningwave - Resource releaser] INFO  o.b.c.a.StaticComponentContainer - (StaticComponentContainer.java:414) - Shutting down BackgroundExecutor
2026-01-22 15:37:33,043 [Burningwave - Resource releaser] INFO  o.b.c.a.StaticComponentContainer - (StaticComponentContainer.java:420) - Stopping all threads monitoring thread
2026-01-22 15:37:33,043 [Burningwave - Resource releaser] INFO  o.b.c.a.StaticComponentContainer - (StaticComponentContainer.java:425) - Closing ThreadHolder
2026-01-22 15:37:33,044 [Burningwave - Resource releaser] INFO  o.b.c.a.StaticComponentContainer - (StaticComponentContainer.java:430) - Shutting down ThreadSupplier
2026-09-19 09:40:18,442 [Worker-4: Loading available Gradle versions] INFO  o.e.b.c.i.u.g.PublishedGradleVersions - Gradle version information cache is out-of-date. Trying to update.
2026-09-19 09:40:19,626 [Worker-9: Refreshing workspace] INFO  o.b.c.a.StaticComponentContainer - (StaticComponentContainer.java:368) - Instantiated org.burningwave.core.SLF4JManagedLoggerRepository
2026-09-19 09:40:19,629 [Worker-9: Refreshing workspace] INFO  o.b.c.a.StaticComponentContainer - (StaticComponentContainer.java:369) - 

	Configuration values for static components:

		background-executor.all-tasks-monitoring.enabled=\
			true
		background-executor.all-tasks-monitoring.interval=\
			30000
		background-executor.all-tasks-monitoring.logger.enabled=\
			false
		background-executor.all-tasks-monitoring.minimum-elapsed-time-to-consider-a-task-as-probable-dead-locked=\
			300000
		background-executor.all-tasks-monitoring.probable-dead-locked-tasks-handling.policy=\
			log only
		background-executor.queued-task-executor[0].name=\
			Low priority tasks
		background-executor.queued-task-executor[0].priority=\
			1
		background-executor.queued-task-executor[1].name=\
			Normal priority tasks
		background-executor.queued-task-executor[1].priority=\
			5
		background-executor.queued-task-executor[2].name=\
			High priority tasks
		background-executor.queued-task-executor[2].priority=\
			10
		background-executor.task-creation-tracking.enabled=\
			${background-executor.all-tasks-monitoring.enabled}
		banner.additonal-informations=\
			${Implementation-Title} ${Implementation-Version}
		banner.additonal-informations.retrieve-from-manifest-file-with-implementation-title=\
			Burningwave Core
		banner.file=\
			org/burningwave/banner.bwb
		banner.hide=\
			true
		buffer-handler.default-allocation-mode=\
			ByteBuffer::allocateDirect
		buffer-handler.default-buffer-size=\
			1024
		group-name-for-named-elements=\
			Burningwave
		iterable-object-helper.default-values-separator=\
			;
		iterable-object-helper.parallel-iteration.applicability.default-minimum-collection-size=\
			2
		iterable-object-helper.parallel-iteration.applicability.max-runtime-thread-count-threshold=\
			autodetect
		iterable-object-helper.parallel-iteration.applicability.output-collection-enabled-types=\
			java.util.concurrent.ConcurrentHashMap$CollectionView;\
			java.util.Collections$SynchronizedCollection;\
			java.util.concurrent.CopyOnWriteArrayList;\
			java.util.concurrent.CopyOnWriteArraySet;\
			java.util.concurrent.BlockingQueue;\
			java.util.concurrent.ConcurrentSkipListSet;\
			java.util.concurrent.ConcurrentSkipListMap$EntrySet;\
			java.util.concurrent.ConcurrentSkipListMap$KeySet;\
			java.util.concurrent.ConcurrentSkipListMap$Values;
		jvm.driver.init=\
			false
		managed-logger.repository=\
			autodetect
		managed-logger.repository.enabled=\
			true
		managed-logger.repository.logging.warn.disabled-for=\
			org.burningwave.core.assembler.ComponentContainer$ClassLoader;\
			org.burningwave.core.classes.MemoryClassLoader;\
			org.burningwave.core.classes.PathScannerClassLoader;
		modules.export-all-to-all=\
			true
		resource-releaser.enabled=\
			true
		synchronizer.all-threads-monitoring.enabled=\
			false
		synchronizer.all-threads-monitoring.interval=\
			90000
		thread-supplier.default-daemon-flag-value=\
			true
		thread-supplier.default-thread-priority=\
			5
		thread-supplier.max-detached-thread-count=\
			${thread-supplier.max-poolable-thread-count}
		thread-supplier.max-detached-thread-count.elapsed-time-threshold-from-last-increase-for-gradual-decreasing-to-initial-value=\
			30000
		thread-supplier.max-detached-thread-count.increasing-step=\
			autodetect
		thread-supplier.max-poolable-thread-count=\
			autodetect
		thread-supplier.poolable-thread-request-timeout=\
			6000


2026-09-19 09:40:19,638 [Worker-9: Refreshing workspace] INFO  o.b.core.jvm.BufferHandler - (BufferHandler.java:127) - default buffer size: 1024 bytes
2026-09-19 09:40:19,640 [Worker-9: Refreshing workspace] INFO  o.b.core.jvm.BufferHandler - (BufferHandler.java:141) - default allocation mode: ByteBuffer::allocateDirect
2026-09-19 09:40:19,649 [Worker-9: Refreshing workspace] INFO  org.burningwave.core.Cache - (Cache.java:76) - Building cache
2026-09-19 09:40:19,737 [Worker-9: Refreshing workspace] INFO  o.b.c.a.StaticComponentContainer - (StaticComponentContainer.java:443) - org.burningwave.core.assembler.StaticComponentContainer initialized in 0.3353904 seconds
2026-09-19 09:40:22,366 [Worker-1: Building] INFO  o.e.m.c.i.e.AbstractTransferListenerAdapter - Downloading https://repo.maven.apache.org/maven2/org/hibernate/orm/hibernate-core/6.4.4.Final/hibernate-core-6.4.4.Final.pom
2026-09-19 09:40:22,405 [Worker-1: Building] INFO  o.e.m.c.i.e.AbstractTransferListenerAdapter - Downloaded https://repo.maven.apache.org/maven2/org/hibernate/orm/hibernate-core/6.4.4.Final/hibernate-core-6.4.4.Final.pom
2026-09-19 09:40:22,504 [Worker-1: Building] INFO  o.e.m.c.i.e.AbstractTransferListenerAdapter - Downloading https://repo.maven.apache.org/maven2/jakarta/persistence/jakarta.persistence-api/3.1.0/jakarta.persistence-api-3.1.0.pom
2026-09-19 09:40:22,506 [Worker-1: Building] INFO  o.e.m.c.i.e.AbstractTransferListenerAdapter - Downloaded https://repo.maven.apache.org/maven2/jakarta/persistence/jakarta.persistence-api/3.1.0/jakarta.persistence-api-3.1.0.pom
2026-09-19 09:40:22,610 [Worker-1: Building] INFO  o.e.m.c.i.e.AbstractTransferListenerAdapter - Downloading https://repo.maven.apache.org/maven2/org/jboss/logging/jboss-logging/3.5.0.Final/jboss-logging-3.5.0.Final.pom
2026-09-19 09:40:22,613 [Worker-1: Building] INFO  o.e.m.c.i.e.AbstractTransferListenerAdapter - Downloaded https://repo.maven.apache.org/maven2/org/jboss/logging/jboss-logging/3.5.0.Final/jboss-logging-3.5.0.Final.pom
2026-09-19 09:40:22,704 [Worker-1: Building] INFO  o.e.m.c.i.e.AbstractTransferListenerAdapter - Downloading https://repo.maven.apache.org/maven2/org/jboss/jboss-parent/39/jboss-parent-39.pom
2026-09-19 09:40:22,708 [Worker-1: Building] INFO  o.e.m.c.i.e.AbstractTransferListenerAdapter - Downloaded https://repo.maven.apache.org/maven2/org/jboss/jboss-parent/39/jboss-parent-39.pom
2026-09-19 09:40:22,804 [Worker-1: Building] INFO  o.e.m.c.i.e.AbstractTransferListenerAdapter - Downloading https://repo.maven.apache.org/maven2/org/junit/junit-bom/5.8.2/junit-bom-5.8.2.pom
2026-09-19 09:40:22,807 [Worker-1: Building] INFO  o.e.m.c.i.e.AbstractTransferListenerAdapter - Downloaded https://repo.maven.apache.org/maven2/org/junit/junit-bom/5.8.2/junit-bom-5.8.2.pom
2026-09-19 09:40:22,901 [Worker-1: Building] INFO  o.e.m.c.i.e.AbstractTransferListenerAdapter - Downloading https://repo.maven.apache.org/maven2/org/hibernate/common/hibernate-commons-annotations/6.0.6.Final/hibernate-commons-annotations-6.0.6.Final.pom
2026-09-19 09:40:22,905 [Worker-1: Building] INFO  o.e.m.c.i.e.AbstractTransferListenerAdapter - Downloaded https://repo.maven.apache.org/maven2/org/hibernate/common/hibernate-commons-annotations/6.0.6.Final/hibernate-commons-annotations-6.0.6.Final.pom
2026-09-19 09:40:22,999 [Worker-1: Building] INFO  o.e.m.c.i.e.AbstractTransferListenerAdapter - Downloading https://repo.maven.apache.org/maven2/io/smallrye/jandex/3.1.2/jandex-3.1.2.pom
2026-09-19 09:40:23,001 [Worker-1: Building] INFO  o.e.m.c.i.e.AbstractTransferListenerAdapter - Downloaded https://repo.maven.apache.org/maven2/io/smallrye/jandex/3.1.2/jandex-3.1.2.pom
2026-09-19 09:40:23,093 [Worker-1: Building] INFO  o.e.m.c.i.e.AbstractTransferListenerAdapter - Downloading https://repo.maven.apache.org/maven2/io/smallrye/jandex-parent/3.1.2/jandex-parent-3.1.2.pom
2026-09-19 09:40:23,095 [Worker-1: Building] INFO  o.e.m.c.i.e.AbstractTransferListenerAdapter - Downloaded https://repo.maven.apache.org/maven2/io/smallrye/jandex-parent/3.1.2/jandex-parent-3.1.2.pom
2026-09-19 09:40:23,189 [Worker-1: Building] INFO  o.e.m.c.i.e.AbstractTransferListenerAdapter - Downloading https://repo.maven.apache.org/maven2/io/smallrye/smallrye-build-parent/39/smallrye-build-parent-39.pom
2026-09-19 09:40:23,192 [Worker-1: Building] INFO  o.e.m.c.i.e.AbstractTransferListenerAdapter - Downloaded https://repo.maven.apache.org/maven2/io/smallrye/smallrye-build-parent/39/smallrye-build-parent-39.pom
2026-09-19 09:40:23,292 [Worker-1: Building] INFO  o.e.m.c.i.e.AbstractTransferListenerAdapter - Downloading https://repo.maven.apache.org/maven2/com/fasterxml/classmate/1.5.1/classmate-1.5.1.pom
2026-09-19 09:40:23,295 [Worker-1: Building] INFO  o.e.m.c.i.e.AbstractTransferListenerAdapter - Downloaded https://repo.maven.apache.org/maven2/com/fasterxml/classmate/1.5.1/classmate-1.5.1.pom
2026-09-19 09:40:23,385 [Worker-1: Building] INFO  o.e.m.c.i.e.AbstractTransferListenerAdapter - Downloading https://repo.maven.apache.org/maven2/com/fasterxml/oss-parent/35/oss-parent-35.pom
2026-09-19 09:40:23,387 [Worker-1: Building] INFO  o.e.m.c.i.e.AbstractTransferListenerAdapter - Downloaded https://repo.maven.apache.org/maven2/com/fasterxml/oss-parent/35/oss-parent-35.pom
2026-09-19 09:40:23,481 [Worker-1: Building] INFO  o.e.m.c.i.e.AbstractTransferListenerAdapter - Downloading https://repo.maven.apache.org/maven2/net/bytebuddy/byte-buddy/1.14.11/byte-buddy-1.14.11.pom
2026-09-19 09:40:23,483 [Worker-1: Building] INFO  o.e.m.c.i.e.AbstractTransferListenerAdapter - Downloaded https://repo.maven.apache.org/maven2/net/bytebuddy/byte-buddy/1.14.11/byte-buddy-1.14.11.pom
2026-09-19 09:40:23,583 [Worker-1: Building] INFO  o.e.m.c.i.e.AbstractTransferListenerAdapter - Downloading https://repo.maven.apache.org/maven2/net/bytebuddy/byte-buddy-parent/1.14.11/byte-buddy-parent-1.14.11.pom
2026-09-19 09:40:23,587 [Worker-1: Building] INFO  o.e.m.c.i.e.AbstractTransferListenerAdapter - Downloaded https://repo.maven.apache.org/maven2/net/bytebuddy/byte-buddy-parent/1.14.11/byte-buddy-parent-1.14.11.pom
2026-09-19 09:40:23,683 [Worker-1: Building] INFO  o.e.m.c.i.e.AbstractTransferListenerAdapter - Downloading https://repo.maven.apache.org/maven2/jakarta/xml/bind/jakarta.xml.bind-api/4.0.0/jakarta.xml.bind-api-4.0.0.pom
2026-09-19 09:40:23,687 [Worker-1: Building] INFO  o.e.m.c.i.e.AbstractTransferListenerAdapter - Downloaded https://repo.maven.apache.org/maven2/jakarta/xml/bind/jakarta.xml.bind-api/4.0.0/jakarta.xml.bind-api-4.0.0.pom
2026-09-19 09:40:23,783 [Worker-1: Building] INFO  o.e.m.c.i.e.AbstractTransferListenerAdapter - Downloading https://repo.maven.apache.org/maven2/jakarta/xml/bind/jakarta.xml.bind-api-parent/4.0.0/jakarta.xml.bind-api-parent-4.0.0.pom
2026-09-19 09:40:23,786 [Worker-1: Building] INFO  o.e.m.c.i.e.AbstractTransferListenerAdapter - Downloaded https://repo.maven.apache.org/maven2/jakarta/xml/bind/jakarta.xml.bind-api-parent/4.0.0/jakarta.xml.bind-api-parent-4.0.0.pom
2026-09-19 09:40:23,889 [Worker-1: Building] INFO  o.e.m.c.i.e.AbstractTransferListenerAdapter - Downloading https://repo.maven.apache.org/maven2/jakarta/activation/jakarta.activation-api/2.1.0/jakarta.activation-api-2.1.0.pom
2026-09-19 09:40:23,891 [Worker-1: Building] INFO  o.e.m.c.i.e.AbstractTransferListenerAdapter - Downloaded https://repo.maven.apache.org/maven2/jakarta/activation/jakarta.activation-api/2.1.0/jakarta.activation-api-2.1.0.pom
2026-09-19 09:40:23,988 [Worker-1: Building] INFO  o.e.m.c.i.e.AbstractTransferListenerAdapter - Downloading https://repo.maven.apache.org/maven2/org/glassfish/jaxb/jaxb-runtime/4.0.2/jaxb-runtime-4.0.2.pom
2026-09-19 09:40:23,990 [Worker-1: Building] INFO  o.e.m.c.i.e.AbstractTransferListenerAdapter - Downloaded https://repo.maven.apache.org/maven2/org/glassfish/jaxb/jaxb-runtime/4.0.2/jaxb-runtime-4.0.2.pom
2026-09-19 09:40:24,087 [Worker-1: Building] INFO  o.e.m.c.i.e.AbstractTransferListenerAdapter - Downloading https://repo.maven.apache.org/maven2/com/sun/xml/bind/mvn/jaxb-runtime-parent/4.0.2/jaxb-runtime-parent-4.0.2.pom
2026-09-19 09:40:24,089 [Worker-1: Building] INFO  o.e.m.c.i.e.AbstractTransferListenerAdapter - Downloaded https://repo.maven.apache.org/maven2/com/sun/xml/bind/mvn/jaxb-runtime-parent/4.0.2/jaxb-runtime-parent-4.0.2.pom
2026-09-19 09:40:24,180 [Worker-1: Building] INFO  o.e.m.c.i.e.AbstractTransferListenerAdapter - Downloading https://repo.maven.apache.org/maven2/com/sun/xml/bind/mvn/jaxb-parent/4.0.2/jaxb-parent-4.0.2.pom
2026-09-19 09:40:24,183 [Worker-1: Building] INFO  o.e.m.c.i.e.AbstractTransferListenerAdapter - Downloaded https://repo.maven.apache.org/maven2/com/sun/xml/bind/mvn/jaxb-parent/4.0.2/jaxb-parent-4.0.2.pom
2026-09-19 09:40:24,275 [Worker-1: Building] INFO  o.e.m.c.i.e.AbstractTransferListenerAdapter - Downloading https://repo.maven.apache.org/maven2/com/sun/xml/bind/jaxb-bom-ext/4.0.2/jaxb-bom-ext-4.0.2.pom
2026-09-19 09:40:24,277 [Worker-1: Building] INFO  o.e.m.c.i.e.AbstractTransferListenerAdapter - Downloaded https://repo.maven.apache.org/maven2/com/sun/xml/bind/jaxb-bom-ext/4.0.2/jaxb-bom-ext-4.0.2.pom
2026-09-19 09:40:24,367 [Worker-1: Building] INFO  o.e.m.c.i.e.AbstractTransferListenerAdapter - Downloading https://repo.maven.apache.org/maven2/org/glassfish/jaxb/jaxb-bom/4.0.2/jaxb-bom-4.0.2.pom
2026-09-19 09:40:24,369 [Worker-1: Building] INFO  o.e.m.c.i.e.AbstractTransferListenerAdapter - Downloaded https://repo.maven.apache.org/maven2/org/glassfish/jaxb/jaxb-bom/4.0.2/jaxb-bom-4.0.2.pom
2026-09-19 09:40:24,462 [Worker-1: Building] INFO  o.e.m.c.i.e.AbstractTransferListenerAdapter - Downloading https://repo.maven.apache.org/maven2/org/eclipse/ee4j/project/1.0.8/project-1.0.8.pom
2026-09-19 09:40:24,464 [Worker-1: Building] INFO  o.e.m.c.i.e.AbstractTransferListenerAdapter - Downloaded https://repo.maven.apache.org/maven2/org/eclipse/ee4j/project/1.0.8/project-1.0.8.pom
2026-09-19 09:40:24,559 [Worker-1: Building] INFO  o.e.m.c.i.e.AbstractTransferListenerAdapter - Downloading https://repo.maven.apache.org/maven2/org/glassfish/jaxb/jaxb-core/4.0.2/jaxb-core-4.0.2.pom
2026-09-19 09:40:24,563 [Worker-1: Building] INFO  o.e.m.c.i.e.AbstractTransferListenerAdapter - Downloaded https://repo.maven.apache.org/maven2/org/glassfish/jaxb/jaxb-core/4.0.2/jaxb-core-4.0.2.pom
2026-09-19 09:40:24,656 [Worker-1: Building] INFO  o.e.m.c.i.e.AbstractTransferListenerAdapter - Downloading https://repo.maven.apache.org/maven2/jakarta/activation/jakarta.activation-api/2.1.1/jakarta.activation-api-2.1.1.pom
2026-09-19 09:40:24,659 [Worker-1: Building] INFO  o.e.m.c.i.e.AbstractTransferListenerAdapter - Downloaded https://repo.maven.apache.org/maven2/jakarta/activation/jakarta.activation-api/2.1.1/jakarta.activation-api-2.1.1.pom
2026-09-19 09:40:24,753 [Worker-1: Building] INFO  o.e.m.c.i.e.AbstractTransferListenerAdapter - Downloading https://repo.maven.apache.org/maven2/org/eclipse/angus/angus-activation/2.0.0/angus-activation-2.0.0.pom
2026-09-19 09:40:24,757 [Worker-1: Building] INFO  o.e.m.c.i.e.AbstractTransferListenerAdapter - Downloaded https://repo.maven.apache.org/maven2/org/eclipse/angus/angus-activation/2.0.0/angus-activation-2.0.0.pom
2026-09-19 09:40:24,850 [Worker-1: Building] INFO  o.e.m.c.i.e.AbstractTransferListenerAdapter - Downloading https://repo.maven.apache.org/maven2/org/eclipse/angus/angus-activation-project/2.0.0/angus-activation-project-2.0.0.pom
2026-09-19 09:40:24,853 [Worker-1: Building] INFO  o.e.m.c.i.e.AbstractTransferListenerAdapter - Downloaded https://repo.maven.apache.org/maven2/org/eclipse/angus/angus-activation-project/2.0.0/angus-activation-project-2.0.0.pom
2026-09-19 09:40:24,949 [Worker-1: Building] INFO  o.e.m.c.i.e.AbstractTransferListenerAdapter - Downloading https://repo.maven.apache.org/maven2/org/glassfish/jaxb/txw2/4.0.2/txw2-4.0.2.pom
2026-09-19 09:40:24,952 [Worker-1: Building] INFO  o.e.m.c.i.e.AbstractTransferListenerAdapter - Downloaded https://repo.maven.apache.org/maven2/org/glassfish/jaxb/txw2/4.0.2/txw2-4.0.2.pom
2026-09-19 09:40:25,042 [Worker-1: Building] INFO  o.e.m.c.i.e.AbstractTransferListenerAdapter - Downloading https://repo.maven.apache.org/maven2/com/sun/xml/bind/mvn/jaxb-txw-parent/4.0.2/jaxb-txw-parent-4.0.2.pom
2026-09-19 09:40:25,045 [Worker-1: Building] INFO  o.e.m.c.i.e.AbstractTransferListenerAdapter - Downloaded https://repo.maven.apache.org/maven2/com/sun/xml/bind/mvn/jaxb-txw-parent/4.0.2/jaxb-txw-parent-4.0.2.pom
2026-09-19 09:40:25,139 [Worker-1: Building] INFO  o.e.m.c.i.e.AbstractTransferListenerAdapter - Downloading https://repo.maven.apache.org/maven2/com/sun/istack/istack-commons-runtime/4.1.1/istack-commons-runtime-4.1.1.pom
2026-09-19 09:40:25,142 [Worker-1: Building] INFO  o.e.m.c.i.e.AbstractTransferListenerAdapter - Downloaded https://repo.maven.apache.org/maven2/com/sun/istack/istack-commons-runtime/4.1.1/istack-commons-runtime-4.1.1.pom
2026-09-19 09:40:25,232 [Worker-1: Building] INFO  o.e.m.c.i.e.AbstractTransferListenerAdapter - Downloading https://repo.maven.apache.org/maven2/com/sun/istack/istack-commons/4.1.1/istack-commons-4.1.1.pom
2026-09-19 09:40:25,236 [Worker-1: Building] INFO  o.e.m.c.i.e.AbstractTransferListenerAdapter - Downloaded https://repo.maven.apache.org/maven2/com/sun/istack/istack-commons/4.1.1/istack-commons-4.1.1.pom
2026-09-19 09:40:25,335 [Worker-1: Building] INFO  o.e.m.c.i.e.AbstractTransferListenerAdapter - Downloading https://repo.maven.apache.org/maven2/org/antlr/antlr4-runtime/4.13.0/antlr4-runtime-4.13.0.pom
2026-09-19 09:40:25,338 [Worker-1: Building] INFO  o.e.m.c.i.e.AbstractTransferListenerAdapter - Downloaded https://repo.maven.apache.org/maven2/org/antlr/antlr4-runtime/4.13.0/antlr4-runtime-4.13.0.pom
2026-09-19 09:40:25,429 [Worker-1: Building] INFO  o.e.m.c.i.e.AbstractTransferListenerAdapter - Downloading https://repo.maven.apache.org/maven2/org/antlr/antlr4-master/4.13.0/antlr4-master-4.13.0.pom
2026-09-19 09:40:25,431 [Worker-1: Building] INFO  o.e.m.c.i.e.AbstractTransferListenerAdapter - Downloaded https://repo.maven.apache.org/maven2/org/antlr/antlr4-master/4.13.0/antlr4-master-4.13.0.pom
2026-09-19 09:40:25,523 [Worker-1: Building] INFO  o.e.m.c.i.e.AbstractTransferListenerAdapter - Downloading https://repo.maven.apache.org/maven2/org/projectlombok/lombok/1.18.26/lombok-1.18.26.pom
2026-09-19 09:40:25,525 [Worker-1: Building] INFO  o.e.m.c.i.e.AbstractTransferListenerAdapter - Downloaded https://repo.maven.apache.org/maven2/org/projectlombok/lombok/1.18.26/lombok-1.18.26.pom
2026-09-19 09:40:25,624 [Worker-1: Building] INFO  o.e.m.c.i.e.AbstractTransferListenerAdapter - Downloading https://repo.maven.apache.org/maven2/org/hibernate/orm/hibernate-core/6.4.4.Final/hibernate-core-6.4.4.Final.jar
2026-09-19 09:40:26,557 [Worker-1: Building] INFO  o.e.m.c.i.e.AbstractTransferListenerAdapter - Downloaded https://repo.maven.apache.org/maven2/org/hibernate/orm/hibernate-core/6.4.4.Final/hibernate-core-6.4.4.Final.jar
2026-09-19 09:40:26,643 [BasicRepositoryConnector-repo.maven.apache.org-0-1] INFO  o.e.m.c.i.e.AbstractTransferListenerAdapter - Downloading https://repo.maven.apache.org/maven2/org/jboss/logging/jboss-logging/3.5.0.Final/jboss-logging-3.5.0.Final.jar
2026-09-19 09:40:26,646 [BasicRepositoryConnector-repo.maven.apache.org-0-1] INFO  o.e.m.c.i.e.AbstractTransferListenerAdapter - Downloaded https://repo.maven.apache.org/maven2/org/jboss/logging/jboss-logging/3.5.0.Final/jboss-logging-3.5.0.Final.jar
2026-09-19 09:40:26,729 [BasicRepositoryConnector-repo.maven.apache.org-0-1] INFO  o.e.m.c.i.e.AbstractTransferListenerAdapter - Downloading https://repo.maven.apache.org/maven2/net/bytebuddy/byte-buddy/1.14.11/byte-buddy-1.14.11.jar
2026-09-19 09:40:26,794 [BasicRepositoryConnector-repo.maven.apache.org-0-4] INFO  o.e.m.c.i.e.AbstractTransferListenerAdapter - Downloading https://repo.maven.apache.org/maven2/com/fasterxml/classmate/1.5.1/classmate-1.5.1.jar
2026-09-19 09:40:26,797 [BasicRepositoryConnector-repo.maven.apache.org-0-0] INFO  o.e.m.c.i.e.AbstractTransferListenerAdapter - Downloading https://repo.maven.apache.org/maven2/jakarta/persistence/jakarta.persistence-api/3.1.0/jakarta.persistence-api-3.1.0.jar
2026-09-19 09:40:26,798 [BasicRepositoryConnector-repo.maven.apache.org-0-2] INFO  o.e.m.c.i.e.AbstractTransferListenerAdapter - Downloading https://repo.maven.apache.org/maven2/org/hibernate/common/hibernate-commons-annotations/6.0.6.Final/hibernate-commons-annotations-6.0.6.Final.jar
2026-09-19 09:40:26,800 [BasicRepositoryConnector-repo.maven.apache.org-0-3] INFO  o.e.m.c.i.e.AbstractTransferListenerAdapter - Downloading https://repo.maven.apache.org/maven2/io/smallrye/jandex/3.1.2/jandex-3.1.2.jar
2026-09-19 09:40:26,944 [BasicRepositoryConnector-repo.maven.apache.org-0-4] INFO  o.e.m.c.i.e.AbstractTransferListenerAdapter - Downloaded https://repo.maven.apache.org/maven2/com/fasterxml/classmate/1.5.1/classmate-1.5.1.jar
2026-09-19 09:40:26,955 [BasicRepositoryConnector-repo.maven.apache.org-0-2] INFO  o.e.m.c.i.e.AbstractTransferListenerAdapter - Downloaded https://repo.maven.apache.org/maven2/org/hibernate/common/hibernate-commons-annotations/6.0.6.Final/hibernate-commons-annotations-6.0.6.Final.jar
2026-09-19 09:40:27,021 [BasicRepositoryConnector-repo.maven.apache.org-0-1] INFO  o.e.m.c.i.e.AbstractTransferListenerAdapter - Downloaded https://repo.maven.apache.org/maven2/net/bytebuddy/byte-buddy/1.14.11/byte-buddy-1.14.11.jar
2026-09-19 09:40:27,038 [BasicRepositoryConnector-repo.maven.apache.org-0-4] INFO  o.e.m.c.i.e.AbstractTransferListenerAdapter - Downloading https://repo.maven.apache.org/maven2/jakarta/xml/bind/jakarta.xml.bind-api/4.0.0/jakarta.xml.bind-api-4.0.0.jar
2026-09-19 09:40:27,040 [BasicRepositoryConnector-repo.maven.apache.org-0-0] INFO  o.e.m.c.i.e.AbstractTransferListenerAdapter - Downloaded https://repo.maven.apache.org/maven2/jakarta/persistence/jakarta.persistence-api/3.1.0/jakarta.persistence-api-3.1.0.jar
2026-09-19 09:40:27,041 [BasicRepositoryConnector-repo.maven.apache.org-0-2] INFO  o.e.m.c.i.e.AbstractTransferListenerAdapter - Downloading https://repo.maven.apache.org/maven2/jakarta/activation/jakarta.activation-api/2.1.0/jakarta.activation-api-2.1.0.jar
2026-09-19 09:40:27,062 [BasicRepositoryConnector-repo.maven.apache.org-0-2] INFO  o.e.m.c.i.e.AbstractTransferListenerAdapter - Downloaded https://repo.maven.apache.org/maven2/jakarta/activation/jakarta.activation-api/2.1.0/jakarta.activation-api-2.1.0.jar
2026-09-19 09:40:27,106 [BasicRepositoryConnector-repo.maven.apache.org-0-1] INFO  o.e.m.c.i.e.AbstractTransferListenerAdapter - Downloading https://repo.maven.apache.org/maven2/org/glassfish/jaxb/jaxb-runtime/4.0.2/jaxb-runtime-4.0.2.jar
2026-09-19 09:40:27,125 [BasicRepositoryConnector-repo.maven.apache.org-0-1] INFO  o.e.m.c.i.e.AbstractTransferListenerAdapter - Downloaded https://repo.maven.apache.org/maven2/org/glassfish/jaxb/jaxb-runtime/4.0.2/jaxb-runtime-4.0.2.jar
2026-09-19 09:40:27,127 [BasicRepositoryConnector-repo.maven.apache.org-0-4] INFO  o.e.m.c.i.e.AbstractTransferListenerAdapter - Downloaded https://repo.maven.apache.org/maven2/jakarta/xml/bind/jakarta.xml.bind-api/4.0.0/jakarta.xml.bind-api-4.0.0.jar
2026-09-19 09:40:27,127 [BasicRepositoryConnector-repo.maven.apache.org-0-0] INFO  o.e.m.c.i.e.AbstractTransferListenerAdapter - Downloading https://repo.maven.apache.org/maven2/org/glassfish/jaxb/jaxb-core/4.0.2/jaxb-core-4.0.2.jar
2026-09-19 09:40:27,149 [BasicRepositoryConnector-repo.maven.apache.org-0-2] INFO  o.e.m.c.i.e.AbstractTransferListenerAdapter - Downloading https://repo.maven.apache.org/maven2/org/eclipse/angus/angus-activation/2.0.0/angus-activation-2.0.0.jar
2026-09-19 09:40:27,152 [BasicRepositoryConnector-repo.maven.apache.org-0-3] INFO  o.e.m.c.i.e.AbstractTransferListenerAdapter - Downloaded https://repo.maven.apache.org/maven2/io/smallrye/jandex/3.1.2/jandex-3.1.2.jar
2026-09-19 09:40:27,157 [BasicRepositoryConnector-repo.maven.apache.org-0-2] INFO  o.e.m.c.i.e.AbstractTransferListenerAdapter - Downloaded https://repo.maven.apache.org/maven2/org/eclipse/angus/angus-activation/2.0.0/angus-activation-2.0.0.jar
2026-09-19 09:40:27,201 [BasicRepositoryConnector-repo.maven.apache.org-0-0] INFO  o.e.m.c.i.e.AbstractTransferListenerAdapter - Downloaded https://repo.maven.apache.org/maven2/org/glassfish/jaxb/jaxb-core/4.0.2/jaxb-core-4.0.2.jar
2026-09-19 09:40:27,212 [BasicRepositoryConnector-repo.maven.apache.org-0-4] INFO  o.e.m.c.i.e.AbstractTransferListenerAdapter - Downloading https://repo.maven.apache.org/maven2/com/sun/istack/istack-commons-runtime/4.1.1/istack-commons-runtime-4.1.1.jar
2026-09-19 09:40:27,214 [BasicRepositoryConnector-repo.maven.apache.org-0-1] INFO  o.e.m.c.i.e.AbstractTransferListenerAdapter - Downloading https://repo.maven.apache.org/maven2/org/glassfish/jaxb/txw2/4.0.2/txw2-4.0.2.jar
2026-09-19 09:40:27,214 [BasicRepositoryConnector-repo.maven.apache.org-0-4] INFO  o.e.m.c.i.e.AbstractTransferListenerAdapter - Downloaded https://repo.maven.apache.org/maven2/com/sun/istack/istack-commons-runtime/4.1.1/istack-commons-runtime-4.1.1.jar
2026-09-19 09:40:27,238 [BasicRepositoryConnector-repo.maven.apache.org-0-1] INFO  o.e.m.c.i.e.AbstractTransferListenerAdapter - Downloaded https://repo.maven.apache.org/maven2/org/glassfish/jaxb/txw2/4.0.2/txw2-4.0.2.jar
2026-09-19 09:40:27,242 [BasicRepositoryConnector-repo.maven.apache.org-0-2] INFO  o.e.m.c.i.e.AbstractTransferListenerAdapter - Downloading https://repo.maven.apache.org/maven2/org/projectlombok/lombok/1.18.26/lombok-1.18.26.jar
2026-09-19 09:40:27,245 [BasicRepositoryConnector-repo.maven.apache.org-0-3] INFO  o.e.m.c.i.e.AbstractTransferListenerAdapter - Downloading https://repo.maven.apache.org/maven2/org/antlr/antlr4-runtime/4.13.0/antlr4-runtime-4.13.0.jar
2026-09-19 09:40:27,328 [BasicRepositoryConnector-repo.maven.apache.org-0-3] INFO  o.e.m.c.i.e.AbstractTransferListenerAdapter - Downloaded https://repo.maven.apache.org/maven2/org/antlr/antlr4-runtime/4.13.0/antlr4-runtime-4.13.0.jar
2026-09-19 09:40:27,550 [BasicRepositoryConnector-repo.maven.apache.org-0-2] INFO  o.e.m.c.i.e.AbstractTransferListenerAdapter - Downloaded https://repo.maven.apache.org/maven2/org/projectlombok/lombok/1.18.26/lombok-1.18.26.jar
2026-09-19 09:40:27,925 [Worker-1: Building] INFO  o.e.m.c.i.e.AbstractTransferListenerAdapter - Downloading https://repo.maven.apache.org/maven2/org/apache/maven/plugins/maven-clean-plugin/3.2.0/maven-clean-plugin-3.2.0.jar
2026-09-19 09:40:27,937 [Worker-1: Building] INFO  o.e.m.c.i.e.AbstractTransferListenerAdapter - Downloaded https://repo.maven.apache.org/maven2/org/apache/maven/plugins/maven-clean-plugin/3.2.0/maven-clean-plugin-3.2.0.jar
2026-09-19 09:40:28,026 [Worker-1: Building] INFO  o.e.m.c.i.e.AbstractTransferListenerAdapter - Downloading https://repo.maven.apache.org/maven2/org/apache/maven/plugins/maven-compiler-plugin/3.13.0/maven-compiler-plugin-3.13.0.jar
2026-09-19 09:40:28,130 [Worker-1: Building] INFO  o.e.m.c.i.e.AbstractTransferListenerAdapter - Downloaded https://repo.maven.apache.org/maven2/org/apache/maven/plugins/maven-compiler-plugin/3.13.0/maven-compiler-plugin-3.13.0.jar
2026-09-19 09:40:28,286 [Worker-1: Building] INFO  o.e.m.c.i.e.AbstractTransferListenerAdapter - Downloading https://repo.maven.apache.org/maven2/org/apache/maven/plugins/maven-surefire-plugin/3.2.5/maven-surefire-plugin-3.2.5.jar
2026-09-19 09:40:28,350 [Worker-1: Building] INFO  o.e.m.c.i.e.AbstractTransferListenerAdapter - Downloaded https://repo.maven.apache.org/maven2/org/apache/maven/plugins/maven-surefire-plugin/3.2.5/maven-surefire-plugin-3.2.5.jar
2026-09-19 09:40:28,445 [Worker-1: Building] INFO  o.e.m.c.i.e.AbstractTransferListenerAdapter - Downloading https://repo.maven.apache.org/maven2/org/apache/maven/plugins/maven-jar-plugin/3.4.1/maven-jar-plugin-3.4.1.jar
2026-09-19 09:40:28,456 [Worker-1: Building] INFO  o.e.m.c.i.e.AbstractTransferListenerAdapter - Downloaded https://repo.maven.apache.org/maven2/org/apache/maven/plugins/maven-jar-plugin/3.4.1/maven-jar-plugin-3.4.1.jar
2026-09-19 09:40:28,544 [Worker-1: Building] INFO  o.e.m.c.i.e.AbstractTransferListenerAdapter - Downloading https://repo.maven.apache.org/maven2/org/apache/maven/plugins/maven-install-plugin/3.1.2/maven-install-plugin-3.1.2.jar
2026-09-19 09:40:28,554 [Worker-1: Building] INFO  o.e.m.c.i.e.AbstractTransferListenerAdapter - Downloaded https://repo.maven.apache.org/maven2/org/apache/maven/plugins/maven-install-plugin/3.1.2/maven-install-plugin-3.1.2.jar
2026-09-19 09:40:28,644 [Worker-1: Building] INFO  o.e.m.c.i.e.AbstractTransferListenerAdapter - Downloading https://repo.maven.apache.org/maven2/org/apache/maven/plugins/maven-deploy-plugin/3.1.2/maven-deploy-plugin-3.1.2.jar
2026-09-19 09:40:28,657 [Worker-1: Building] INFO  o.e.m.c.i.e.AbstractTransferListenerAdapter - Downloaded https://repo.maven.apache.org/maven2/org/apache/maven/plugins/maven-deploy-plugin/3.1.2/maven-deploy-plugin-3.1.2.jar
2026-09-19 09:40:28,747 [Worker-1: Building] INFO  o.e.m.c.i.e.AbstractTransferListenerAdapter - Downloading https://repo.maven.apache.org/maven2/org/apache/maven/plugins/maven-compiler-plugin/3.13.0/maven-compiler-plugin-3.13.0.pom
2026-09-19 09:40:28,749 [Worker-1: Building] INFO  o.e.m.c.i.e.AbstractTransferListenerAdapter - Downloaded https://repo.maven.apache.org/maven2/org/apache/maven/plugins/maven-compiler-plugin/3.13.0/maven-compiler-plugin-3.13.0.pom
2026-09-19 09:40:28,836 [Worker-1: Building] INFO  o.e.m.c.i.e.AbstractTransferListenerAdapter - Downloading https://repo.maven.apache.org/maven2/org/apache/maven/plugins/maven-plugins/41/maven-plugins-41.pom
2026-09-19 09:40:28,839 [Worker-1: Building] INFO  o.e.m.c.i.e.AbstractTransferListenerAdapter - Downloaded https://repo.maven.apache.org/maven2/org/apache/maven/plugins/maven-plugins/41/maven-plugins-41.pom
2026-09-19 09:40:28,961 [Worker-1: Building] INFO  o.e.m.c.i.e.AbstractTransferListenerAdapter - Downloading https://repo.maven.apache.org/maven2/org/codehaus/plexus/plexus-java/1.2.0/plexus-java-1.2.0.pom
2026-09-19 09:40:28,963 [Worker-1: Building] INFO  o.e.m.c.i.e.AbstractTransferListenerAdapter - Downloaded https://repo.maven.apache.org/maven2/org/codehaus/plexus/plexus-java/1.2.0/plexus-java-1.2.0.pom
2026-09-19 09:40:29,052 [Worker-1: Building] INFO  o.e.m.c.i.e.AbstractTransferListenerAdapter - Downloading https://repo.maven.apache.org/maven2/org/codehaus/plexus/plexus-languages/1.2.0/plexus-languages-1.2.0.pom
2026-09-19 09:40:29,054 [Worker-1: Building] INFO  o.e.m.c.i.e.AbstractTransferListenerAdapter - Downloaded https://repo.maven.apache.org/maven2/org/codehaus/plexus/plexus-languages/1.2.0/plexus-languages-1.2.0.pom
2026-09-19 09:40:29,146 [Worker-1: Building] INFO  o.e.m.c.i.e.AbstractTransferListenerAdapter - Downloading https://repo.maven.apache.org/maven2/org/codehaus/plexus/plexus/15/plexus-15.pom
2026-09-19 09:40:29,148 [Worker-1: Building] INFO  o.e.m.c.i.e.AbstractTransferListenerAdapter - Downloaded https://repo.maven.apache.org/maven2/org/codehaus/plexus/plexus/15/plexus-15.pom
2026-09-19 09:40:29,243 [Worker-1: Building] INFO  o.e.m.c.i.e.AbstractTransferListenerAdapter - Downloading https://repo.maven.apache.org/maven2/org/ow2/asm/asm/9.6/asm-9.6.pom
2026-09-19 09:40:29,246 [Worker-1: Building] INFO  o.e.m.c.i.e.AbstractTransferListenerAdapter - Downloaded https://repo.maven.apache.org/maven2/org/ow2/asm/asm/9.6/asm-9.6.pom
2026-09-19 09:40:29,346 [Worker-1: Building] INFO  o.e.m.c.i.e.AbstractTransferListenerAdapter - Downloading https://repo.maven.apache.org/maven2/com/thoughtworks/qdox/qdox/2.0.3/qdox-2.0.3.pom
2026-09-19 09:40:29,349 [Worker-1: Building] INFO  o.e.m.c.i.e.AbstractTransferListenerAdapter - Downloaded https://repo.maven.apache.org/maven2/com/thoughtworks/qdox/qdox/2.0.3/qdox-2.0.3.pom
2026-09-19 09:40:29,443 [Worker-1: Building] INFO  o.e.m.c.i.e.AbstractTransferListenerAdapter - Downloading https://repo.maven.apache.org/maven2/org/codehaus/plexus/plexus-utils/4.0.0/plexus-utils-4.0.0.pom
2026-09-19 09:40:29,445 [Worker-1: Building] INFO  o.e.m.c.i.e.AbstractTransferListenerAdapter - Downloaded https://repo.maven.apache.org/maven2/org/codehaus/plexus/plexus-utils/4.0.0/plexus-utils-4.0.0.pom
2026-09-19 09:40:29,538 [Worker-1: Building] INFO  o.e.m.c.i.e.AbstractTransferListenerAdapter - Downloading https://repo.maven.apache.org/maven2/org/codehaus/plexus/plexus-xml/3.0.0/plexus-xml-3.0.0.pom
2026-09-19 09:40:29,540 [Worker-1: Building] INFO  o.e.m.c.i.e.AbstractTransferListenerAdapter - Downloaded https://repo.maven.apache.org/maven2/org/codehaus/plexus/plexus-xml/3.0.0/plexus-xml-3.0.0.pom
2026-09-19 09:40:29,633 [Worker-1: Building] INFO  o.e.m.c.i.e.AbstractTransferListenerAdapter - Downloading https://repo.maven.apache.org/maven2/org/codehaus/plexus/plexus-java/1.2.0/plexus-java-1.2.0.jar
2026-09-19 09:40:29,651 [Worker-1: Building] INFO  o.e.m.c.i.e.AbstractTransferListenerAdapter - Downloaded https://repo.maven.apache.org/maven2/org/codehaus/plexus/plexus-java/1.2.0/plexus-java-1.2.0.jar
2026-09-19 09:40:29,737 [BasicRepositoryConnector-repo.maven.apache.org-1-1] INFO  o.e.m.c.i.e.AbstractTransferListenerAdapter - Downloading https://repo.maven.apache.org/maven2/com/thoughtworks/qdox/qdox/2.0.3/qdox-2.0.3.jar
2026-09-19 09:40:29,869 [BasicRepositoryConnector-repo.maven.apache.org-1-1] INFO  o.e.m.c.i.e.AbstractTransferListenerAdapter - Downloaded https://repo.maven.apache.org/maven2/com/thoughtworks/qdox/qdox/2.0.3/qdox-2.0.3.jar
2026-09-19 09:40:29,882 [BasicRepositoryConnector-repo.maven.apache.org-1-3] INFO  o.e.m.c.i.e.AbstractTransferListenerAdapter - Downloading https://repo.maven.apache.org/maven2/org/codehaus/plexus/plexus-utils/4.0.0/plexus-utils-4.0.0.jar
2026-09-19 09:40:29,892 [BasicRepositoryConnector-repo.maven.apache.org-1-0] INFO  o.e.m.c.i.e.AbstractTransferListenerAdapter - Downloading https://repo.maven.apache.org/maven2/org/ow2/asm/asm/9.6/asm-9.6.jar
2026-09-19 09:40:29,909 [BasicRepositoryConnector-repo.maven.apache.org-1-2] INFO  o.e.m.c.i.e.AbstractTransferListenerAdapter - Downloading https://repo.maven.apache.org/maven2/org/codehaus/plexus/plexus-xml/3.0.0/plexus-xml-3.0.0.jar
2026-09-19 09:40:29,983 [BasicRepositoryConnector-repo.maven.apache.org-1-0] INFO  o.e.m.c.i.e.AbstractTransferListenerAdapter - Downloaded https://repo.maven.apache.org/maven2/org/ow2/asm/asm/9.6/asm-9.6.jar
2026-09-19 09:40:29,989 [BasicRepositoryConnector-repo.maven.apache.org-1-2] INFO  o.e.m.c.i.e.AbstractTransferListenerAdapter - Downloaded https://repo.maven.apache.org/maven2/org/codehaus/plexus/plexus-xml/3.0.0/plexus-xml-3.0.0.jar
2026-09-19 09:40:30,040 [BasicRepositoryConnector-repo.maven.apache.org-1-3] INFO  o.e.m.c.i.e.AbstractTransferListenerAdapter - Downloaded https://repo.maven.apache.org/maven2/org/codehaus/plexus/plexus-utils/4.0.0/plexus-utils-4.0.0.jar
2026-09-19 09:40:30,098 [Worker-1: Building] INFO  o.e.m.c.i.l.LifecycleMappingFactory - Using org.eclipse.m2e.jdt.JarLifecycleMapping lifecycle mapping for MavenProject: org.cibertec:LPII_Sesion04_MV_GIT:0.0.1-SNAPSHOT @ D:\Downloads\LPII_Sesi贸n_04 - Rec\LPII_Sesi贸n_04 - Rec\LPII_Sesion04_MV_GIT\pom.xml.
2026-09-19 09:40:30,205 [Worker-1: Building] INFO  o.e.m.c.i.e.AbstractTransferListenerAdapter - Downloading https://repo.maven.apache.org/maven2/org/apache/maven/plugins/maven-jar-plugin/3.4.1/maven-jar-plugin-3.4.1.pom
2026-09-19 09:40:30,207 [Worker-1: Building] INFO  o.e.m.c.i.e.AbstractTransferListenerAdapter - Downloaded https://repo.maven.apache.org/maven2/org/apache/maven/plugins/maven-jar-plugin/3.4.1/maven-jar-plugin-3.4.1.pom
2026-09-19 09:40:30,316 [Worker-1: Building] INFO  o.a.m.s.f.DefaultMavenResourcesFiltering - Copying 1 resource from src\main\resources to target\classes
2026-09-19 09:40:30,322 [Worker-1: Building] INFO  o.a.m.s.f.DefaultMavenResourcesFiltering - Copying 0 resource from src\test\resources to target\test-classes
2026-09-19 09:40:30,408 [Worker-1: Building] INFO  o.e.m.c.i.e.AbstractTransferListenerAdapter - Downloading https://repo.maven.apache.org/maven2/org/apache/maven/plugins/maven-surefire-plugin/3.2.5/maven-surefire-plugin-3.2.5.pom
2026-09-19 09:40:30,410 [Worker-1: Building] INFO  o.e.m.c.i.e.AbstractTransferListenerAdapter - Downloaded https://repo.maven.apache.org/maven2/org/apache/maven/plugins/maven-surefire-plugin/3.2.5/maven-surefire-plugin-3.2.5.pom
2026-09-19 09:40:30,499 [Worker-1: Building] INFO  o.e.m.c.i.e.AbstractTransferListenerAdapter - Downloading https://repo.maven.apache.org/maven2/org/apache/maven/surefire/surefire/3.2.5/surefire-3.2.5.pom
2026-09-19 09:40:30,501 [Worker-1: Building] INFO  o.e.m.c.i.e.AbstractTransferListenerAdapter - Downloaded https://repo.maven.apache.org/maven2/org/apache/maven/surefire/surefire/3.2.5/surefire-3.2.5.pom
2026-09-19 09:40:31,484 [Worker-44: Download sources and javadoc] INFO  o.e.m.c.i.e.AbstractTransferListenerAdapter - Downloading https://repo.maven.apache.org/maven2/org/hibernate/orm/hibernate-core/6.4.4.Final/hibernate-core-6.4.4.Final-sources.jar
2026-09-19 09:40:31,932 [Worker-0: Building] INFO  o.a.m.s.f.DefaultMavenResourcesFiltering - Copying 1 resource from src\main\resources to target\classes
2026-09-19 09:40:31,933 [Worker-0: Building] INFO  o.a.m.s.f.DefaultMavenResourcesFiltering - Copying 0 resource from src\test\resources to target\test-classes
2026-09-19 09:40:32,088 [Worker-44: Download sources and javadoc] INFO  o.e.m.c.i.e.AbstractTransferListenerAdapter - Downloaded https://repo.maven.apache.org/maven2/org/hibernate/orm/hibernate-core/6.4.4.Final/hibernate-core-6.4.4.Final-sources.jar
2026-09-19 09:40:32,091 [Worker-44: Download sources and javadoc] INFO  o.e.m.j.internal.DownloadSourcesJob - Downloaded sources for org.hibernate.orm:hibernate-core:6.4.4.Final
2026-09-19 09:40:32,332 [Worker-44: Download sources and javadoc] INFO  o.e.m.c.i.e.AbstractTransferListenerAdapter - Downloading https://repo.maven.apache.org/maven2/jakarta/persistence/jakarta.persistence-api/3.1.0/jakarta.persistence-api-3.1.0-sources.jar
2026-09-19 09:40:32,545 [Worker-44: Download sources and javadoc] INFO  o.e.m.c.i.e.AbstractTransferListenerAdapter - Downloaded https://repo.maven.apache.org/maven2/jakarta/persistence/jakarta.persistence-api/3.1.0/jakarta.persistence-api-3.1.0-sources.jar
2026-09-19 09:40:32,547 [Worker-44: Download sources and javadoc] INFO  o.e.m.j.internal.DownloadSourcesJob - Downloaded sources for jakarta.persistence:jakarta.persistence-api:3.1.0
2026-09-19 09:40:32,779 [Worker-44: Download sources and javadoc] INFO  o.e.m.c.i.e.AbstractTransferListenerAdapter - Downloading https://repo.maven.apache.org/maven2/org/jboss/logging/jboss-logging/3.5.0.Final/jboss-logging-3.5.0.Final-sources.jar
2026-09-19 09:40:32,794 [Worker-44: Download sources and javadoc] INFO  o.e.m.c.i.e.AbstractTransferListenerAdapter - Downloaded https://repo.maven.apache.org/maven2/org/jboss/logging/jboss-logging/3.5.0.Final/jboss-logging-3.5.0.Final-sources.jar
2026-09-19 09:40:32,795 [Worker-44: Download sources and javadoc] INFO  o.e.m.j.internal.DownloadSourcesJob - Downloaded sources for org.jboss.logging:jboss-logging:3.5.0.Final
2026-09-19 09:40:33,023 [Worker-44: Download sources and javadoc] INFO  o.e.m.c.i.e.AbstractTransferListenerAdapter - Downloading https://repo.maven.apache.org/maven2/org/hibernate/common/hibernate-commons-annotations/6.0.6.Final/hibernate-commons-annotations-6.0.6.Final-sources.jar
2026-09-19 09:40:33,035 [Worker-44: Download sources and javadoc] INFO  o.e.m.c.i.e.AbstractTransferListenerAdapter - Downloaded https://repo.maven.apache.org/maven2/org/hibernate/common/hibernate-commons-annotations/6.0.6.Final/hibernate-commons-annotations-6.0.6.Final-sources.jar
2026-09-19 09:40:33,037 [Worker-44: Download sources and javadoc] INFO  o.e.m.j.internal.DownloadSourcesJob - Downloaded sources for org.hibernate.common:hibernate-commons-annotations:6.0.6.Final
2026-09-19 09:40:33,270 [Worker-44: Download sources and javadoc] INFO  o.e.m.c.i.e.AbstractTransferListenerAdapter - Downloading https://repo.maven.apache.org/maven2/io/smallrye/jandex/3.1.2/jandex-3.1.2-sources.jar
2026-09-19 09:40:33,430 [Worker-44: Download sources and javadoc] INFO  o.e.m.c.i.e.AbstractTransferListenerAdapter - Downloaded https://repo.maven.apache.org/maven2/io/smallrye/jandex/3.1.2/jandex-3.1.2-sources.jar
2026-09-19 09:40:33,431 [Worker-44: Download sources and javadoc] INFO  o.e.m.j.internal.DownloadSourcesJob - Downloaded sources for io.smallrye:jandex:3.1.2
2026-09-19 09:40:33,661 [Worker-44: Download sources and javadoc] INFO  o.e.m.c.i.e.AbstractTransferListenerAdapter - Downloading https://repo.maven.apache.org/maven2/com/fasterxml/classmate/1.5.1/classmate-1.5.1-sources.jar
2026-09-19 09:40:33,719 [Worker-44: Download sources and javadoc] INFO  o.e.m.c.i.e.AbstractTransferListenerAdapter - Downloaded https://repo.maven.apache.org/maven2/com/fasterxml/classmate/1.5.1/classmate-1.5.1-sources.jar
2026-09-19 09:40:33,721 [Worker-44: Download sources and javadoc] INFO  o.e.m.j.internal.DownloadSourcesJob - Downloaded sources for com.fasterxml:classmate:1.5.1
2026-09-19 09:40:33,959 [Worker-44: Download sources and javadoc] INFO  o.e.m.c.i.e.AbstractTransferListenerAdapter - Downloading https://repo.maven.apache.org/maven2/net/bytebuddy/byte-buddy/1.14.11/byte-buddy-1.14.11-sources.jar
2026-09-19 09:40:34,325 [Worker-44: Download sources and javadoc] INFO  o.e.m.c.i.e.AbstractTransferListenerAdapter - Downloaded https://repo.maven.apache.org/maven2/net/bytebuddy/byte-buddy/1.14.11/byte-buddy-1.14.11-sources.jar
2026-09-19 09:40:34,327 [Worker-44: Download sources and javadoc] INFO  o.e.m.j.internal.DownloadSourcesJob - Downloaded sources for net.bytebuddy:byte-buddy:1.14.11
2026-09-19 09:40:34,560 [Worker-44: Download sources and javadoc] INFO  o.e.m.c.i.e.AbstractTransferListenerAdapter - Downloading https://repo.maven.apache.org/maven2/jakarta/xml/bind/jakarta.xml.bind-api/4.0.0/jakarta.xml.bind-api-4.0.0-sources.jar
2026-09-19 09:40:34,704 [Worker-44: Download sources and javadoc] INFO  o.e.m.c.i.e.AbstractTransferListenerAdapter - Downloaded https://repo.maven.apache.org/maven2/jakarta/xml/bind/jakarta.xml.bind-api/4.0.0/jakarta.xml.bind-api-4.0.0-sources.jar
2026-09-19 09:40:34,706 [Worker-44: Download sources and javadoc] INFO  o.e.m.j.internal.DownloadSourcesJob - Downloaded sources for jakarta.xml.bind:jakarta.xml.bind-api:4.0.0
2026-09-19 09:40:34,934 [Worker-44: Download sources and javadoc] INFO  o.e.m.c.i.e.AbstractTransferListenerAdapter - Downloading https://repo.maven.apache.org/maven2/jakarta/activation/jakarta.activation-api/2.1.0/jakarta.activation-api-2.1.0-sources.jar
2026-09-19 09:40:34,951 [Worker-44: Download sources and javadoc] INFO  o.e.m.c.i.e.AbstractTransferListenerAdapter - Downloaded https://repo.maven.apache.org/maven2/jakarta/activation/jakarta.activation-api/2.1.0/jakarta.activation-api-2.1.0-sources.jar
2026-09-19 09:40:34,952 [Worker-44: Download sources and javadoc] INFO  o.e.m.j.internal.DownloadSourcesJob - Downloaded sources for jakarta.activation:jakarta.activation-api:2.1.0
2026-09-19 09:40:35,201 [Worker-44: Download sources and javadoc] INFO  o.e.m.c.i.e.AbstractTransferListenerAdapter - Downloading https://repo.maven.apache.org/maven2/org/glassfish/jaxb/jaxb-runtime/4.0.2/jaxb-runtime-4.0.2-sources.jar
2026-09-19 09:40:35,509 [Worker-44: Download sources and javadoc] INFO  o.e.m.c.i.e.AbstractTransferListenerAdapter - Downloaded https://repo.maven.apache.org/maven2/org/glassfish/jaxb/jaxb-runtime/4.0.2/jaxb-runtime-4.0.2-sources.jar
2026-09-19 09:40:35,510 [Worker-44: Download sources and javadoc] INFO  o.e.m.j.internal.DownloadSourcesJob - Downloaded sources for org.glassfish.jaxb:jaxb-runtime:4.0.2
2026-09-19 09:40:35,741 [Worker-44: Download sources and javadoc] INFO  o.e.m.c.i.e.AbstractTransferListenerAdapter - Downloading https://repo.maven.apache.org/maven2/org/glassfish/jaxb/jaxb-core/4.0.2/jaxb-core-4.0.2-sources.jar
2026-09-19 09:40:35,832 [Worker-44: Download sources and javadoc] INFO  o.e.m.c.i.e.AbstractTransferListenerAdapter - Downloaded https://repo.maven.apache.org/maven2/org/glassfish/jaxb/jaxb-core/4.0.2/jaxb-core-4.0.2-sources.jar
2026-09-19 09:40:35,834 [Worker-44: Download sources and javadoc] INFO  o.e.m.j.internal.DownloadSourcesJob - Downloaded sources for org.glassfish.jaxb:jaxb-core:4.0.2
2026-09-19 09:40:36,076 [Worker-44: Download sources and javadoc] INFO  o.e.m.c.i.e.AbstractTransferListenerAdapter - Downloading https://repo.maven.apache.org/maven2/org/eclipse/angus/angus-activation/2.0.0/angus-activation-2.0.0-sources.jar
2026-09-19 09:40:36,082 [Worker-44: Download sources and javadoc] INFO  o.e.m.c.i.e.AbstractTransferListenerAdapter - Downloaded https://repo.maven.apache.org/maven2/org/eclipse/angus/angus-activation/2.0.0/angus-activation-2.0.0-sources.jar
2026-09-19 09:40:36,083 [Worker-44: Download sources and javadoc] INFO  o.e.m.j.internal.DownloadSourcesJob - Downloaded sources for org.eclipse.angus:angus-activation:2.0.0
2026-09-19 09:40:36,313 [Worker-44: Download sources and javadoc] INFO  o.e.m.c.i.e.AbstractTransferListenerAdapter - Downloading https://repo.maven.apache.org/maven2/org/glassfish/jaxb/txw2/4.0.2/txw2-4.0.2-sources.jar
2026-09-19 09:40:36,384 [Worker-44: Download sources and javadoc] INFO  o.e.m.c.i.e.AbstractTransferListenerAdapter - Downloaded https://repo.maven.apache.org/maven2/org/glassfish/jaxb/txw2/4.0.2/txw2-4.0.2-sources.jar
2026-09-19 09:40:36,386 [Worker-44: Download sources and javadoc] INFO  o.e.m.j.internal.DownloadSourcesJob - Downloaded sources for org.glassfish.jaxb:txw2:4.0.2
2026-09-19 09:40:36,614 [Worker-44: Download sources and javadoc] INFO  o.e.m.c.i.e.AbstractTransferListenerAdapter - Downloading https://repo.maven.apache.org/maven2/com/sun/istack/istack-commons-runtime/4.1.1/istack-commons-runtime-4.1.1-sources.jar
2026-09-19 09:40:36,621 [Worker-44: Download sources and javadoc] INFO  o.e.m.c.i.e.AbstractTransferListenerAdapter - Downloaded https://repo.maven.apache.org/maven2/com/sun/istack/istack-commons-runtime/4.1.1/istack-commons-runtime-4.1.1-sources.jar
2026-09-19 09:40:36,622 [Worker-44: Download sources and javadoc] INFO  o.e.m.j.internal.DownloadSourcesJob - Downloaded sources for com.sun.istack:istack-commons-runtime:4.1.1
2026-09-19 09:40:36,859 [Worker-44: Download sources and javadoc] INFO  o.e.m.c.i.e.AbstractTransferListenerAdapter - Downloading https://repo.maven.apache.org/maven2/org/antlr/antlr4-runtime/4.13.0/antlr4-runtime-4.13.0-sources.jar
2026-09-19 09:40:37,041 [Worker-44: Download sources and javadoc] INFO  o.e.m.c.i.e.AbstractTransferListenerAdapter - Downloaded https://repo.maven.apache.org/maven2/org/antlr/antlr4-runtime/4.13.0/antlr4-runtime-4.13.0-sources.jar
2026-09-19 09:40:37,043 [Worker-44: Download sources and javadoc] INFO  o.e.m.j.internal.DownloadSourcesJob - Downloaded sources for org.antlr:antlr4-runtime:4.13.0
2026-09-19 09:40:37,272 [Worker-44: Download sources and javadoc] INFO  o.e.m.c.i.e.AbstractTransferListenerAdapter - Downloading https://repo.maven.apache.org/maven2/org/projectlombok/lombok/1.18.26/lombok-1.18.26-sources.jar
2026-09-19 09:40:37,572 [Worker-44: Download sources and javadoc] INFO  o.e.m.c.i.e.AbstractTransferListenerAdapter - Downloaded https://repo.maven.apache.org/maven2/org/projectlombok/lombok/1.18.26/lombok-1.18.26-sources.jar
2026-09-19 09:40:37,573 [Worker-44: Download sources and javadoc] INFO  o.e.m.j.internal.DownloadSourcesJob - Downloaded sources for org.projectlombok:lombok:1.18.26
2026-09-19 09:46:27,088 [Worker-53: Updating Maven Dependencies] ERROR o.e.m.j.i.l.MavenLaunchConfigurationListener - Launch configuration FrmLogin (1) references closed project LPII_Sesion04_MV_GIT
org.eclipse.core.runtime.CoreException: Launch configuration FrmLogin (1) references closed project LPII_Sesion04_MV_GIT
	at org.eclipse.jdt.launching.JavaRuntime.abort(JavaRuntime.java:1870)
	at org.eclipse.jdt.launching.JavaRuntime.getJavaProject(JavaRuntime.java:1744)
	at org.eclipse.m2e.jdt.internal.launch.MavenLaunchConfigurationListener.updateLaunchConfiguration(MavenLaunchConfigurationListener.java:66)
	at org.eclipse.m2e.jdt.internal.launch.MavenLaunchConfigurationListener.launchConfigurationChanged(MavenLaunchConfigurationListener.java:52)
	at org.eclipse.debug.internal.core.LaunchManager$ConfigurationNotifier.run(LaunchManager.java:220)
	at org.eclipse.core.runtime.SafeRunner.run(SafeRunner.java:47)
	at org.eclipse.debug.internal.core.LaunchManager$ConfigurationNotifier.notify(LaunchManager.java:204)
	at org.eclipse.debug.internal.core.LaunchConfigurationWorkingCopy.setDirty(LaunchConfigurationWorkingCopy.java:527)
	at org.eclipse.debug.internal.core.LaunchConfigurationWorkingCopy.setAttribute(LaunchConfigurationWorkingCopy.java:415)
	at org.eclipse.m2e.jdt.internal.launch.MavenRuntimeClasspathProvider.disable(MavenRuntimeClasspathProvider.java:409)
	at org.eclipse.m2e.jdt.internal.launch.MavenRuntimeClasspathProvider.disable(MavenRuntimeClasspathProvider.java:435)
	at org.eclipse.m2e.jdt.internal.launch.MavenLaunchConfigurationListener.mavenProjectChanged(MavenLaunchConfigurationListener.java:137)
	at org.eclipse.m2e.core.internal.project.registry.ProjectRegistryManager.notifyProjectChangeListeners(ProjectRegistryManager.java:892)
	at org.eclipse.m2e.core.internal.project.registry.ProjectRegistryManager.applyMutableProjectRegistry(ProjectRegistryManager.java:1042)
	at org.eclipse.m2e.core.internal.project.registry.ProjectRegistryRefreshJob.lambda$0(ProjectRegistryRefreshJob.java:162)
	at org.eclipse.m2e.core.internal.embedder.MavenExecutionContext.executeBare(MavenExecutionContext.java:458)
	at org.eclipse.m2e.core.internal.embedder.MavenExecutionContext.execute(MavenExecutionContext.java:339)
	at org.eclipse.m2e.core.internal.embedder.MavenExecutionContext.execute(MavenExecutionContext.java:278)
	at org.eclipse.m2e.core.internal.project.registry.ProjectRegistryRefreshJob.run(ProjectRegistryRefreshJob.java:106)
	at org.eclipse.core.internal.jobs.Worker.run(Worker.java:63)
2026-09-19 09:46:27,092 [Worker-53: Updating Maven Dependencies] ERROR o.e.m.j.i.l.MavenLaunchConfigurationListener - Launch configuration FrmLogin (1) references closed project LPII_Sesion04_MV_GIT
org.eclipse.core.runtime.CoreException: Launch configuration FrmLogin (1) references closed project LPII_Sesion04_MV_GIT
	at org.eclipse.jdt.launching.JavaRuntime.abort(JavaRuntime.java:1870)
	at org.eclipse.jdt.launching.JavaRuntime.getJavaProject(JavaRuntime.java:1744)
	at org.eclipse.m2e.jdt.internal.launch.MavenLaunchConfigurationListener.updateLaunchConfiguration(MavenLaunchConfigurationListener.java:66)
	at org.eclipse.m2e.jdt.internal.launch.MavenLaunchConfigurationListener.launchConfigurationChanged(MavenLaunchConfigurationListener.java:52)
	at org.eclipse.debug.internal.core.LaunchManager$ConfigurationNotifier.run(LaunchManager.java:220)
	at org.eclipse.core.runtime.SafeRunner.run(SafeRunner.java:47)
	at org.eclipse.debug.internal.core.LaunchManager$ConfigurationNotifier.notify(LaunchManager.java:204)
	at org.eclipse.debug.internal.core.LaunchConfigurationWorkingCopy.setDirty(LaunchConfigurationWorkingCopy.java:527)
	at org.eclipse.debug.internal.core.LaunchConfigurationWorkingCopy.setAttribute(LaunchConfigurationWorkingCopy.java:415)
	at org.eclipse.m2e.jdt.internal.launch.MavenRuntimeClasspathProvider.disable(MavenRuntimeClasspathProvider.java:410)
	at org.eclipse.m2e.jdt.internal.launch.MavenRuntimeClasspathProvider.disable(MavenRuntimeClasspathProvider.java:435)
	at org.eclipse.m2e.jdt.internal.launch.MavenLaunchConfigurationListener.mavenProjectChanged(MavenLaunchConfigurationListener.java:137)
	at org.eclipse.m2e.core.internal.project.registry.ProjectRegistryManager.notifyProjectChangeListeners(ProjectRegistryManager.java:892)
	at org.eclipse.m2e.core.internal.project.registry.ProjectRegistryManager.applyMutableProjectRegistry(ProjectRegistryManager.java:1042)
	at org.eclipse.m2e.core.internal.project.registry.ProjectRegistryRefreshJob.lambda$0(ProjectRegistryRefreshJob.java:162)
	at org.eclipse.m2e.core.internal.embedder.MavenExecutionContext.executeBare(MavenExecutionContext.java:458)
	at org.eclipse.m2e.core.internal.embedder.MavenExecutionContext.execute(MavenExecutionContext.java:339)
	at org.eclipse.m2e.core.internal.embedder.MavenExecutionContext.execute(MavenExecutionContext.java:278)
	at org.eclipse.m2e.core.internal.project.registry.ProjectRegistryRefreshJob.run(ProjectRegistryRefreshJob.java:106)
	at org.eclipse.core.internal.jobs.Worker.run(Worker.java:63)
2026-09-19 09:46:27,094 [Worker-53: Updating Maven Dependencies] ERROR o.e.m.j.i.l.MavenLaunchConfigurationListener - Launch configuration FrmLogin (1) references closed project LPII_Sesion04_MV_GIT
org.eclipse.core.runtime.CoreException: Launch configuration FrmLogin (1) references closed project LPII_Sesion04_MV_GIT
	at org.eclipse.jdt.launching.JavaRuntime.abort(JavaRuntime.java:1870)
	at org.eclipse.jdt.launching.JavaRuntime.getJavaProject(JavaRuntime.java:1744)
	at org.eclipse.m2e.jdt.internal.launch.MavenLaunchConfigurationListener.updateLaunchConfiguration(MavenLaunchConfigurationListener.java:66)
	at org.eclipse.m2e.jdt.internal.launch.MavenLaunchConfigurationListener.launchConfigurationChanged(MavenLaunchConfigurationListener.java:52)
	at org.eclipse.debug.internal.core.LaunchManager$ConfigurationNotifier.run(LaunchManager.java:220)
	at org.eclipse.core.runtime.SafeRunner.run(SafeRunner.java:47)
	at org.eclipse.debug.internal.core.LaunchManager$ConfigurationNotifier.notify(LaunchManager.java:204)
	at org.eclipse.debug.internal.core.LaunchManager.launchConfigurationChanged(LaunchManager.java:2010)
	at org.eclipse.debug.internal.core.LaunchConfigurationWorkingCopy.writeNewFile(LaunchConfigurationWorkingCopy.java:380)
	at org.eclipse.debug.internal.core.LaunchConfigurationWorkingCopy.doSave0(LaunchConfigurationWorkingCopy.java:259)
	at org.eclipse.debug.internal.core.LaunchConfigurationWorkingCopy.doSave(LaunchConfigurationWorkingCopy.java:229)
	at org.eclipse.debug.internal.core.LaunchConfigurationWorkingCopy.doSave(LaunchConfigurationWorkingCopy.java:187)
	at org.eclipse.m2e.jdt.internal.launch.MavenRuntimeClasspathProvider.disable(MavenRuntimeClasspathProvider.java:411)
	at org.eclipse.m2e.jdt.internal.launch.MavenRuntimeClasspathProvider.disable(MavenRuntimeClasspathProvider.java:435)
	at org.eclipse.m2e.jdt.internal.launch.MavenLaunchConfigurationListener.mavenProjectChanged(MavenLaunchConfigurationListener.java:137)
	at org.eclipse.m2e.core.internal.project.registry.ProjectRegistryManager.notifyProjectChangeListeners(ProjectRegistryManager.java:892)
	at org.eclipse.m2e.core.internal.project.registry.ProjectRegistryManager.applyMutableProjectRegistry(ProjectRegistryManager.java:1042)
	at org.eclipse.m2e.core.internal.project.registry.ProjectRegistryRefreshJob.lambda$0(ProjectRegistryRefreshJob.java:162)
	at org.eclipse.m2e.core.internal.embedder.MavenExecutionContext.executeBare(MavenExecutionContext.java:458)
	at org.eclipse.m2e.core.internal.embedder.MavenExecutionContext.execute(MavenExecutionContext.java:339)
	at org.eclipse.m2e.core.internal.embedder.MavenExecutionContext.execute(MavenExecutionContext.java:278)
	at org.eclipse.m2e.core.internal.project.registry.ProjectRegistryRefreshJob.run(ProjectRegistryRefreshJob.java:106)
	at org.eclipse.core.internal.jobs.Worker.run(Worker.java:63)
2026-09-19 09:46:27,094 [Worker-53: Updating Maven Dependencies] ERROR o.e.m.j.i.l.MavenLaunchConfigurationListener - Launch configuration FrmManteProd (1) references closed project LPII_Sesion04_MV_GIT
org.eclipse.core.runtime.CoreException: Launch configuration FrmManteProd (1) references closed project LPII_Sesion04_MV_GIT
	at org.eclipse.jdt.launching.JavaRuntime.abort(JavaRuntime.java:1870)
	at org.eclipse.jdt.launching.JavaRuntime.getJavaProject(JavaRuntime.java:1744)
	at org.eclipse.m2e.jdt.internal.launch.MavenLaunchConfigurationListener.updateLaunchConfiguration(MavenLaunchConfigurationListener.java:66)
	at org.eclipse.m2e.jdt.internal.launch.MavenLaunchConfigurationListener.launchConfigurationChanged(MavenLaunchConfigurationListener.java:52)
	at org.eclipse.debug.internal.core.LaunchManager$ConfigurationNotifier.run(LaunchManager.java:220)
	at org.eclipse.core.runtime.SafeRunner.run(SafeRunner.java:47)
	at org.eclipse.debug.internal.core.LaunchManager$ConfigurationNotifier.notify(LaunchManager.java:204)
	at org.eclipse.debug.internal.core.LaunchConfigurationWorkingCopy.setDirty(LaunchConfigurationWorkingCopy.java:527)
	at org.eclipse.debug.internal.core.LaunchConfigurationWorkingCopy.setAttribute(LaunchConfigurationWorkingCopy.java:415)
	at org.eclipse.m2e.jdt.internal.launch.MavenRuntimeClasspathProvider.disable(MavenRuntimeClasspathProvider.java:409)
	at org.eclipse.m2e.jdt.internal.launch.MavenRuntimeClasspathProvider.disable(MavenRuntimeClasspathProvider.java:435)
	at org.eclipse.m2e.jdt.internal.launch.MavenLaunchConfigurationListener.mavenProjectChanged(MavenLaunchConfigurationListener.java:137)
	at org.eclipse.m2e.core.internal.project.registry.ProjectRegistryManager.notifyProjectChangeListeners(ProjectRegistryManager.java:892)
	at org.eclipse.m2e.core.internal.project.registry.ProjectRegistryManager.applyMutableProjectRegistry(ProjectRegistryManager.java:1042)
	at org.eclipse.m2e.core.internal.project.registry.ProjectRegistryRefreshJob.lambda$0(ProjectRegistryRefreshJob.java:162)
	at org.eclipse.m2e.core.internal.embedder.MavenExecutionContext.executeBare(MavenExecutionContext.java:458)
	at org.eclipse.m2e.core.internal.embedder.MavenExecutionContext.execute(MavenExecutionContext.java:339)
	at org.eclipse.m2e.core.internal.embedder.MavenExecutionContext.execute(MavenExecutionContext.java:278)
	at org.eclipse.m2e.core.internal.project.registry.ProjectRegistryRefreshJob.run(ProjectRegistryRefreshJob.java:106)
	at org.eclipse.core.internal.jobs.Worker.run(Worker.java:63)
2026-09-19 09:46:27,095 [Worker-53: Updating Maven Dependencies] ERROR o.e.m.j.i.l.MavenLaunchConfigurationListener - Launch configuration FrmManteProd (1) references closed project LPII_Sesion04_MV_GIT
org.eclipse.core.runtime.CoreException: Launch configuration FrmManteProd (1) references closed project LPII_Sesion04_MV_GIT
	at org.eclipse.jdt.launching.JavaRuntime.abort(JavaRuntime.java:1870)
	at org.eclipse.jdt.launching.JavaRuntime.getJavaProject(JavaRuntime.java:1744)
	at org.eclipse.m2e.jdt.internal.launch.MavenLaunchConfigurationListener.updateLaunchConfiguration(MavenLaunchConfigurationListener.java:66)
	at org.eclipse.m2e.jdt.internal.launch.MavenLaunchConfigurationListener.launchConfigurationChanged(MavenLaunchConfigurationListener.java:52)
	at org.eclipse.debug.internal.core.LaunchManager$ConfigurationNotifier.run(LaunchManager.java:220)
	at org.eclipse.core.runtime.SafeRunner.run(SafeRunner.java:47)
	at org.eclipse.debug.internal.core.LaunchManager$ConfigurationNotifier.notify(LaunchManager.java:204)
	at org.eclipse.debug.internal.core.LaunchConfigurationWorkingCopy.setDirty(LaunchConfigurationWorkingCopy.java:527)
	at org.eclipse.debug.internal.core.LaunchConfigurationWorkingCopy.setAttribute(LaunchConfigurationWorkingCopy.java:415)
	at org.eclipse.m2e.jdt.internal.launch.MavenRuntimeClasspathProvider.disable(MavenRuntimeClasspathProvider.java:410)
	at org.eclipse.m2e.jdt.internal.launch.MavenRuntimeClasspathProvider.disable(MavenRuntimeClasspathProvider.java:435)
	at org.eclipse.m2e.jdt.internal.launch.MavenLaunchConfigurationListener.mavenProjectChanged(MavenLaunchConfigurationListener.java:137)
	at org.eclipse.m2e.core.internal.project.registry.ProjectRegistryManager.notifyProjectChangeListeners(ProjectRegistryManager.java:892)
	at org.eclipse.m2e.core.internal.project.registry.ProjectRegistryManager.applyMutableProjectRegistry(ProjectRegistryManager.java:1042)
	at org.eclipse.m2e.core.internal.project.registry.ProjectRegistryRefreshJob.lambda$0(ProjectRegistryRefreshJob.java:162)
	at org.eclipse.m2e.core.internal.embedder.MavenExecutionContext.executeBare(MavenExecutionContext.java:458)
	at org.eclipse.m2e.core.internal.embedder.MavenExecutionContext.execute(MavenExecutionContext.java:339)
	at org.eclipse.m2e.core.internal.embedder.MavenExecutionContext.execute(MavenExecutionContext.java:278)
	at org.eclipse.m2e.core.internal.project.registry.ProjectRegistryRefreshJob.run(ProjectRegistryRefreshJob.java:106)
	at org.eclipse.core.internal.jobs.Worker.run(Worker.java:63)
2026-09-19 09:46:27,095 [Worker-53: Updating Maven Dependencies] ERROR o.e.m.j.i.l.MavenLaunchConfigurationListener - Launch configuration FrmManteProd (1) references closed project LPII_Sesion04_MV_GIT
org.eclipse.core.runtime.CoreException: Launch configuration FrmManteProd (1) references closed project LPII_Sesion04_MV_GIT
	at org.eclipse.jdt.launching.JavaRuntime.abort(JavaRuntime.java:1870)
	at org.eclipse.jdt.launching.JavaRuntime.getJavaProject(JavaRuntime.java:1744)
	at org.eclipse.m2e.jdt.internal.launch.MavenLaunchConfigurationListener.updateLaunchConfiguration(MavenLaunchConfigurationListener.java:66)
	at org.eclipse.m2e.jdt.internal.launch.MavenLaunchConfigurationListener.launchConfigurationChanged(MavenLaunchConfigurationListener.java:52)
	at org.eclipse.debug.internal.core.LaunchManager$ConfigurationNotifier.run(LaunchManager.java:220)
	at org.eclipse.core.runtime.SafeRunner.run(SafeRunner.java:47)
	at org.eclipse.debug.internal.core.LaunchManager$ConfigurationNotifier.notify(LaunchManager.java:204)
	at org.eclipse.debug.internal.core.LaunchManager.launchConfigurationChanged(LaunchManager.java:2010)
	at org.eclipse.debug.internal.core.LaunchConfigurationWorkingCopy.writeNewFile(LaunchConfigurationWorkingCopy.java:380)
	at org.eclipse.debug.internal.core.LaunchConfigurationWorkingCopy.doSave0(LaunchConfigurationWorkingCopy.java:259)
	at org.eclipse.debug.internal.core.LaunchConfigurationWorkingCopy.doSave(LaunchConfigurationWorkingCopy.java:229)
	at org.eclipse.debug.internal.core.LaunchConfigurationWorkingCopy.doSave(LaunchConfigurationWorkingCopy.java:187)
	at org.eclipse.m2e.jdt.internal.launch.MavenRuntimeClasspathProvider.disable(MavenRuntimeClasspathProvider.java:411)
	at org.eclipse.m2e.jdt.internal.launch.MavenRuntimeClasspathProvider.disable(MavenRuntimeClasspathProvider.java:435)
	at org.eclipse.m2e.jdt.internal.launch.MavenLaunchConfigurationListener.mavenProjectChanged(MavenLaunchConfigurationListener.java:137)
	at org.eclipse.m2e.core.internal.project.registry.ProjectRegistryManager.notifyProjectChangeListeners(ProjectRegistryManager.java:892)
	at org.eclipse.m2e.core.internal.project.registry.ProjectRegistryManager.applyMutableProjectRegistry(ProjectRegistryManager.java:1042)
	at org.eclipse.m2e.core.internal.project.registry.ProjectRegistryRefreshJob.lambda$0(ProjectRegistryRefreshJob.java:162)
	at org.eclipse.m2e.core.internal.embedder.MavenExecutionContext.executeBare(MavenExecutionContext.java:458)
	at org.eclipse.m2e.core.internal.embedder.MavenExecutionContext.execute(MavenExecutionContext.java:339)
	at org.eclipse.m2e.core.internal.embedder.MavenExecutionContext.execute(MavenExecutionContext.java:278)
	at org.eclipse.m2e.core.internal.project.registry.ProjectRegistryRefreshJob.run(ProjectRegistryRefreshJob.java:106)
	at org.eclipse.core.internal.jobs.Worker.run(Worker.java:63)
2026-09-19 09:46:27,096 [Worker-53: Updating Maven Dependencies] ERROR o.e.m.j.i.l.MavenLaunchConfigurationListener - Launch configuration Listado (1) references closed project LPII_Sesion04_MV_GIT
org.eclipse.core.runtime.CoreException: Launch configuration Listado (1) references closed project LPII_Sesion04_MV_GIT
	at org.eclipse.jdt.launching.JavaRuntime.abort(JavaRuntime.java:1870)
	at org.eclipse.jdt.launching.JavaRuntime.getJavaProject(JavaRuntime.java:1744)
	at org.eclipse.m2e.jdt.internal.launch.MavenLaunchConfigurationListener.updateLaunchConfiguration(MavenLaunchConfigurationListener.java:66)
	at org.eclipse.m2e.jdt.internal.launch.MavenLaunchConfigurationListener.launchConfigurationChanged(MavenLaunchConfigurationListener.java:52)
	at org.eclipse.debug.internal.core.LaunchManager$ConfigurationNotifier.run(LaunchManager.java:220)
	at org.eclipse.core.runtime.SafeRunner.run(SafeRunner.java:47)
	at org.eclipse.debug.internal.core.LaunchManager$ConfigurationNotifier.notify(LaunchManager.java:204)
	at org.eclipse.debug.internal.core.LaunchConfigurationWorkingCopy.setDirty(LaunchConfigurationWorkingCopy.java:527)
	at org.eclipse.debug.internal.core.LaunchConfigurationWorkingCopy.setAttribute(LaunchConfigurationWorkingCopy.java:415)
	at org.eclipse.m2e.jdt.internal.launch.MavenRuntimeClasspathProvider.disable(MavenRuntimeClasspathProvider.java:409)
	at org.eclipse.m2e.jdt.internal.launch.MavenRuntimeClasspathProvider.disable(MavenRuntimeClasspathProvider.java:435)
	at org.eclipse.m2e.jdt.internal.launch.MavenLaunchConfigurationListener.mavenProjectChanged(MavenLaunchConfigurationListener.java:137)
	at org.eclipse.m2e.core.internal.project.registry.ProjectRegistryManager.notifyProjectChangeListeners(ProjectRegistryManager.java:892)
	at org.eclipse.m2e.core.internal.project.registry.ProjectRegistryManager.applyMutableProjectRegistry(ProjectRegistryManager.java:1042)
	at org.eclipse.m2e.core.internal.project.registry.ProjectRegistryRefreshJob.lambda$0(ProjectRegistryRefreshJob.java:162)
	at org.eclipse.m2e.core.internal.embedder.MavenExecutionContext.executeBare(MavenExecutionContext.java:458)
	at org.eclipse.m2e.core.internal.embedder.MavenExecutionContext.execute(MavenExecutionContext.java:339)
	at org.eclipse.m2e.core.internal.embedder.MavenExecutionContext.execute(MavenExecutionContext.java:278)
	at org.eclipse.m2e.core.internal.project.registry.ProjectRegistryRefreshJob.run(ProjectRegistryRefreshJob.java:106)
	at org.eclipse.core.internal.jobs.Worker.run(Worker.java:63)
2026-09-19 09:46:27,096 [Worker-53: Updating Maven Dependencies] ERROR o.e.m.j.i.l.MavenLaunchConfigurationListener - Launch configuration Listado (1) references closed project LPII_Sesion04_MV_GIT
org.eclipse.core.runtime.CoreException: Launch configuration Listado (1) references closed project LPII_Sesion04_MV_GIT
	at org.eclipse.jdt.launching.JavaRuntime.abort(JavaRuntime.java:1870)
	at org.eclipse.jdt.launching.JavaRuntime.getJavaProject(JavaRuntime.java:1744)
	at org.eclipse.m2e.jdt.internal.launch.MavenLaunchConfigurationListener.updateLaunchConfiguration(MavenLaunchConfigurationListener.java:66)
	at org.eclipse.m2e.jdt.internal.launch.MavenLaunchConfigurationListener.launchConfigurationChanged(MavenLaunchConfigurationListener.java:52)
	at org.eclipse.debug.internal.core.LaunchManager$ConfigurationNotifier.run(LaunchManager.java:220)
	at org.eclipse.core.runtime.SafeRunner.run(SafeRunner.java:47)
	at org.eclipse.debug.internal.core.LaunchManager$ConfigurationNotifier.notify(LaunchManager.java:204)
	at org.eclipse.debug.internal.core.LaunchConfigurationWorkingCopy.setDirty(LaunchConfigurationWorkingCopy.java:527)
	at org.eclipse.debug.internal.core.LaunchConfigurationWorkingCopy.setAttribute(LaunchConfigurationWorkingCopy.java:415)
	at org.eclipse.m2e.jdt.internal.launch.MavenRuntimeClasspathProvider.disable(MavenRuntimeClasspathProvider.java:410)
	at org.eclipse.m2e.jdt.internal.launch.MavenRuntimeClasspathProvider.disable(MavenRuntimeClasspathProvider.java:435)
	at org.eclipse.m2e.jdt.internal.launch.MavenLaunchConfigurationListener.mavenProjectChanged(MavenLaunchConfigurationListener.java:137)
	at org.eclipse.m2e.core.internal.project.registry.ProjectRegistryManager.notifyProjectChangeListeners(ProjectRegistryManager.java:892)
	at org.eclipse.m2e.core.internal.project.registry.ProjectRegistryManager.applyMutableProjectRegistry(ProjectRegistryManager.java:1042)
	at org.eclipse.m2e.core.internal.project.registry.ProjectRegistryRefreshJob.lambda$0(ProjectRegistryRefreshJob.java:162)
	at org.eclipse.m2e.core.internal.embedder.MavenExecutionContext.executeBare(MavenExecutionContext.java:458)
	at org.eclipse.m2e.core.internal.embedder.MavenExecutionContext.execute(MavenExecutionContext.java:339)
	at org.eclipse.m2e.core.internal.embedder.MavenExecutionContext.execute(MavenExecutionContext.java:278)
	at org.eclipse.m2e.core.internal.project.registry.ProjectRegistryRefreshJob.run(ProjectRegistryRefreshJob.java:106)
	at org.eclipse.core.internal.jobs.Worker.run(Worker.java:63)
2026-09-19 09:46:27,097 [Worker-53: Updating Maven Dependencies] ERROR o.e.m.j.i.l.MavenLaunchConfigurationListener - Launch configuration Listado (1) references closed project LPII_Sesion04_MV_GIT
org.eclipse.core.runtime.CoreException: Launch configuration Listado (1) references closed project LPII_Sesion04_MV_GIT
	at org.eclipse.jdt.launching.JavaRuntime.abort(JavaRuntime.java:1870)
	at org.eclipse.jdt.launching.JavaRuntime.getJavaProject(JavaRuntime.java:1744)
	at org.eclipse.m2e.jdt.internal.launch.MavenLaunchConfigurationListener.updateLaunchConfiguration(MavenLaunchConfigurationListener.java:66)
	at org.eclipse.m2e.jdt.internal.launch.MavenLaunchConfigurationListener.launchConfigurationChanged(MavenLaunchConfigurationListener.java:52)
	at org.eclipse.debug.internal.core.LaunchManager$ConfigurationNotifier.run(LaunchManager.java:220)
	at org.eclipse.core.runtime.SafeRunner.run(SafeRunner.java:47)
	at org.eclipse.debug.internal.core.LaunchManager$ConfigurationNotifier.notify(LaunchManager.java:204)
	at org.eclipse.debug.internal.core.LaunchManager.launchConfigurationChanged(LaunchManager.java:2010)
	at org.eclipse.debug.internal.core.LaunchConfigurationWorkingCopy.writeNewFile(LaunchConfigurationWorkingCopy.java:380)
	at org.eclipse.debug.internal.core.LaunchConfigurationWorkingCopy.doSave0(LaunchConfigurationWorkingCopy.java:259)
	at org.eclipse.debug.internal.core.LaunchConfigurationWorkingCopy.doSave(LaunchConfigurationWorkingCopy.java:229)
	at org.eclipse.debug.internal.core.LaunchConfigurationWorkingCopy.doSave(LaunchConfigurationWorkingCopy.java:187)
	at org.eclipse.m2e.jdt.internal.launch.MavenRuntimeClasspathProvider.disable(MavenRuntimeClasspathProvider.java:411)
	at org.eclipse.m2e.jdt.internal.launch.MavenRuntimeClasspathProvider.disable(MavenRuntimeClasspathProvider.java:435)
	at org.eclipse.m2e.jdt.internal.launch.MavenLaunchConfigurationListener.mavenProjectChanged(MavenLaunchConfigurationListener.java:137)
	at org.eclipse.m2e.core.internal.project.registry.ProjectRegistryManager.notifyProjectChangeListeners(ProjectRegistryManager.java:892)
	at org.eclipse.m2e.core.internal.project.registry.ProjectRegistryManager.applyMutableProjectRegistry(ProjectRegistryManager.java:1042)
	at org.eclipse.m2e.core.internal.project.registry.ProjectRegistryRefreshJob.lambda$0(ProjectRegistryRefreshJob.java:162)
	at org.eclipse.m2e.core.internal.embedder.MavenExecutionContext.executeBare(MavenExecutionContext.java:458)
	at org.eclipse.m2e.core.internal.embedder.MavenExecutionContext.execute(MavenExecutionContext.java:339)
	at org.eclipse.m2e.core.internal.embedder.MavenExecutionContext.execute(MavenExecutionContext.java:278)
	at org.eclipse.m2e.core.internal.project.registry.ProjectRegistryRefreshJob.run(ProjectRegistryRefreshJob.java:106)
	at org.eclipse.core.internal.jobs.Worker.run(Worker.java:63)
2026-09-19 09:46:30,534 [Worker-40: Updating Maven Dependencies] INFO  o.e.m.c.i.l.LifecycleMappingFactory - Using org.eclipse.m2e.jdt.JarLifecycleMapping lifecycle mapping for MavenProject: org.cibertec:LPII_Sesion04_MV_GIT:0.0.1-SNAPSHOT @ D:\Downloads\LPII_Sesi贸n_04 - Rec\LPII_Sesi贸n_04 - Rec\LPII_Sesion04_MV_GIT\pom.xml.
2026-09-19 09:58:45,072 [Worker-10: Building] INFO  o.e.m.c.i.l.LifecycleMappingFactory - Using org.eclipse.m2e.jdt.JarLifecycleMapping lifecycle mapping for MavenProject: org.cibertec:LPII_Sesion04_MV_GIT:0.0.1-SNAPSHOT @ D:\Downloads\LPII_Sesi贸n_04 - Rec\LPII_Sesi贸n_04 - Rec\LPII_Sesion04_MV_GIT\pom.xml.
2026-09-19 09:58:45,429 [Worker-10: Building] INFO  o.e.m.c.i.e.AbstractTransferListenerAdapter - Downloading https://repo.maven.apache.org/maven2/mysql/mysql-connector-java/8.0.33/mysql-connector-java-8.0.33.pom
2026-09-19 09:58:45,433 [Worker-10: Building] INFO  o.e.m.c.i.e.AbstractTransferListenerAdapter - Downloaded https://repo.maven.apache.org/maven2/mysql/mysql-connector-java/8.0.33/mysql-connector-java-8.0.33.pom
2026-09-19 09:58:45,519 [Worker-10: Building] INFO  o.e.m.c.i.e.AbstractTransferListenerAdapter - Downloading https://repo.maven.apache.org/maven2/com/mysql/mysql-connector-j/8.0.33/mysql-connector-j-8.0.33.pom
2026-09-19 09:58:45,522 [Worker-10: Building] INFO  o.e.m.c.i.e.AbstractTransferListenerAdapter - Downloaded https://repo.maven.apache.org/maven2/com/mysql/mysql-connector-j/8.0.33/mysql-connector-j-8.0.33.pom
2026-09-19 09:58:45,607 [Worker-10: Building] INFO  o.e.m.c.i.e.AbstractTransferListenerAdapter - Downloading https://repo.maven.apache.org/maven2/com/google/protobuf/protobuf-java/3.21.9/protobuf-java-3.21.9.pom
2026-09-19 09:58:45,611 [Worker-10: Building] INFO  o.e.m.c.i.e.AbstractTransferListenerAdapter - Downloaded https://repo.maven.apache.org/maven2/com/google/protobuf/protobuf-java/3.21.9/protobuf-java-3.21.9.pom
2026-09-19 09:58:45,696 [Worker-10: Building] INFO  o.e.m.c.i.e.AbstractTransferListenerAdapter - Downloading https://repo.maven.apache.org/maven2/com/google/protobuf/protobuf-parent/3.21.9/protobuf-parent-3.21.9.pom
2026-09-19 09:58:45,697 [Worker-10: Building] INFO  o.e.m.c.i.e.AbstractTransferListenerAdapter - Downloaded https://repo.maven.apache.org/maven2/com/google/protobuf/protobuf-parent/3.21.9/protobuf-parent-3.21.9.pom
2026-09-19 09:58:45,782 [Worker-10: Building] INFO  o.e.m.c.i.e.AbstractTransferListenerAdapter - Downloading https://repo.maven.apache.org/maven2/com/google/protobuf/protobuf-bom/3.21.9/protobuf-bom-3.21.9.pom
2026-09-19 09:58:45,785 [Worker-10: Building] INFO  o.e.m.c.i.e.AbstractTransferListenerAdapter - Downloaded https://repo.maven.apache.org/maven2/com/google/protobuf/protobuf-bom/3.21.9/protobuf-bom-3.21.9.pom
2026-09-19 09:58:45,876 [Worker-10: Building] INFO  o.e.m.c.i.e.AbstractTransferListenerAdapter - Downloading https://repo.maven.apache.org/maven2/org/datanucleus/jakarta.persistence/3.1.1/jakarta.persistence-3.1.1.pom
2026-09-19 09:58:45,879 [Worker-10: Building] INFO  o.e.m.c.i.e.AbstractTransferListenerAdapter - Downloaded https://repo.maven.apache.org/maven2/org/datanucleus/jakarta.persistence/3.1.1/jakarta.persistence-3.1.1.pom
2026-09-19 09:58:45,962 [Worker-10: Building] INFO  o.e.m.c.i.e.AbstractTransferListenerAdapter - Downloading https://repo.maven.apache.org/maven2/org/datanucleus/datanucleus-maven-parent/6.0.1/datanucleus-maven-parent-6.0.1.pom
2026-09-19 09:58:45,965 [Worker-10: Building] INFO  o.e.m.c.i.e.AbstractTransferListenerAdapter - Downloaded https://repo.maven.apache.org/maven2/org/datanucleus/datanucleus-maven-parent/6.0.1/datanucleus-maven-parent-6.0.1.pom
2026-09-19 09:58:45,968 [Worker-10: Building] WARN  o.e.m.c.i.embedder.EclipseLogger - The artifact mysql:mysql-connector-java:jar:8.0.33 has been relocated to com.mysql:mysql-connector-j:jar:8.0.33: MySQL Connector/J artifacts moved to reverse-DNS compliant Maven 2+ coordinates.
2026-09-19 09:58:46,057 [Worker-10: Building] INFO  o.e.m.c.i.e.AbstractTransferListenerAdapter - Downloading https://repo.maven.apache.org/maven2/com/mysql/mysql-connector-j/8.0.33/mysql-connector-j-8.0.33.jar
2026-09-19 09:58:46,446 [Worker-10: Building] INFO  o.e.m.c.i.e.AbstractTransferListenerAdapter - Downloaded https://repo.maven.apache.org/maven2/com/mysql/mysql-connector-j/8.0.33/mysql-connector-j-8.0.33.jar
2026-09-19 09:58:46,526 [BasicRepositoryConnector-repo.maven.apache.org-2-0] INFO  o.e.m.c.i.e.AbstractTransferListenerAdapter - Downloading https://repo.maven.apache.org/maven2/com/google/protobuf/protobuf-java/3.21.9/protobuf-java-3.21.9.jar
2026-09-19 09:58:46,562 [BasicRepositoryConnector-repo.maven.apache.org-2-0] INFO  o.e.m.c.i.e.AbstractTransferListenerAdapter - Downloaded https://repo.maven.apache.org/maven2/com/google/protobuf/protobuf-java/3.21.9/protobuf-java-3.21.9.jar
2026-09-19 09:58:46,672 [BasicRepositoryConnector-repo.maven.apache.org-2-1] INFO  o.e.m.c.i.e.AbstractTransferListenerAdapter - Downloading https://repo.maven.apache.org/maven2/org/datanucleus/jakarta.persistence/3.1.1/jakarta.persistence-3.1.1.jar
2026-09-19 09:58:46,818 [BasicRepositoryConnector-repo.maven.apache.org-2-1] INFO  o.e.m.c.i.e.AbstractTransferListenerAdapter - Downloaded https://repo.maven.apache.org/maven2/org/datanucleus/jakarta.persistence/3.1.1/jakarta.persistence-3.1.1.jar
2026-09-19 09:58:46,879 [Worker-10: Building] INFO  o.a.m.s.f.DefaultMavenResourcesFiltering - Copying 1 resource from src\main\resources to target\classes
2026-09-19 09:58:46,882 [Worker-10: Building] INFO  o.a.m.s.f.DefaultMavenResourcesFiltering - Copying 0 resource from src\test\resources to target\test-classes
2026-09-19 09:58:48,120 [Worker-51: Download sources and javadoc] INFO  o.e.m.c.i.e.AbstractTransferListenerAdapter - Downloading https://repo.maven.apache.org/maven2/com/mysql/mysql-connector-j/8.0.33/mysql-connector-j-8.0.33-sources.jar
2026-09-19 09:58:48,200 [Worker-10: Building] INFO  o.a.m.s.f.DefaultMavenResourcesFiltering - Copying 1 resource from src\main\resources to target\classes
2026-09-19 09:58:48,202 [Worker-10: Building] INFO  o.a.m.s.f.DefaultMavenResourcesFiltering - Copying 0 resource from src\test\resources to target\test-classes
2026-09-19 09:58:48,519 [Worker-51: Download sources and javadoc] INFO  o.e.m.c.i.e.AbstractTransferListenerAdapter - Downloaded https://repo.maven.apache.org/maven2/com/mysql/mysql-connector-j/8.0.33/mysql-connector-j-8.0.33-sources.jar
2026-09-19 09:58:48,521 [Worker-51: Download sources and javadoc] INFO  o.e.m.j.internal.DownloadSourcesJob - Downloaded sources for com.mysql:mysql-connector-j:8.0.33
2026-09-19 09:58:48,751 [Worker-51: Download sources and javadoc] INFO  o.e.m.c.i.e.AbstractTransferListenerAdapter - Downloading https://repo.maven.apache.org/maven2/com/google/protobuf/protobuf-java/3.21.9/protobuf-java-3.21.9-sources.jar
2026-09-19 09:58:49,090 [Worker-51: Download sources and javadoc] INFO  o.e.m.c.i.e.AbstractTransferListenerAdapter - Downloaded https://repo.maven.apache.org/maven2/com/google/protobuf/protobuf-java/3.21.9/protobuf-java-3.21.9-sources.jar
2026-09-19 09:58:49,091 [Worker-51: Download sources and javadoc] INFO  o.e.m.j.internal.DownloadSourcesJob - Downloaded sources for com.google.protobuf:protobuf-java:3.21.9
2026-09-19 09:58:49,404 [Worker-51: Download sources and javadoc] INFO  o.e.m.c.i.e.AbstractTransferListenerAdapter - Downloading https://repo.maven.apache.org/maven2/org/datanucleus/jakarta.persistence/3.1.1/jakarta.persistence-3.1.1-sources.jar
2026-09-19 09:58:49,583 [Worker-51: Download sources and javadoc] INFO  o.e.m.c.i.e.AbstractTransferListenerAdapter - Downloaded https://repo.maven.apache.org/maven2/org/datanucleus/jakarta.persistence/3.1.1/jakarta.persistence-3.1.1-sources.jar
2026-09-19 09:58:49,585 [Worker-51: Download sources and javadoc] INFO  o.e.m.j.internal.DownloadSourcesJob - Downloaded sources for org.datanucleus:jakarta.persistence:3.1.1
2026-09-19 10:06:13,814 [Worker-51: Building] INFO  o.a.m.s.f.DefaultMavenResourcesFiltering - Copying 1 resource from src\main\resources to target\classes
2026-09-19 10:06:13,816 [Worker-51: Building] INFO  o.a.m.s.f.DefaultMavenResourcesFiltering - Copying 0 resource from src\test\resources to target\test-classes
2026-09-19 10:13:08,601 [Worker-60: Building] INFO  o.a.m.s.f.DefaultMavenResourcesFiltering - Copying 1 resource from src\main\resources to target\classes
2026-09-19 10:13:08,602 [Worker-60: Building] INFO  o.a.m.s.f.DefaultMavenResourcesFiltering - Copying 0 resource from src\test\resources to target\test-classes
2026-09-19 10:13:16,879 [Worker-60: Building] INFO  o.a.m.s.f.DefaultMavenResourcesFiltering - Copying 1 resource from src\main\resources to target\classes
2026-09-19 10:13:16,880 [Worker-60: Building] INFO  o.a.m.s.f.DefaultMavenResourcesFiltering - Copying 0 resource from src\test\resources to target\test-classes
2026-09-19 10:13:26,800 [Worker-63: Building] INFO  o.a.m.s.f.DefaultMavenResourcesFiltering - Copying 1 resource from src\main\resources to target\classes
2026-09-19 10:13:26,801 [Worker-63: Building] INFO  o.a.m.s.f.DefaultMavenResourcesFiltering - Copying 0 resource from src\test\resources to target\test-classes
2026-09-19 10:18:16,989 [Worker-60: Building] INFO  o.a.m.s.f.DefaultMavenResourcesFiltering - Copying 1 resource from src\main\resources to target\classes
2026-09-19 10:18:16,991 [Worker-60: Building] INFO  o.a.m.s.f.DefaultMavenResourcesFiltering - Copying 0 resource from src\test\resources to target\test-classes
2026-09-19 10:21:19,776 [Worker-65: Building] INFO  o.a.m.s.f.DefaultMavenResourcesFiltering - Copying 1 resource from src\main\resources to target\classes
2026-09-19 10:21:19,778 [Worker-65: Building] INFO  o.a.m.s.f.DefaultMavenResourcesFiltering - Copying 0 resource from src\test\resources to target\test-classes
2026-09-19 10:23:33,294 [Worker-63: Building] INFO  o.a.m.s.f.DefaultMavenResourcesFiltering - Copying 1 resource from src\main\resources to target\classes
2026-09-19 10:23:33,295 [Worker-63: Building] INFO  o.a.m.s.f.DefaultMavenResourcesFiltering - Copying 0 resource from src\test\resources to target\test-classes
2026-09-19 10:28:34,976 [Worker-66: Building] INFO  o.a.m.s.f.DefaultMavenResourcesFiltering - Copying 1 resource from src\main\resources to target\classes
2026-09-19 10:28:34,977 [Worker-66: Building] INFO  o.a.m.s.f.DefaultMavenResourcesFiltering - Copying 0 resource from src\test\resources to target\test-classes
2026-09-19 10:32:09,338 [Worker-66: Building] INFO  o.a.m.s.f.DefaultMavenResourcesFiltering - Copying 1 resource from src\main\resources to target\classes
2026-09-19 10:32:09,339 [Worker-66: Building] INFO  o.a.m.s.f.DefaultMavenResourcesFiltering - Copying 0 resource from src\test\resources to target\test-classes
2026-09-19 10:32:47,248 [Worker-63: Building] INFO  o.a.m.s.f.DefaultMavenResourcesFiltering - Copying 1 resource from src\main\resources to target\classes
2026-09-19 10:32:47,249 [Worker-63: Building] INFO  o.a.m.s.f.DefaultMavenResourcesFiltering - Copying 0 resource from src\test\resources to target\test-classes
2026-09-19 10:36:47,176 [Worker-66: Building] INFO  o.a.m.s.f.DefaultMavenResourcesFiltering - Copying 1 resource from src\main\resources to target\classes
2026-09-19 10:36:47,178 [Worker-66: Building] INFO  o.a.m.s.f.DefaultMavenResourcesFiltering - Copying 0 resource from src\test\resources to target\test-classes
2026-09-19 10:37:25,734 [Worker-71: Building] INFO  o.a.m.s.f.DefaultMavenResourcesFiltering - Copying 1 resource from src\main\resources to target\classes
2026-09-19 10:37:25,735 [Worker-71: Building] INFO  o.a.m.s.f.DefaultMavenResourcesFiltering - Copying 0 resource from src\test\resources to target\test-classes
2026-09-19 10:38:02,822 [Worker-70: Building] INFO  o.a.m.s.f.DefaultMavenResourcesFiltering - Copying 1 resource from src\main\resources to target\classes
2026-09-19 10:38:02,823 [Worker-70: Building] INFO  o.a.m.s.f.DefaultMavenResourcesFiltering - Copying 0 resource from src\test\resources to target\test-classes
2026-09-19 10:38:46,690 [Worker-70: Building] INFO  o.a.m.s.f.DefaultMavenResourcesFiltering - Copying 1 resource from src\main\resources to target\classes
2026-09-19 10:38:46,691 [Worker-70: Building] INFO  o.a.m.s.f.DefaultMavenResourcesFiltering - Copying 0 resource from src\test\resources to target\test-classes
2026-09-19 10:40:58,772 [Worker-70: Building] INFO  o.a.m.s.f.DefaultMavenResourcesFiltering - Copying 1 resource from src\main\resources to target\classes
2026-09-19 10:40:58,773 [Worker-70: Building] INFO  o.a.m.s.f.DefaultMavenResourcesFiltering - Copying 0 resource from src\test\resources to target\test-classes
2026-09-19 10:44:45,907 [Worker-68: Building] INFO  o.a.m.s.f.DefaultMavenResourcesFiltering - Copying 1 resource from src\main\resources to target\classes
2026-09-19 10:44:45,908 [Worker-68: Building] INFO  o.a.m.s.f.DefaultMavenResourcesFiltering - Copying 0 resource from src\test\resources to target\test-classes
2026-09-19 10:45:54,152 [Worker-70: Building] INFO  o.a.m.s.f.DefaultMavenResourcesFiltering - Copying 1 resource from src\main\resources to target\classes
2026-09-19 10:45:54,153 [Worker-70: Building] INFO  o.a.m.s.f.DefaultMavenResourcesFiltering - Copying 0 resource from src\test\resources to target\test-classes
2026-09-19 10:49:46,897 [Worker-70: Building] INFO  o.a.m.s.f.DefaultMavenResourcesFiltering - Copying 1 resource from src\main\resources to target\classes
2026-09-19 10:49:46,898 [Worker-70: Building] INFO  o.a.m.s.f.DefaultMavenResourcesFiltering - Copying 0 resource from src\test\resources to target\test-classes
2026-09-19 10:51:01,330 [Worker-73: Building] INFO  o.a.m.s.f.DefaultMavenResourcesFiltering - Copying 1 resource from src\main\resources to target\classes
2026-09-19 10:51:01,331 [Worker-73: Building] INFO  o.a.m.s.f.DefaultMavenResourcesFiltering - Copying 0 resource from src\test\resources to target\test-classes
2026-09-19 10:51:57,274 [Worker-74: Building] INFO  o.a.m.s.f.DefaultMavenResourcesFiltering - Copying 1 resource from src\main\resources to target\classes
2026-09-19 10:51:57,276 [Worker-74: Building] INFO  o.a.m.s.f.DefaultMavenResourcesFiltering - Copying 0 resource from src\test\resources to target\test-classes
2026-09-19 10:52:45,907 [Worker-70: Building] INFO  o.a.m.s.f.DefaultMavenResourcesFiltering - Copying 1 resource from src\main\resources to target\classes
2026-09-19 10:52:45,908 [Worker-70: Building] INFO  o.a.m.s.f.DefaultMavenResourcesFiltering - Copying 0 resource from src\test\resources to target\test-classes
2026-09-19 10:54:42,797 [Worker-74: Building] INFO  o.a.m.s.f.DefaultMavenResourcesFiltering - Copying 1 resource from src\main\resources to target\classes
2026-09-19 10:54:42,798 [Worker-74: Building] INFO  o.a.m.s.f.DefaultMavenResourcesFiltering - Copying 0 resource from src\test\resources to target\test-classes
2026-09-19 10:54:46,590 [Worker-66: Building] INFO  o.a.m.s.f.DefaultMavenResourcesFiltering - Copying 1 resource from src\main\resources to target\classes
2026-09-19 10:54:46,591 [Worker-66: Building] INFO  o.a.m.s.f.DefaultMavenResourcesFiltering - Copying 0 resource from src\test\resources to target\test-classes
2026-09-19 10:54:57,972 [Worker-70: Building] INFO  o.a.m.s.f.DefaultMavenResourcesFiltering - Copying 1 resource from src\main\resources to target\classes
2026-09-19 10:54:57,973 [Worker-70: Building] INFO  o.a.m.s.f.DefaultMavenResourcesFiltering - Copying 0 resource from src\test\resources to target\test-classes
2026-09-19 10:55:06,953 [Worker-70: Building] INFO  o.a.m.s.f.DefaultMavenResourcesFiltering - Copying 1 resource from src\main\resources to target\classes
2026-09-19 10:55:06,954 [Worker-70: Building] INFO  o.a.m.s.f.DefaultMavenResourcesFiltering - Copying 0 resource from src\test\resources to target\test-classes
2026-09-19 10:58:10,208 [Worker-75: Building] INFO  o.a.m.s.f.DefaultMavenResourcesFiltering - Copying 1 resource from src\main\resources to target\classes
2026-09-19 10:58:10,209 [Worker-75: Building] INFO  o.a.m.s.f.DefaultMavenResourcesFiltering - Copying 0 resource from src\test\resources to target\test-classes
2026-09-19 10:58:35,315 [Worker-76: Building] INFO  o.a.m.s.f.DefaultMavenResourcesFiltering - Copying 1 resource from src\main\resources to target\classes
2026-09-19 10:58:35,316 [Worker-76: Building] INFO  o.a.m.s.f.DefaultMavenResourcesFiltering - Copying 0 resource from src\test\resources to target\test-classes
2026-09-19 10:58:45,943 [Worker-75: Building] INFO  o.a.m.s.f.DefaultMavenResourcesFiltering - Copying 1 resource from src\main\resources to target\classes
2026-09-19 10:58:45,944 [Worker-75: Building] INFO  o.a.m.s.f.DefaultMavenResourcesFiltering - Copying 0 resource from src\test\resources to target\test-classes
2026-09-19 11:00:34,021 [Worker-73: Building] INFO  o.a.m.s.f.DefaultMavenResourcesFiltering - Copying 1 resource from src\main\resources to target\classes
2026-09-19 11:00:34,022 [Worker-73: Building] INFO  o.a.m.s.f.DefaultMavenResourcesFiltering - Copying 0 resource from src\test\resources to target\test-classes
2026-09-19 11:00:57,233 [Worker-74: Building] INFO  o.a.m.s.f.DefaultMavenResourcesFiltering - Copying 1 resource from src\main\resources to target\classes
2026-09-19 11:00:57,234 [Worker-74: Building] INFO  o.a.m.s.f.DefaultMavenResourcesFiltering - Copying 0 resource from src\test\resources to target\test-classes
2026-09-19 11:04:18,151 [Worker-78: Building] INFO  o.a.m.s.f.DefaultMavenResourcesFiltering - Copying 1 resource from src\main\resources to target\classes
2026-09-19 11:04:18,152 [Worker-78: Building] INFO  o.a.m.s.f.DefaultMavenResourcesFiltering - Copying 0 resource from src\test\resources to target\test-classes
2026-09-19 11:09:13,639 [Worker-66: Building] INFO  o.a.m.s.f.DefaultMavenResourcesFiltering - Copying 1 resource from src\main\resources to target\classes
2026-09-19 11:09:13,640 [Worker-66: Building] INFO  o.a.m.s.f.DefaultMavenResourcesFiltering - Copying 0 resource from src\test\resources to target\test-classes
2026-09-19 11:11:34,078 [Worker-80: Building] INFO  o.a.m.s.f.DefaultMavenResourcesFiltering - Copying 1 resource from src\main\resources to target\classes
2026-09-19 11:11:34,079 [Worker-80: Building] INFO  o.a.m.s.f.DefaultMavenResourcesFiltering - Copying 0 resource from src\test\resources to target\test-classes
2026-09-19 11:12:01,716 [Worker-66: Building] INFO  o.a.m.s.f.DefaultMavenResourcesFiltering - Copying 1 resource from src\main\resources to target\classes
2026-09-19 11:12:01,717 [Worker-66: Building] INFO  o.a.m.s.f.DefaultMavenResourcesFiltering - Copying 0 resource from src\test\resources to target\test-classes
2026-09-19 11:15:12,656 [Worker-83: Building] INFO  o.a.m.s.f.DefaultMavenResourcesFiltering - Copying 1 resource from src\main\resources to target\classes
2026-09-19 11:15:12,657 [Worker-83: Building] INFO  o.a.m.s.f.DefaultMavenResourcesFiltering - Copying 0 resource from src\test\resources to target\test-classes
2026-09-19 11:16:39,410 [Worker-79: Building] INFO  o.a.m.s.f.DefaultMavenResourcesFiltering - Copying 1 resource from src\main\resources to target\classes
2026-09-19 11:16:39,411 [Worker-79: Building] INFO  o.a.m.s.f.DefaultMavenResourcesFiltering - Copying 0 resource from src\test\resources to target\test-classes
2026-09-19 11:18:32,416 [Worker-80: Building] INFO  o.a.m.s.f.DefaultMavenResourcesFiltering - Copying 1 resource from src\main\resources to target\classes
2026-09-19 11:18:32,417 [Worker-80: Building] INFO  o.a.m.s.f.DefaultMavenResourcesFiltering - Copying 0 resource from src\test\resources to target\test-classes
2026-09-19 11:24:33,374 [Worker-84: Building] INFO  o.a.m.s.f.DefaultMavenResourcesFiltering - Copying 1 resource from src\main\resources to target\classes
2026-09-19 11:24:33,375 [Worker-84: Building] INFO  o.a.m.s.f.DefaultMavenResourcesFiltering - Copying 0 resource from src\test\resources to target\test-classes
2026-09-19 11:25:58,479 [Worker-82: Building] INFO  o.a.m.s.f.DefaultMavenResourcesFiltering - Copying 1 resource from src\main\resources to target\classes
2026-09-19 11:25:58,480 [Worker-82: Building] INFO  o.a.m.s.f.DefaultMavenResourcesFiltering - Copying 0 resource from src\test\resources to target\test-classes
2026-09-19 11:28:26,533 [Worker-82: Building] INFO  o.e.m.c.i.l.LifecycleMappingFactory - Using org.eclipse.m2e.jdt.JarLifecycleMapping lifecycle mapping for MavenProject: org.cibertec:LPII_Sesion04_MV_GIT:0.0.1-SNAPSHOT @ D:\Downloads\LPII_Sesi贸n_04 - Rec\LPII_Sesi贸n_04 - Rec\LPII_Sesion04_MV_GIT\pom.xml.
2026-09-19 11:28:26,877 [Worker-82: Building] INFO  o.e.m.c.i.e.AbstractTransferListenerAdapter - Downloading https://repo.maven.apache.org/maven2/org/projectlombok/lombok/1.18.38/lombok-1.18.38.pom
2026-09-19 11:28:26,881 [Worker-82: Building] INFO  o.e.m.c.i.e.AbstractTransferListenerAdapter - Downloaded https://repo.maven.apache.org/maven2/org/projectlombok/lombok/1.18.38/lombok-1.18.38.pom
2026-09-19 11:28:26,893 [Worker-82: Building] WARN  o.e.m.c.i.embedder.EclipseLogger - The artifact mysql:mysql-connector-java:jar:8.0.33 has been relocated to com.mysql:mysql-connector-j:jar:8.0.33: MySQL Connector/J artifacts moved to reverse-DNS compliant Maven 2+ coordinates.
2026-09-19 11:28:27,001 [Worker-82: Building] INFO  o.e.m.c.i.e.AbstractTransferListenerAdapter - Downloading https://repo.maven.apache.org/maven2/org/projectlombok/lombok/1.18.38/lombok-1.18.38.jar
2026-09-19 11:28:27,381 [Worker-82: Building] INFO  o.e.m.c.i.e.AbstractTransferListenerAdapter - Downloaded https://repo.maven.apache.org/maven2/org/projectlombok/lombok/1.18.38/lombok-1.18.38.jar
2026-09-19 11:28:27,487 [Worker-82: Building] INFO  o.a.m.s.f.DefaultMavenResourcesFiltering - Copying 0 resource from src\main\resources to target\classes
2026-09-19 11:28:27,489 [Worker-82: Building] INFO  o.a.m.s.f.DefaultMavenResourcesFiltering - Copying 0 resource from src\test\resources to target\test-classes
2026-09-19 11:28:28,642 [Worker-87: Download sources and javadoc] INFO  o.e.m.c.i.e.AbstractTransferListenerAdapter - Downloading https://repo.maven.apache.org/maven2/org/projectlombok/lombok/1.18.38/lombok-1.18.38-sources.jar
2026-09-19 11:28:28,778 [Worker-79: Building] INFO  o.a.m.s.f.DefaultMavenResourcesFiltering - Copying 1 resource from src\main\resources to target\classes
2026-09-19 11:28:28,780 [Worker-79: Building] INFO  o.a.m.s.f.DefaultMavenResourcesFiltering - Copying 0 resource from src\test\resources to target\test-classes
2026-09-19 11:28:28,940 [Worker-87: Download sources and javadoc] INFO  o.e.m.c.i.e.AbstractTransferListenerAdapter - Downloaded https://repo.maven.apache.org/maven2/org/projectlombok/lombok/1.18.38/lombok-1.18.38-sources.jar
2026-09-19 11:28:28,942 [Worker-87: Download sources and javadoc] INFO  o.e.m.j.internal.DownloadSourcesJob - Downloaded sources for org.projectlombok:lombok:1.18.38
2026-09-19 11:29:19,001 [Worker-79: Building] INFO  o.a.m.s.f.DefaultMavenResourcesFiltering - Copying 0 resource from src\main\resources to target\classes
2026-09-19 11:29:19,002 [Worker-79: Building] INFO  o.a.m.s.f.DefaultMavenResourcesFiltering - Copying 0 resource from src\test\resources to target\test-classes
2026-09-19 11:32:07,770 [Worker-84: Building] INFO  o.a.m.s.f.DefaultMavenResourcesFiltering - Copying 1 resource from src\main\resources to target\classes
2026-09-19 11:32:07,771 [Worker-84: Building] INFO  o.a.m.s.f.DefaultMavenResourcesFiltering - Copying 0 resource from src\test\resources to target\test-classes
2026-09-19 11:32:59,881 [Worker-86: Building] INFO  o.a.m.s.f.DefaultMavenResourcesFiltering - Copying 1 resource from src\main\resources to target\classes
2026-09-19 11:32:59,882 [Worker-86: Building] INFO  o.a.m.s.f.DefaultMavenResourcesFiltering - Copying 0 resource from src\test\resources to target\test-classes
2026-09-19 11:34:42,051 [Worker-84: Building] INFO  o.a.m.s.f.DefaultMavenResourcesFiltering - Copying 1 resource from src\main\resources to target\classes
2026-09-19 11:34:42,052 [Worker-84: Building] INFO  o.a.m.s.f.DefaultMavenResourcesFiltering - Copying 0 resource from src\test\resources to target\test-classes
2026-09-19 11:35:36,365 [Worker-84: Building] INFO  o.a.m.s.f.DefaultMavenResourcesFiltering - Copying 1 resource from src\main\resources to target\classes
2026-09-19 11:35:36,367 [Worker-84: Building] INFO  o.a.m.s.f.DefaultMavenResourcesFiltering - Copying 0 resource from src\test\resources to target\test-classes
2026-09-19 11:35:45,451 [Worker-84: Building] INFO  o.a.m.s.f.DefaultMavenResourcesFiltering - Copying 1 resource from src\main\resources to target\classes
2026-09-19 11:35:45,452 [Worker-84: Building] INFO  o.a.m.s.f.DefaultMavenResourcesFiltering - Copying 0 resource from src\test\resources to target\test-classes
2026-09-19 11:36:10,098 [Burningwave - Resource releaser] INFO  o.b.c.a.StaticComponentContainer - (StaticComponentContainer.java:391) - ... Waiting for all tasks ending
2026-09-19 11:36:10,099 [Burningwave - Resource releaser] INFO  o.b.c.a.StaticComponentContainer - (StaticComponentContainer.java:397) - Closing all component containers
2026-09-19 11:36:10,101 [Burningwave - Resource releaser] INFO  o.b.c.a.StaticComponentContainer - (StaticComponentContainer.java:403) - Closing FileSystemHelper
2026-09-19 11:36:10,102 [Burningwave - Resource releaser] INFO  o.b.c.a.StaticComponentContainer - (StaticComponentContainer.java:409) - ... Waiting for all tasks ending before shutting down the BackgroundExecutor
2026-09-19 11:36:10,103 [Burningwave - Resource releaser] INFO  o.b.c.a.StaticComponentContainer - (StaticComponentContainer.java:414) - Shutting down BackgroundExecutor
2026-09-19 11:36:10,104 [Burningwave - Resource releaser] INFO  o.b.c.a.StaticComponentContainer - (StaticComponentContainer.java:420) - Stopping all threads monitoring thread
2026-09-19 11:36:10,105 [Burningwave - Resource releaser] INFO  o.b.c.a.StaticComponentContainer - (StaticComponentContainer.java:425) - Closing ThreadHolder
2026-09-19 11:36:10,106 [Burningwave - Resource releaser] INFO  o.b.c.a.StaticComponentContainer - (StaticComponentContainer.java:430) - Shutting down ThreadSupplier
2026-09-20 13:25:27,286 [Worker-1: Loading available Gradle versions] INFO  o.e.b.c.i.u.g.PublishedGradleVersions - Gradle version information cache is out-of-date. Trying to update.
2026-09-20 13:25:33,062 [Worker-10: Building] INFO  o.e.m.c.i.e.AbstractTransferListenerAdapter - Downloading https://repo.maven.apache.org/maven2/org/hibernate/orm/hibernate-core/6.4.4.Final/hibernate-core-6.4.4.Final.pom
2026-09-20 13:25:33,117 [Worker-10: Building] INFO  o.e.m.c.i.e.AbstractTransferListenerAdapter - Downloaded https://repo.maven.apache.org/maven2/org/hibernate/orm/hibernate-core/6.4.4.Final/hibernate-core-6.4.4.Final.pom
2026-09-20 13:25:33,280 [Worker-10: Building] INFO  o.e.m.c.i.e.AbstractTransferListenerAdapter - Downloading https://repo.maven.apache.org/maven2/jakarta/persistence/jakarta.persistence-api/3.1.0/jakarta.persistence-api-3.1.0.pom
2026-09-20 13:25:33,303 [Worker-10: Building] INFO  o.e.m.c.i.e.AbstractTransferListenerAdapter - Downloaded https://repo.maven.apache.org/maven2/jakarta/persistence/jakarta.persistence-api/3.1.0/jakarta.persistence-api-3.1.0.pom
2026-09-20 13:25:33,419 [Worker-10: Building] INFO  o.e.m.c.i.e.AbstractTransferListenerAdapter - Downloading https://repo.maven.apache.org/maven2/org/eclipse/ee4j/project/1.0.7/project-1.0.7.pom
2026-09-20 13:25:33,451 [Worker-10: Building] INFO  o.e.m.c.i.e.AbstractTransferListenerAdapter - Downloaded https://repo.maven.apache.org/maven2/org/eclipse/ee4j/project/1.0.7/project-1.0.7.pom
2026-09-20 13:25:33,574 [Worker-10: Building] INFO  o.e.m.c.i.e.AbstractTransferListenerAdapter - Downloading https://repo.maven.apache.org/maven2/jakarta/transaction/jakarta.transaction-api/2.0.1/jakarta.transaction-api-2.0.1.pom
2026-09-20 13:25:33,594 [Worker-10: Building] INFO  o.e.m.c.i.e.AbstractTransferListenerAdapter - Downloaded https://repo.maven.apache.org/maven2/jakarta/transaction/jakarta.transaction-api/2.0.1/jakarta.transaction-api-2.0.1.pom
2026-09-20 13:25:33,708 [Worker-10: Building] INFO  o.e.m.c.i.e.AbstractTransferListenerAdapter - Downloading https://repo.maven.apache.org/maven2/org/eclipse/ee4j/project/1.0.6/project-1.0.6.pom
2026-09-20 13:25:33,726 [Worker-10: Building] INFO  o.e.m.c.i.e.AbstractTransferListenerAdapter - Downloaded https://repo.maven.apache.org/maven2/org/eclipse/ee4j/project/1.0.6/project-1.0.6.pom
2026-09-20 13:25:33,861 [Worker-10: Building] INFO  o.e.m.c.i.e.AbstractTransferListenerAdapter - Downloading https://repo.maven.apache.org/maven2/org/jboss/logging/jboss-logging/3.5.0.Final/jboss-logging-3.5.0.Final.pom
2026-09-20 13:25:33,880 [Worker-10: Building] INFO  o.e.m.c.i.e.AbstractTransferListenerAdapter - Downloaded https://repo.maven.apache.org/maven2/org/jboss/logging/jboss-logging/3.5.0.Final/jboss-logging-3.5.0.Final.pom
2026-09-20 13:25:33,986 [Worker-10: Building] INFO  o.e.m.c.i.e.AbstractTransferListenerAdapter - Downloading https://repo.maven.apache.org/maven2/org/jboss/jboss-parent/39/jboss-parent-39.pom
2026-09-20 13:25:34,015 [Worker-10: Building] INFO  o.e.m.c.i.e.AbstractTransferListenerAdapter - Downloaded https://repo.maven.apache.org/maven2/org/jboss/jboss-parent/39/jboss-parent-39.pom
2026-09-20 13:25:34,155 [Worker-10: Building] INFO  o.e.m.c.i.e.AbstractTransferListenerAdapter - Downloading https://repo.maven.apache.org/maven2/org/junit/junit-bom/5.8.2/junit-bom-5.8.2.pom
2026-09-20 13:25:34,171 [Worker-10: Building] INFO  o.e.m.c.i.e.AbstractTransferListenerAdapter - Downloaded https://repo.maven.apache.org/maven2/org/junit/junit-bom/5.8.2/junit-bom-5.8.2.pom
2026-09-20 13:25:34,278 [Worker-10: Building] INFO  o.e.m.c.i.e.AbstractTransferListenerAdapter - Downloading https://repo.maven.apache.org/maven2/org/hibernate/common/hibernate-commons-annotations/6.0.6.Final/hibernate-commons-annotations-6.0.6.Final.pom
2026-09-20 13:25:34,295 [Worker-10: Building] INFO  o.e.m.c.i.e.AbstractTransferListenerAdapter - Downloaded https://repo.maven.apache.org/maven2/org/hibernate/common/hibernate-commons-annotations/6.0.6.Final/hibernate-commons-annotations-6.0.6.Final.pom
2026-09-20 13:25:34,399 [Worker-10: Building] INFO  o.e.m.c.i.e.AbstractTransferListenerAdapter - Downloading https://repo.maven.apache.org/maven2/io/smallrye/jandex/3.1.2/jandex-3.1.2.pom
2026-09-20 13:25:34,419 [Worker-10: Building] INFO  o.e.m.c.i.e.AbstractTransferListenerAdapter - Downloaded https://repo.maven.apache.org/maven2/io/smallrye/jandex/3.1.2/jandex-3.1.2.pom
2026-09-20 13:25:34,534 [Worker-10: Building] INFO  o.e.m.c.i.e.AbstractTransferListenerAdapter - Downloading https://repo.maven.apache.org/maven2/io/smallrye/jandex-parent/3.1.2/jandex-parent-3.1.2.pom
2026-09-20 13:25:34,553 [Worker-10: Building] INFO  o.e.m.c.i.e.AbstractTransferListenerAdapter - Downloaded https://repo.maven.apache.org/maven2/io/smallrye/jandex-parent/3.1.2/jandex-parent-3.1.2.pom
2026-09-20 13:25:34,672 [Worker-10: Building] INFO  o.e.m.c.i.e.AbstractTransferListenerAdapter - Downloading https://repo.maven.apache.org/maven2/io/smallrye/smallrye-build-parent/39/smallrye-build-parent-39.pom
2026-09-20 13:25:34,689 [Worker-10: Building] INFO  o.e.m.c.i.e.AbstractTransferListenerAdapter - Downloaded https://repo.maven.apache.org/maven2/io/smallrye/smallrye-build-parent/39/smallrye-build-parent-39.pom
2026-09-20 13:25:34,813 [Worker-10: Building] INFO  o.e.m.c.i.e.AbstractTransferListenerAdapter - Downloading https://repo.maven.apache.org/maven2/com/fasterxml/classmate/1.5.1/classmate-1.5.1.pom
2026-09-20 13:25:34,829 [Worker-10: Building] INFO  o.e.m.c.i.e.AbstractTransferListenerAdapter - Downloaded https://repo.maven.apache.org/maven2/com/fasterxml/classmate/1.5.1/classmate-1.5.1.pom
2026-09-20 13:25:34,922 [Worker-10: Building] INFO  o.e.m.c.i.e.AbstractTransferListenerAdapter - Downloading https://repo.maven.apache.org/maven2/com/fasterxml/oss-parent/35/oss-parent-35.pom
2026-09-20 13:25:34,939 [Worker-10: Building] INFO  o.e.m.c.i.e.AbstractTransferListenerAdapter - Downloaded https://repo.maven.apache.org/maven2/com/fasterxml/oss-parent/35/oss-parent-35.pom
2026-09-20 13:25:35,055 [Worker-10: Building] INFO  o.e.m.c.i.e.AbstractTransferListenerAdapter - Downloading https://repo.maven.apache.org/maven2/net/bytebuddy/byte-buddy/1.14.11/byte-buddy-1.14.11.pom
2026-09-20 13:25:35,073 [Worker-10: Building] INFO  o.e.m.c.i.e.AbstractTransferListenerAdapter - Downloaded https://repo.maven.apache.org/maven2/net/bytebuddy/byte-buddy/1.14.11/byte-buddy-1.14.11.pom
2026-09-20 13:25:35,187 [Worker-10: Building] INFO  o.e.m.c.i.e.AbstractTransferListenerAdapter - Downloading https://repo.maven.apache.org/maven2/net/bytebuddy/byte-buddy-parent/1.14.11/byte-buddy-parent-1.14.11.pom
2026-09-20 13:25:35,210 [Worker-10: Building] INFO  o.e.m.c.i.e.AbstractTransferListenerAdapter - Downloaded https://repo.maven.apache.org/maven2/net/bytebuddy/byte-buddy-parent/1.14.11/byte-buddy-parent-1.14.11.pom
2026-09-20 13:25:35,339 [Worker-10: Building] INFO  o.e.m.c.i.e.AbstractTransferListenerAdapter - Downloading https://repo.maven.apache.org/maven2/jakarta/xml/bind/jakarta.xml.bind-api/4.0.0/jakarta.xml.bind-api-4.0.0.pom
2026-09-20 13:25:35,355 [Worker-10: Building] INFO  o.e.m.c.i.e.AbstractTransferListenerAdapter - Downloaded https://repo.maven.apache.org/maven2/jakarta/xml/bind/jakarta.xml.bind-api/4.0.0/jakarta.xml.bind-api-4.0.0.pom
2026-09-20 13:25:35,463 [Worker-10: Building] INFO  o.e.m.c.i.e.AbstractTransferListenerAdapter - Downloading https://repo.maven.apache.org/maven2/jakarta/xml/bind/jakarta.xml.bind-api-parent/4.0.0/jakarta.xml.bind-api-parent-4.0.0.pom
2026-09-20 13:25:35,480 [Worker-10: Building] INFO  o.e.m.c.i.e.AbstractTransferListenerAdapter - Downloaded https://repo.maven.apache.org/maven2/jakarta/xml/bind/jakarta.xml.bind-api-parent/4.0.0/jakarta.xml.bind-api-parent-4.0.0.pom
2026-09-20 13:25:35,594 [Worker-10: Building] INFO  o.e.m.c.i.e.AbstractTransferListenerAdapter - Downloading https://repo.maven.apache.org/maven2/jakarta/activation/jakarta.activation-api/2.1.0/jakarta.activation-api-2.1.0.pom
2026-09-20 13:25:35,610 [Worker-10: Building] INFO  o.e.m.c.i.e.AbstractTransferListenerAdapter - Downloaded https://repo.maven.apache.org/maven2/jakarta/activation/jakarta.activation-api/2.1.0/jakarta.activation-api-2.1.0.pom
2026-09-20 13:25:35,718 [Worker-10: Building] INFO  o.e.m.c.i.e.AbstractTransferListenerAdapter - Downloading https://repo.maven.apache.org/maven2/org/glassfish/jaxb/jaxb-runtime/4.0.2/jaxb-runtime-4.0.2.pom
2026-09-20 13:25:35,733 [Worker-10: Building] INFO  o.e.m.c.i.e.AbstractTransferListenerAdapter - Downloaded https://repo.maven.apache.org/maven2/org/glassfish/jaxb/jaxb-runtime/4.0.2/jaxb-runtime-4.0.2.pom
2026-09-20 13:25:35,844 [Worker-10: Building] INFO  o.e.m.c.i.e.AbstractTransferListenerAdapter - Downloading https://repo.maven.apache.org/maven2/com/sun/xml/bind/mvn/jaxb-runtime-parent/4.0.2/jaxb-runtime-parent-4.0.2.pom
2026-09-20 13:25:35,860 [Worker-10: Building] INFO  o.e.m.c.i.e.AbstractTransferListenerAdapter - Downloaded https://repo.maven.apache.org/maven2/com/sun/xml/bind/mvn/jaxb-runtime-parent/4.0.2/jaxb-runtime-parent-4.0.2.pom
2026-09-20 13:25:35,969 [Worker-10: Building] INFO  o.e.m.c.i.e.AbstractTransferListenerAdapter - Downloading https://repo.maven.apache.org/maven2/com/sun/xml/bind/mvn/jaxb-parent/4.0.2/jaxb-parent-4.0.2.pom
2026-09-20 13:25:35,989 [Worker-10: Building] INFO  o.e.m.c.i.e.AbstractTransferListenerAdapter - Downloaded https://repo.maven.apache.org/maven2/com/sun/xml/bind/mvn/jaxb-parent/4.0.2/jaxb-parent-4.0.2.pom
2026-09-20 13:25:36,108 [Worker-10: Building] INFO  o.e.m.c.i.e.AbstractTransferListenerAdapter - Downloading https://repo.maven.apache.org/maven2/com/sun/xml/bind/jaxb-bom-ext/4.0.2/jaxb-bom-ext-4.0.2.pom
2026-09-20 13:25:36,125 [Worker-10: Building] INFO  o.e.m.c.i.e.AbstractTransferListenerAdapter - Downloaded https://repo.maven.apache.org/maven2/com/sun/xml/bind/jaxb-bom-ext/4.0.2/jaxb-bom-ext-4.0.2.pom
2026-09-20 13:25:36,230 [Worker-10: Building] INFO  o.e.m.c.i.e.AbstractTransferListenerAdapter - Downloading https://repo.maven.apache.org/maven2/org/glassfish/jaxb/jaxb-bom/4.0.2/jaxb-bom-4.0.2.pom
2026-09-20 13:25:36,246 [Worker-10: Building] INFO  o.e.m.c.i.e.AbstractTransferListenerAdapter - Downloaded https://repo.maven.apache.org/maven2/org/glassfish/jaxb/jaxb-bom/4.0.2/jaxb-bom-4.0.2.pom
2026-09-20 13:25:36,344 [Worker-10: Building] INFO  o.e.m.c.i.e.AbstractTransferListenerAdapter - Downloading https://repo.maven.apache.org/maven2/org/eclipse/ee4j/project/1.0.8/project-1.0.8.pom
2026-09-20 13:25:36,358 [Worker-10: Building] INFO  o.e.m.c.i.e.AbstractTransferListenerAdapter - Downloaded https://repo.maven.apache.org/maven2/org/eclipse/ee4j/project/1.0.8/project-1.0.8.pom
2026-09-20 13:25:36,462 [Worker-10: Building] INFO  o.e.m.c.i.e.AbstractTransferListenerAdapter - Downloading https://repo.maven.apache.org/maven2/org/glassfish/jaxb/jaxb-core/4.0.2/jaxb-core-4.0.2.pom
2026-09-20 13:25:36,486 [Worker-10: Building] INFO  o.e.m.c.i.e.AbstractTransferListenerAdapter - Downloaded https://repo.maven.apache.org/maven2/org/glassfish/jaxb/jaxb-core/4.0.2/jaxb-core-4.0.2.pom
2026-09-20 13:25:36,601 [Worker-10: Building] INFO  o.e.m.c.i.e.AbstractTransferListenerAdapter - Downloading https://repo.maven.apache.org/maven2/jakarta/activation/jakarta.activation-api/2.1.1/jakarta.activation-api-2.1.1.pom
2026-09-20 13:25:36,619 [Worker-10: Building] INFO  o.e.m.c.i.e.AbstractTransferListenerAdapter - Downloaded https://repo.maven.apache.org/maven2/jakarta/activation/jakarta.activation-api/2.1.1/jakarta.activation-api-2.1.1.pom
2026-09-20 13:25:36,729 [Worker-10: Building] INFO  o.e.m.c.i.e.AbstractTransferListenerAdapter - Downloading https://repo.maven.apache.org/maven2/org/eclipse/angus/angus-activation/2.0.0/angus-activation-2.0.0.pom
2026-09-20 13:25:36,746 [Worker-10: Building] INFO  o.e.m.c.i.e.AbstractTransferListenerAdapter - Downloaded https://repo.maven.apache.org/maven2/org/eclipse/angus/angus-activation/2.0.0/angus-activation-2.0.0.pom
2026-09-20 13:25:36,848 [Worker-10: Building] INFO  o.e.m.c.i.e.AbstractTransferListenerAdapter - Downloading https://repo.maven.apache.org/maven2/org/eclipse/angus/angus-activation-project/2.0.0/angus-activation-project-2.0.0.pom
2026-09-20 13:25:36,873 [Worker-10: Building] INFO  o.e.m.c.i.e.AbstractTransferListenerAdapter - Downloaded https://repo.maven.apache.org/maven2/org/eclipse/angus/angus-activation-project/2.0.0/angus-activation-project-2.0.0.pom
2026-09-20 13:25:36,993 [Worker-10: Building] INFO  o.e.m.c.i.e.AbstractTransferListenerAdapter - Downloading https://repo.maven.apache.org/maven2/org/glassfish/jaxb/txw2/4.0.2/txw2-4.0.2.pom
2026-09-20 13:25:37,009 [Worker-10: Building] INFO  o.e.m.c.i.e.AbstractTransferListenerAdapter - Downloaded https://repo.maven.apache.org/maven2/org/glassfish/jaxb/txw2/4.0.2/txw2-4.0.2.pom
2026-09-20 13:25:37,116 [Worker-10: Building] INFO  o.e.m.c.i.e.AbstractTransferListenerAdapter - Downloading https://repo.maven.apache.org/maven2/com/sun/xml/bind/mvn/jaxb-txw-parent/4.0.2/jaxb-txw-parent-4.0.2.pom
2026-09-20 13:25:37,132 [Worker-10: Building] INFO  o.e.m.c.i.e.AbstractTransferListenerAdapter - Downloaded https://repo.maven.apache.org/maven2/com/sun/xml/bind/mvn/jaxb-txw-parent/4.0.2/jaxb-txw-parent-4.0.2.pom
2026-09-20 13:25:37,248 [Worker-10: Building] INFO  o.e.m.c.i.e.AbstractTransferListenerAdapter - Downloading https://repo.maven.apache.org/maven2/com/sun/istack/istack-commons-runtime/4.1.1/istack-commons-runtime-4.1.1.pom
2026-09-20 13:25:37,265 [Worker-10: Building] INFO  o.e.m.c.i.e.AbstractTransferListenerAdapter - Downloaded https://repo.maven.apache.org/maven2/com/sun/istack/istack-commons-runtime/4.1.1/istack-commons-runtime-4.1.1.pom
2026-09-20 13:25:37,371 [Worker-10: Building] INFO  o.e.m.c.i.e.AbstractTransferListenerAdapter - Downloading https://repo.maven.apache.org/maven2/com/sun/istack/istack-commons/4.1.1/istack-commons-4.1.1.pom
2026-09-20 13:25:37,388 [Worker-10: Building] INFO  o.e.m.c.i.e.AbstractTransferListenerAdapter - Downloaded https://repo.maven.apache.org/maven2/com/sun/istack/istack-commons/4.1.1/istack-commons-4.1.1.pom
2026-09-20 13:25:37,497 [Worker-10: Building] INFO  o.e.m.c.i.e.AbstractTransferListenerAdapter - Downloading https://repo.maven.apache.org/maven2/jakarta/inject/jakarta.inject-api/2.0.1/jakarta.inject-api-2.0.1.pom
2026-09-20 13:25:37,513 [Worker-10: Building] INFO  o.e.m.c.i.e.AbstractTransferListenerAdapter - Downloaded https://repo.maven.apache.org/maven2/jakarta/inject/jakarta.inject-api/2.0.1/jakarta.inject-api-2.0.1.pom
2026-09-20 13:25:37,622 [Worker-10: Building] INFO  o.e.m.c.i.e.AbstractTransferListenerAdapter - Downloading https://repo.maven.apache.org/maven2/org/antlr/antlr4-runtime/4.13.0/antlr4-runtime-4.13.0.pom
2026-09-20 13:25:37,637 [Worker-10: Building] INFO  o.e.m.c.i.e.AbstractTransferListenerAdapter - Downloaded https://repo.maven.apache.org/maven2/org/antlr/antlr4-runtime/4.13.0/antlr4-runtime-4.13.0.pom
2026-09-20 13:25:37,754 [Worker-10: Building] INFO  o.e.m.c.i.e.AbstractTransferListenerAdapter - Downloading https://repo.maven.apache.org/maven2/org/antlr/antlr4-master/4.13.0/antlr4-master-4.13.0.pom
2026-09-20 13:25:37,813 [Worker-10: Building] INFO  o.e.m.c.i.e.AbstractTransferListenerAdapter - Downloaded https://repo.maven.apache.org/maven2/org/antlr/antlr4-master/4.13.0/antlr4-master-4.13.0.pom
2026-09-20 13:25:37,972 [Worker-10: Building] INFO  o.e.m.c.i.e.AbstractTransferListenerAdapter - Downloading https://repo.maven.apache.org/maven2/org/sonatype/oss/oss-parent/9/oss-parent-9.pom
2026-09-20 13:25:37,987 [Worker-10: Building] INFO  o.e.m.c.i.e.AbstractTransferListenerAdapter - Downloaded https://repo.maven.apache.org/maven2/org/sonatype/oss/oss-parent/9/oss-parent-9.pom
2026-09-20 13:25:38,108 [Worker-10: Building] INFO  o.e.m.c.i.e.AbstractTransferListenerAdapter - Downloading https://repo.maven.apache.org/maven2/org/projectlombok/lombok/1.18.38/lombok-1.18.38.pom
2026-09-20 13:25:38,128 [Worker-10: Building] INFO  o.e.m.c.i.e.AbstractTransferListenerAdapter - Downloaded https://repo.maven.apache.org/maven2/org/projectlombok/lombok/1.18.38/lombok-1.18.38.pom
2026-09-20 13:25:38,250 [Worker-10: Building] INFO  o.e.m.c.i.e.AbstractTransferListenerAdapter - Downloading https://repo.maven.apache.org/maven2/mysql/mysql-connector-java/8.0.33/mysql-connector-java-8.0.33.pom
2026-09-20 13:25:38,268 [Worker-10: Building] INFO  o.e.m.c.i.e.AbstractTransferListenerAdapter - Downloaded https://repo.maven.apache.org/maven2/mysql/mysql-connector-java/8.0.33/mysql-connector-java-8.0.33.pom
2026-09-20 13:25:38,707 [Worker-10: Building] INFO  o.e.m.c.i.e.AbstractTransferListenerAdapter - Downloading https://repo.maven.apache.org/maven2/com/mysql/mysql-connector-j/8.0.33/mysql-connector-j-8.0.33.pom
2026-09-20 13:25:38,721 [Worker-10: Building] INFO  o.e.m.c.i.e.AbstractTransferListenerAdapter - Downloaded https://repo.maven.apache.org/maven2/com/mysql/mysql-connector-j/8.0.33/mysql-connector-j-8.0.33.pom
2026-09-20 13:25:38,834 [Worker-10: Building] INFO  o.e.m.c.i.e.AbstractTransferListenerAdapter - Downloading https://repo.maven.apache.org/maven2/com/google/protobuf/protobuf-java/3.21.9/protobuf-java-3.21.9.pom
2026-09-20 13:25:38,855 [Worker-10: Building] INFO  o.e.m.c.i.e.AbstractTransferListenerAdapter - Downloaded https://repo.maven.apache.org/maven2/com/google/protobuf/protobuf-java/3.21.9/protobuf-java-3.21.9.pom
2026-09-20 13:25:39,036 [Worker-10: Building] INFO  o.e.m.c.i.e.AbstractTransferListenerAdapter - Downloading https://repo.maven.apache.org/maven2/com/google/protobuf/protobuf-parent/3.21.9/protobuf-parent-3.21.9.pom
2026-09-20 13:25:39,053 [Worker-10: Building] INFO  o.e.m.c.i.e.AbstractTransferListenerAdapter - Downloaded https://repo.maven.apache.org/maven2/com/google/protobuf/protobuf-parent/3.21.9/protobuf-parent-3.21.9.pom
2026-09-20 13:25:39,176 [Worker-10: Building] INFO  o.e.m.c.i.e.AbstractTransferListenerAdapter - Downloading https://repo.maven.apache.org/maven2/com/google/protobuf/protobuf-bom/3.21.9/protobuf-bom-3.21.9.pom
2026-09-20 13:25:39,192 [Worker-10: Building] INFO  o.e.m.c.i.e.AbstractTransferListenerAdapter - Downloaded https://repo.maven.apache.org/maven2/com/google/protobuf/protobuf-bom/3.21.9/protobuf-bom-3.21.9.pom
2026-09-20 13:25:39,637 [Worker-10: Building] INFO  o.e.m.c.i.e.AbstractTransferListenerAdapter - Downloading https://repo.maven.apache.org/maven2/org/datanucleus/jakarta.persistence/3.1.1/jakarta.persistence-3.1.1.pom
2026-09-20 13:25:39,651 [Worker-10: Building] INFO  o.e.m.c.i.e.AbstractTransferListenerAdapter - Downloaded https://repo.maven.apache.org/maven2/org/datanucleus/jakarta.persistence/3.1.1/jakarta.persistence-3.1.1.pom
2026-09-20 13:25:39,837 [Worker-10: Building] INFO  o.e.m.c.i.e.AbstractTransferListenerAdapter - Downloading https://repo.maven.apache.org/maven2/org/datanucleus/datanucleus-maven-parent/6.0.1/datanucleus-maven-parent-6.0.1.pom
2026-09-20 13:25:39,854 [Worker-10: Building] INFO  o.e.m.c.i.e.AbstractTransferListenerAdapter - Downloaded https://repo.maven.apache.org/maven2/org/datanucleus/datanucleus-maven-parent/6.0.1/datanucleus-maven-parent-6.0.1.pom
2026-09-20 13:25:39,962 [Worker-10: Building] INFO  o.e.m.c.i.e.AbstractTransferListenerAdapter - Downloading https://repo.maven.apache.org/maven2/org/sonatype/oss/oss-parent/7/oss-parent-7.pom
2026-09-20 13:25:39,978 [Worker-10: Building] INFO  o.e.m.c.i.e.AbstractTransferListenerAdapter - Downloaded https://repo.maven.apache.org/maven2/org/sonatype/oss/oss-parent/7/oss-parent-7.pom
2026-09-20 13:25:40,035 [Worker-10: Building] WARN  o.e.m.c.i.embedder.EclipseLogger - The artifact mysql:mysql-connector-java:jar:8.0.33 has been relocated to com.mysql:mysql-connector-j:jar:8.0.33: MySQL Connector/J artifacts moved to reverse-DNS compliant Maven 2+ coordinates.
2026-09-20 13:25:40,151 [Worker-10: Building] INFO  o.e.m.c.i.e.AbstractTransferListenerAdapter - Downloading https://repo.maven.apache.org/maven2/org/hibernate/orm/hibernate-core/6.4.4.Final/hibernate-core-6.4.4.Final.jar
2026-09-20 13:25:42,663 [Worker-10: Building] INFO  o.e.m.c.i.e.AbstractTransferListenerAdapter - Downloaded https://repo.maven.apache.org/maven2/org/hibernate/orm/hibernate-core/6.4.4.Final/hibernate-core-6.4.4.Final.jar
2026-09-20 13:25:42,744 [BasicRepositoryConnector-repo.maven.apache.org-0-0] INFO  o.e.m.c.i.e.AbstractTransferListenerAdapter - Downloading https://repo.maven.apache.org/maven2/jakarta/persistence/jakarta.persistence-api/3.1.0/jakarta.persistence-api-3.1.0.jar
2026-09-20 13:25:42,826 [BasicRepositoryConnector-repo.maven.apache.org-0-0] INFO  o.e.m.c.i.e.AbstractTransferListenerAdapter - Downloaded https://repo.maven.apache.org/maven2/jakarta/persistence/jakarta.persistence-api/3.1.0/jakarta.persistence-api-3.1.0.jar
2026-09-20 13:25:42,854 [BasicRepositoryConnector-repo.maven.apache.org-0-4] INFO  o.e.m.c.i.e.AbstractTransferListenerAdapter - Downloading https://repo.maven.apache.org/maven2/io/smallrye/jandex/3.1.2/jandex-3.1.2.jar
2026-09-20 13:25:42,884 [BasicRepositoryConnector-repo.maven.apache.org-0-1] INFO  o.e.m.c.i.e.AbstractTransferListenerAdapter - Downloading https://repo.maven.apache.org/maven2/jakarta/transaction/jakarta.transaction-api/2.0.1/jakarta.transaction-api-2.0.1.jar
2026-09-20 13:25:42,885 [BasicRepositoryConnector-repo.maven.apache.org-0-3] INFO  o.e.m.c.i.e.AbstractTransferListenerAdapter - Downloading https://repo.maven.apache.org/maven2/org/hibernate/common/hibernate-commons-annotations/6.0.6.Final/hibernate-commons-annotations-6.0.6.Final.jar
2026-09-20 13:25:42,903 [BasicRepositoryConnector-repo.maven.apache.org-0-0] INFO  o.e.m.c.i.e.AbstractTransferListenerAdapter - Downloading https://repo.maven.apache.org/maven2/com/fasterxml/classmate/1.5.1/classmate-1.5.1.jar
2026-09-20 13:25:42,914 [BasicRepositoryConnector-repo.maven.apache.org-0-1] INFO  o.e.m.c.i.e.AbstractTransferListenerAdapter - Downloaded https://repo.maven.apache.org/maven2/jakarta/transaction/jakarta.transaction-api/2.0.1/jakarta.transaction-api-2.0.1.jar
2026-09-20 13:25:42,916 [BasicRepositoryConnector-repo.maven.apache.org-0-2] INFO  o.e.m.c.i.e.AbstractTransferListenerAdapter - Downloading https://repo.maven.apache.org/maven2/org/jboss/logging/jboss-logging/3.5.0.Final/jboss-logging-3.5.0.Final.jar
2026-09-20 13:25:42,923 [BasicRepositoryConnector-repo.maven.apache.org-0-0] INFO  o.e.m.c.i.e.AbstractTransferListenerAdapter - Downloaded https://repo.maven.apache.org/maven2/com/fasterxml/classmate/1.5.1/classmate-1.5.1.jar
2026-09-20 13:25:42,953 [BasicRepositoryConnector-repo.maven.apache.org-0-2] INFO  o.e.m.c.i.e.AbstractTransferListenerAdapter - Downloaded https://repo.maven.apache.org/maven2/org/jboss/logging/jboss-logging/3.5.0.Final/jboss-logging-3.5.0.Final.jar
2026-09-20 13:25:42,953 [BasicRepositoryConnector-repo.maven.apache.org-0-3] INFO  o.e.m.c.i.e.AbstractTransferListenerAdapter - Downloaded https://repo.maven.apache.org/maven2/org/hibernate/common/hibernate-commons-annotations/6.0.6.Final/hibernate-commons-annotations-6.0.6.Final.jar
2026-09-20 13:25:42,982 [BasicRepositoryConnector-repo.maven.apache.org-0-1] INFO  o.e.m.c.i.e.AbstractTransferListenerAdapter - Downloading https://repo.maven.apache.org/maven2/net/bytebuddy/byte-buddy/1.14.11/byte-buddy-1.14.11.jar
2026-09-20 13:25:42,989 [BasicRepositoryConnector-repo.maven.apache.org-0-0] INFO  o.e.m.c.i.e.AbstractTransferListenerAdapter - Downloading https://repo.maven.apache.org/maven2/jakarta/xml/bind/jakarta.xml.bind-api/4.0.0/jakarta.xml.bind-api-4.0.0.jar
2026-09-20 13:25:43,017 [BasicRepositoryConnector-repo.maven.apache.org-0-2] INFO  o.e.m.c.i.e.AbstractTransferListenerAdapter - Downloading https://repo.maven.apache.org/maven2/jakarta/activation/jakarta.activation-api/2.1.0/jakarta.activation-api-2.1.0.jar
2026-09-20 13:25:43,049 [BasicRepositoryConnector-repo.maven.apache.org-0-4] INFO  o.e.m.c.i.e.AbstractTransferListenerAdapter - Downloaded https://repo.maven.apache.org/maven2/io/smallrye/jandex/3.1.2/jandex-3.1.2.jar
2026-09-20 13:25:43,051 [BasicRepositoryConnector-repo.maven.apache.org-0-3] INFO  o.e.m.c.i.e.AbstractTransferListenerAdapter - Downloading https://repo.maven.apache.org/maven2/org/glassfish/jaxb/jaxb-runtime/4.0.2/jaxb-runtime-4.0.2.jar
2026-09-20 13:25:43,073 [BasicRepositoryConnector-repo.maven.apache.org-0-2] INFO  o.e.m.c.i.e.AbstractTransferListenerAdapter - Downloaded https://repo.maven.apache.org/maven2/jakarta/activation/jakarta.activation-api/2.1.0/jakarta.activation-api-2.1.0.jar
2026-09-20 13:25:43,080 [BasicRepositoryConnector-repo.maven.apache.org-0-0] INFO  o.e.m.c.i.e.AbstractTransferListenerAdapter - Downloaded https://repo.maven.apache.org/maven2/jakarta/xml/bind/jakarta.xml.bind-api/4.0.0/jakarta.xml.bind-api-4.0.0.jar
2026-09-20 13:25:43,111 [BasicRepositoryConnector-repo.maven.apache.org-0-4] INFO  o.e.m.c.i.e.AbstractTransferListenerAdapter - Downloading https://repo.maven.apache.org/maven2/org/glassfish/jaxb/jaxb-core/4.0.2/jaxb-core-4.0.2.jar
2026-09-20 13:25:43,151 [BasicRepositoryConnector-repo.maven.apache.org-0-2] INFO  o.e.m.c.i.e.AbstractTransferListenerAdapter - Downloading https://repo.maven.apache.org/maven2/org/eclipse/angus/angus-activation/2.0.0/angus-activation-2.0.0.jar
2026-09-20 13:25:43,165 [BasicRepositoryConnector-repo.maven.apache.org-0-2] INFO  o.e.m.c.i.e.AbstractTransferListenerAdapter - Downloaded https://repo.maven.apache.org/maven2/org/eclipse/angus/angus-activation/2.0.0/angus-activation-2.0.0.jar
2026-09-20 13:25:43,170 [BasicRepositoryConnector-repo.maven.apache.org-0-0] INFO  o.e.m.c.i.e.AbstractTransferListenerAdapter - Downloading https://repo.maven.apache.org/maven2/org/glassfish/jaxb/txw2/4.0.2/txw2-4.0.2.jar
2026-09-20 13:25:43,169 [BasicRepositoryConnector-repo.maven.apache.org-0-4] INFO  o.e.m.c.i.e.AbstractTransferListenerAdapter - Downloaded https://repo.maven.apache.org/maven2/org/glassfish/jaxb/jaxb-core/4.0.2/jaxb-core-4.0.2.jar
2026-09-20 13:25:43,187 [BasicRepositoryConnector-repo.maven.apache.org-0-0] INFO  o.e.m.c.i.e.AbstractTransferListenerAdapter - Downloaded https://repo.maven.apache.org/maven2/org/glassfish/jaxb/txw2/4.0.2/txw2-4.0.2.jar
2026-09-20 13:25:43,248 [BasicRepositoryConnector-repo.maven.apache.org-0-2] INFO  o.e.m.c.i.e.AbstractTransferListenerAdapter - Downloading https://repo.maven.apache.org/maven2/com/sun/istack/istack-commons-runtime/4.1.1/istack-commons-runtime-4.1.1.jar
2026-09-20 13:25:43,261 [BasicRepositoryConnector-repo.maven.apache.org-0-4] INFO  o.e.m.c.i.e.AbstractTransferListenerAdapter - Downloading https://repo.maven.apache.org/maven2/jakarta/inject/jakarta.inject-api/2.0.1/jakarta.inject-api-2.0.1.jar
2026-09-20 13:25:43,274 [BasicRepositoryConnector-repo.maven.apache.org-0-4] INFO  o.e.m.c.i.e.AbstractTransferListenerAdapter - Downloaded https://repo.maven.apache.org/maven2/jakarta/inject/jakarta.inject-api/2.0.1/jakarta.inject-api-2.0.1.jar
2026-09-20 13:25:43,303 [BasicRepositoryConnector-repo.maven.apache.org-0-2] INFO  o.e.m.c.i.e.AbstractTransferListenerAdapter - Downloaded https://repo.maven.apache.org/maven2/com/sun/istack/istack-commons-runtime/4.1.1/istack-commons-runtime-4.1.1.jar
2026-09-20 13:25:43,364 [BasicRepositoryConnector-repo.maven.apache.org-0-4] INFO  o.e.m.c.i.e.AbstractTransferListenerAdapter - Downloading https://repo.maven.apache.org/maven2/org/projectlombok/lombok/1.18.38/lombok-1.18.38.jar
2026-09-20 13:25:43,366 [BasicRepositoryConnector-repo.maven.apache.org-0-2] INFO  o.e.m.c.i.e.AbstractTransferListenerAdapter - Downloading https://repo.maven.apache.org/maven2/com/mysql/mysql-connector-j/8.0.33/mysql-connector-j-8.0.33.jar
2026-09-20 13:25:43,413 [BasicRepositoryConnector-repo.maven.apache.org-0-0] INFO  o.e.m.c.i.e.AbstractTransferListenerAdapter - Downloading https://repo.maven.apache.org/maven2/org/antlr/antlr4-runtime/4.13.0/antlr4-runtime-4.13.0.jar
2026-09-20 13:25:43,498 [BasicRepositoryConnector-repo.maven.apache.org-0-3] INFO  o.e.m.c.i.e.AbstractTransferListenerAdapter - Downloaded https://repo.maven.apache.org/maven2/org/glassfish/jaxb/jaxb-runtime/4.0.2/jaxb-runtime-4.0.2.jar
2026-09-20 13:25:43,783 [BasicRepositoryConnector-repo.maven.apache.org-0-3] INFO  o.e.m.c.i.e.AbstractTransferListenerAdapter - Downloading https://repo.maven.apache.org/maven2/com/google/protobuf/protobuf-java/3.21.9/protobuf-java-3.21.9.jar
2026-09-20 13:25:43,860 [BasicRepositoryConnector-repo.maven.apache.org-0-1] INFO  o.e.m.c.i.e.AbstractTransferListenerAdapter - Downloaded https://repo.maven.apache.org/maven2/net/bytebuddy/byte-buddy/1.14.11/byte-buddy-1.14.11.jar
2026-09-20 13:25:43,881 [BasicRepositoryConnector-repo.maven.apache.org-0-0] INFO  o.e.m.c.i.e.AbstractTransferListenerAdapter - Downloaded https://repo.maven.apache.org/maven2/org/antlr/antlr4-runtime/4.13.0/antlr4-runtime-4.13.0.jar
2026-09-20 13:25:44,244 [BasicRepositoryConnector-repo.maven.apache.org-0-1] INFO  o.e.m.c.i.e.AbstractTransferListenerAdapter - Downloading https://repo.maven.apache.org/maven2/org/datanucleus/jakarta.persistence/3.1.1/jakarta.persistence-3.1.1.jar
2026-09-20 13:25:44,265 [BasicRepositoryConnector-repo.maven.apache.org-0-1] INFO  o.e.m.c.i.e.AbstractTransferListenerAdapter - Downloaded https://repo.maven.apache.org/maven2/org/datanucleus/jakarta.persistence/3.1.1/jakarta.persistence-3.1.1.jar
2026-09-20 13:25:44,660 [BasicRepositoryConnector-repo.maven.apache.org-0-3] INFO  o.e.m.c.i.e.AbstractTransferListenerAdapter - Downloaded https://repo.maven.apache.org/maven2/com/google/protobuf/protobuf-java/3.21.9/protobuf-java-3.21.9.jar
2026-09-20 13:25:44,751 [BasicRepositoryConnector-repo.maven.apache.org-0-2] INFO  o.e.m.c.i.e.AbstractTransferListenerAdapter - Downloaded https://repo.maven.apache.org/maven2/com/mysql/mysql-connector-j/8.0.33/mysql-connector-j-8.0.33.jar
2026-09-20 13:25:44,936 [BasicRepositoryConnector-repo.maven.apache.org-0-4] INFO  o.e.m.c.i.e.AbstractTransferListenerAdapter - Downloaded https://repo.maven.apache.org/maven2/org/projectlombok/lombok/1.18.38/lombok-1.18.38.jar
2026-09-20 13:25:46,474 [Worker-10: Building] WARN  o.e.m.c.i.embedder.EclipseLogger - The artifact mysql:mysql-connector-java:jar:8.0.33 has been relocated to com.mysql:mysql-connector-j:jar:8.0.33: MySQL Connector/J artifacts moved to reverse-DNS compliant Maven 2+ coordinates.
2026-09-20 13:25:47,187 [Worker-10: Building] INFO  o.e.m.c.i.e.AbstractTransferListenerAdapter - Downloading https://repo.maven.apache.org/maven2/org/apache/maven/plugins/maven-clean-plugin/3.2.0/maven-clean-plugin-3.2.0.jar
2026-09-20 13:25:47,207 [Worker-10: Building] INFO  o.e.m.c.i.e.AbstractTransferListenerAdapter - Downloaded https://repo.maven.apache.org/maven2/org/apache/maven/plugins/maven-clean-plugin/3.2.0/maven-clean-plugin-3.2.0.jar
2026-09-20 13:25:47,352 [Worker-10: Building] INFO  o.e.m.c.i.e.AbstractTransferListenerAdapter - Downloading https://repo.maven.apache.org/maven2/org/apache/maven/plugins/maven-resources-plugin/3.4.0/maven-resources-plugin-3.4.0.jar
2026-09-20 13:25:47,376 [Worker-10: Building] INFO  o.e.m.c.i.e.AbstractTransferListenerAdapter - Downloaded https://repo.maven.apache.org/maven2/org/apache/maven/plugins/maven-resources-plugin/3.4.0/maven-resources-plugin-3.4.0.jar
2026-09-20 13:25:47,472 [Worker-10: Building] INFO  o.e.m.c.i.e.AbstractTransferListenerAdapter - Downloading https://repo.maven.apache.org/maven2/org/apache/maven/plugins/maven-compiler-plugin/3.15.0/maven-compiler-plugin-3.15.0.jar
2026-09-20 13:25:47,537 [Worker-10: Building] INFO  o.e.m.c.i.e.AbstractTransferListenerAdapter - Downloaded https://repo.maven.apache.org/maven2/org/apache/maven/plugins/maven-compiler-plugin/3.15.0/maven-compiler-plugin-3.15.0.jar
2026-09-20 13:25:47,670 [Worker-10: Building] INFO  o.e.m.c.i.e.AbstractTransferListenerAdapter - Downloading https://repo.maven.apache.org/maven2/org/apache/maven/plugins/maven-surefire-plugin/3.5.4/maven-surefire-plugin-3.5.4.jar
2026-09-20 13:25:47,695 [Worker-10: Building] INFO  o.e.m.c.i.e.AbstractTransferListenerAdapter - Downloaded https://repo.maven.apache.org/maven2/org/apache/maven/plugins/maven-surefire-plugin/3.5.4/maven-surefire-plugin-3.5.4.jar
2026-09-20 13:25:47,808 [Worker-10: Building] INFO  o.e.m.c.i.e.AbstractTransferListenerAdapter - Downloading https://repo.maven.apache.org/maven2/org/apache/maven/plugins/maven-jar-plugin/3.5.0/maven-jar-plugin-3.5.0.jar
2026-09-20 13:25:47,824 [Worker-10: Building] INFO  o.e.m.c.i.e.AbstractTransferListenerAdapter - Downloaded https://repo.maven.apache.org/maven2/org/apache/maven/plugins/maven-jar-plugin/3.5.0/maven-jar-plugin-3.5.0.jar
2026-09-20 13:25:47,932 [Worker-10: Building] INFO  o.e.m.c.i.e.AbstractTransferListenerAdapter - Downloading https://repo.maven.apache.org/maven2/org/apache/maven/plugins/maven-install-plugin/3.1.4/maven-install-plugin-3.1.4.jar
2026-09-20 13:25:47,973 [Worker-10: Building] INFO  o.e.m.c.i.e.AbstractTransferListenerAdapter - Downloaded https://repo.maven.apache.org/maven2/org/apache/maven/plugins/maven-install-plugin/3.1.4/maven-install-plugin-3.1.4.jar
2026-09-20 13:25:48,072 [Worker-10: Building] INFO  o.e.m.c.i.e.AbstractTransferListenerAdapter - Downloading https://repo.maven.apache.org/maven2/org/apache/maven/plugins/maven-deploy-plugin/3.1.4/maven-deploy-plugin-3.1.4.jar
2026-09-20 13:25:48,094 [Worker-10: Building] INFO  o.e.m.c.i.e.AbstractTransferListenerAdapter - Downloaded https://repo.maven.apache.org/maven2/org/apache/maven/plugins/maven-deploy-plugin/3.1.4/maven-deploy-plugin-3.1.4.jar
2026-09-20 13:25:48,198 [Worker-10: Building] INFO  o.e.m.c.i.e.AbstractTransferListenerAdapter - Downloading https://repo.maven.apache.org/maven2/org/apache/maven/plugins/maven-site-plugin/3.12.1/maven-site-plugin-3.12.1.jar
2026-09-20 13:25:48,239 [Worker-10: Building] INFO  o.e.m.c.i.e.AbstractTransferListenerAdapter - Downloaded https://repo.maven.apache.org/maven2/org/apache/maven/plugins/maven-site-plugin/3.12.1/maven-site-plugin-3.12.1.jar
2026-09-20 13:25:48,378 [Worker-10: Building] INFO  o.e.m.c.i.e.AbstractTransferListenerAdapter - Downloading https://repo.maven.apache.org/maven2/org/apache/maven/plugins/maven-compiler-plugin/3.15.0/maven-compiler-plugin-3.15.0.pom
2026-09-20 13:25:48,392 [Worker-10: Building] INFO  o.e.m.c.i.e.AbstractTransferListenerAdapter - Downloaded https://repo.maven.apache.org/maven2/org/apache/maven/plugins/maven-compiler-plugin/3.15.0/maven-compiler-plugin-3.15.0.pom
2026-09-20 13:25:48,492 [Worker-10: Building] INFO  o.e.m.c.i.e.AbstractTransferListenerAdapter - Downloading https://repo.maven.apache.org/maven2/org/apache/maven/plugins/maven-plugins/47/maven-plugins-47.pom
2026-09-20 13:25:48,507 [Worker-10: Building] INFO  o.e.m.c.i.e.AbstractTransferListenerAdapter - Downloaded https://repo.maven.apache.org/maven2/org/apache/maven/plugins/maven-plugins/47/maven-plugins-47.pom
2026-09-20 13:25:48,610 [Worker-10: Building] INFO  o.e.m.c.i.e.AbstractTransferListenerAdapter - Downloading https://repo.maven.apache.org/maven2/org/apache/maven/maven-parent/47/maven-parent-47.pom
2026-09-20 13:25:48,630 [Worker-10: Building] INFO  o.e.m.c.i.e.AbstractTransferListenerAdapter - Downloaded https://repo.maven.apache.org/maven2/org/apache/maven/maven-parent/47/maven-parent-47.pom
2026-09-20 13:25:48,761 [Worker-10: Building] INFO  o.e.m.c.i.e.AbstractTransferListenerAdapter - Downloading https://repo.maven.apache.org/maven2/org/apache/apache/37/apache-37.pom
2026-09-20 13:25:48,778 [Worker-10: Building] INFO  o.e.m.c.i.e.AbstractTransferListenerAdapter - Downloaded https://repo.maven.apache.org/maven2/org/apache/apache/37/apache-37.pom
2026-09-20 13:25:48,882 [Worker-10: Building] INFO  o.e.m.c.i.e.AbstractTransferListenerAdapter - Downloading https://repo.maven.apache.org/maven2/org/junit/junit-bom/5.14.2/junit-bom-5.14.2.pom
2026-09-20 13:25:48,898 [Worker-10: Building] INFO  o.e.m.c.i.e.AbstractTransferListenerAdapter - Downloaded https://repo.maven.apache.org/maven2/org/junit/junit-bom/5.14.2/junit-bom-5.14.2.pom
2026-09-20 13:25:49,102 [Worker-10: Building] INFO  o.e.m.c.i.e.AbstractTransferListenerAdapter - Downloading https://repo.maven.apache.org/maven2/org/ow2/asm/asm/9.9.1/asm-9.9.1.pom
2026-09-20 13:25:49,118 [Worker-10: Building] INFO  o.e.m.c.i.e.AbstractTransferListenerAdapter - Downloaded https://repo.maven.apache.org/maven2/org/ow2/asm/asm/9.9.1/asm-9.9.1.pom
2026-09-20 13:25:49,212 [Worker-10: Building] INFO  o.e.m.c.i.e.AbstractTransferListenerAdapter - Downloading https://repo.maven.apache.org/maven2/org/ow2/ow2/1.5.1/ow2-1.5.1.pom
2026-09-20 13:25:49,229 [Worker-10: Building] INFO  o.e.m.c.i.e.AbstractTransferListenerAdapter - Downloaded https://repo.maven.apache.org/maven2/org/ow2/ow2/1.5.1/ow2-1.5.1.pom
2026-09-20 13:25:49,333 [Worker-10: Building] INFO  o.e.m.c.i.e.AbstractTransferListenerAdapter - Downloading https://repo.maven.apache.org/maven2/org/apache/maven/shared/maven-shared-utils/3.4.2/maven-shared-utils-3.4.2.pom
2026-09-20 13:25:49,348 [Worker-10: Building] INFO  o.e.m.c.i.e.AbstractTransferListenerAdapter - Downloaded https://repo.maven.apache.org/maven2/org/apache/maven/shared/maven-shared-utils/3.4.2/maven-shared-utils-3.4.2.pom
2026-09-20 13:25:49,452 [Worker-10: Building] INFO  o.e.m.c.i.e.AbstractTransferListenerAdapter - Downloading https://repo.maven.apache.org/maven2/org/apache/maven/shared/maven-shared-components/39/maven-shared-components-39.pom
2026-09-20 13:25:49,466 [Worker-10: Building] INFO  o.e.m.c.i.e.AbstractTransferListenerAdapter - Downloaded https://repo.maven.apache.org/maven2/org/apache/maven/shared/maven-shared-components/39/maven-shared-components-39.pom
2026-09-20 13:25:49,564 [Worker-10: Building] INFO  o.e.m.c.i.e.AbstractTransferListenerAdapter - Downloading https://repo.maven.apache.org/maven2/org/apache/maven/maven-parent/39/maven-parent-39.pom
2026-09-20 13:25:49,580 [Worker-10: Building] INFO  o.e.m.c.i.e.AbstractTransferListenerAdapter - Downloaded https://repo.maven.apache.org/maven2/org/apache/maven/maven-parent/39/maven-parent-39.pom
2026-09-20 13:25:49,682 [Worker-10: Building] INFO  o.e.m.c.i.e.AbstractTransferListenerAdapter - Downloading https://repo.maven.apache.org/maven2/org/apache/apache/29/apache-29.pom
2026-09-20 13:25:49,700 [Worker-10: Building] INFO  o.e.m.c.i.e.AbstractTransferListenerAdapter - Downloaded https://repo.maven.apache.org/maven2/org/apache/apache/29/apache-29.pom
2026-09-20 13:25:49,801 [Worker-10: Building] INFO  o.e.m.c.i.e.AbstractTransferListenerAdapter - Downloading https://repo.maven.apache.org/maven2/org/slf4j/slf4j-api/1.7.36/slf4j-api-1.7.36.pom
2026-09-20 13:25:49,815 [Worker-10: Building] INFO  o.e.m.c.i.e.AbstractTransferListenerAdapter - Downloaded https://repo.maven.apache.org/maven2/org/slf4j/slf4j-api/1.7.36/slf4j-api-1.7.36.pom
2026-09-20 13:25:49,915 [Worker-10: Building] INFO  o.e.m.c.i.e.AbstractTransferListenerAdapter - Downloading https://repo.maven.apache.org/maven2/org/slf4j/slf4j-parent/1.7.36/slf4j-parent-1.7.36.pom
2026-09-20 13:25:49,938 [Worker-10: Building] INFO  o.e.m.c.i.e.AbstractTransferListenerAdapter - Downloaded https://repo.maven.apache.org/maven2/org/slf4j/slf4j-parent/1.7.36/slf4j-parent-1.7.36.pom
2026-09-20 13:25:50,050 [Worker-10: Building] INFO  o.e.m.c.i.e.AbstractTransferListenerAdapter - Downloading https://repo.maven.apache.org/maven2/commons-io/commons-io/2.11.0/commons-io-2.11.0.pom
2026-09-20 13:25:50,073 [Worker-10: Building] INFO  o.e.m.c.i.e.AbstractTransferListenerAdapter - Downloaded https://repo.maven.apache.org/maven2/commons-io/commons-io/2.11.0/commons-io-2.11.0.pom
2026-09-20 13:25:50,182 [Worker-10: Building] INFO  o.e.m.c.i.e.AbstractTransferListenerAdapter - Downloading https://repo.maven.apache.org/maven2/org/apache/commons/commons-parent/52/commons-parent-52.pom
2026-09-20 13:25:50,207 [Worker-10: Building] INFO  o.e.m.c.i.e.AbstractTransferListenerAdapter - Downloaded https://repo.maven.apache.org/maven2/org/apache/commons/commons-parent/52/commons-parent-52.pom
2026-09-20 13:25:50,321 [Worker-10: Building] INFO  o.e.m.c.i.e.AbstractTransferListenerAdapter - Downloading https://repo.maven.apache.org/maven2/org/apache/apache/23/apache-23.pom
2026-09-20 13:25:50,339 [Worker-10: Building] INFO  o.e.m.c.i.e.AbstractTransferListenerAdapter - Downloaded https://repo.maven.apache.org/maven2/org/apache/apache/23/apache-23.pom
2026-09-20 13:25:50,448 [Worker-10: Building] INFO  o.e.m.c.i.e.AbstractTransferListenerAdapter - Downloading https://repo.maven.apache.org/maven2/org/junit/junit-bom/5.7.2/junit-bom-5.7.2.pom
2026-09-20 13:25:50,465 [Worker-10: Building] INFO  o.e.m.c.i.e.AbstractTransferListenerAdapter - Downloaded https://repo.maven.apache.org/maven2/org/junit/junit-bom/5.7.2/junit-bom-5.7.2.pom
2026-09-20 13:25:50,571 [Worker-10: Building] INFO  o.e.m.c.i.e.AbstractTransferListenerAdapter - Downloading https://repo.maven.apache.org/maven2/org/apache/maven/shared/maven-shared-incremental/1.1/maven-shared-incremental-1.1.pom
2026-09-20 13:25:50,591 [Worker-10: Building] INFO  o.e.m.c.i.e.AbstractTransferListenerAdapter - Downloaded https://repo.maven.apache.org/maven2/org/apache/maven/shared/maven-shared-incremental/1.1/maven-shared-incremental-1.1.pom
2026-09-20 13:25:50,698 [Worker-10: Building] INFO  o.e.m.c.i.e.AbstractTransferListenerAdapter - Downloading https://repo.maven.apache.org/maven2/org/apache/maven/shared/maven-shared-components/19/maven-shared-components-19.pom
2026-09-20 13:25:50,718 [Worker-10: Building] INFO  o.e.m.c.i.e.AbstractTransferListenerAdapter - Downloaded https://repo.maven.apache.org/maven2/org/apache/maven/shared/maven-shared-components/19/maven-shared-components-19.pom
2026-09-20 13:25:50,822 [Worker-10: Building] INFO  o.e.m.c.i.e.AbstractTransferListenerAdapter - Downloading https://repo.maven.apache.org/maven2/org/apache/maven/maven-parent/23/maven-parent-23.pom
2026-09-20 13:25:50,839 [Worker-10: Building] INFO  o.e.m.c.i.e.AbstractTransferListenerAdapter - Downloaded https://repo.maven.apache.org/maven2/org/apache/maven/maven-parent/23/maven-parent-23.pom
2026-09-20 13:25:50,937 [Worker-10: Building] INFO  o.e.m.c.i.e.AbstractTransferListenerAdapter - Downloading https://repo.maven.apache.org/maven2/org/apache/apache/13/apache-13.pom
2026-09-20 13:25:50,953 [Worker-10: Building] INFO  o.e.m.c.i.e.AbstractTransferListenerAdapter - Downloaded https://repo.maven.apache.org/maven2/org/apache/apache/13/apache-13.pom
2026-09-20 13:25:51,056 [Worker-10: Building] INFO  o.e.m.c.i.e.AbstractTransferListenerAdapter - Downloading https://repo.maven.apache.org/maven2/org/codehaus/plexus/plexus-java/1.5.2/plexus-java-1.5.2.pom
2026-09-20 13:25:51,070 [Worker-10: Building] INFO  o.e.m.c.i.e.AbstractTransferListenerAdapter - Downloaded https://repo.maven.apache.org/maven2/org/codehaus/plexus/plexus-java/1.5.2/plexus-java-1.5.2.pom
2026-09-20 13:25:51,163 [Worker-10: Building] INFO  o.e.m.c.i.e.AbstractTransferListenerAdapter - Downloading https://repo.maven.apache.org/maven2/org/codehaus/plexus/plexus-languages/1.5.2/plexus-languages-1.5.2.pom
2026-09-20 13:25:51,182 [Worker-10: Building] INFO  o.e.m.c.i.e.AbstractTransferListenerAdapter - Downloaded https://repo.maven.apache.org/maven2/org/codehaus/plexus/plexus-languages/1.5.2/plexus-languages-1.5.2.pom
2026-09-20 13:25:51,291 [Worker-10: Building] INFO  o.e.m.c.i.e.AbstractTransferListenerAdapter - Downloading https://repo.maven.apache.org/maven2/org/codehaus/plexus/plexus/24/plexus-24.pom
2026-09-20 13:25:51,307 [Worker-10: Building] INFO  o.e.m.c.i.e.AbstractTransferListenerAdapter - Downloaded https://repo.maven.apache.org/maven2/org/codehaus/plexus/plexus/24/plexus-24.pom
2026-09-20 13:25:51,403 [Worker-10: Building] INFO  o.e.m.c.i.e.AbstractTransferListenerAdapter - Downloading https://repo.maven.apache.org/maven2/org/junit/junit-bom/5.13.4/junit-bom-5.13.4.pom
2026-09-20 13:25:51,417 [Worker-10: Building] INFO  o.e.m.c.i.e.AbstractTransferListenerAdapter - Downloaded https://repo.maven.apache.org/maven2/org/junit/junit-bom/5.13.4/junit-bom-5.13.4.pom
2026-09-20 13:25:51,524 [Worker-10: Building] INFO  o.e.m.c.i.e.AbstractTransferListenerAdapter - Downloading https://repo.maven.apache.org/maven2/com/thoughtworks/qdox/qdox/2.2.0/qdox-2.2.0.pom
2026-09-20 13:25:51,538 [Worker-10: Building] INFO  o.e.m.c.i.e.AbstractTransferListenerAdapter - Downloaded https://repo.maven.apache.org/maven2/com/thoughtworks/qdox/qdox/2.2.0/qdox-2.2.0.pom
2026-09-20 13:25:51,655 [Worker-10: Building] INFO  o.e.m.c.i.e.AbstractTransferListenerAdapter - Downloading https://repo.maven.apache.org/maven2/org/codehaus/plexus/plexus-compiler-api/2.16.2/plexus-compiler-api-2.16.2.pom
2026-09-20 13:25:51,669 [Worker-10: Building] INFO  o.e.m.c.i.e.AbstractTransferListenerAdapter - Downloaded https://repo.maven.apache.org/maven2/org/codehaus/plexus/plexus-compiler-api/2.16.2/plexus-compiler-api-2.16.2.pom
2026-09-20 13:25:51,772 [Worker-10: Building] INFO  o.e.m.c.i.e.AbstractTransferListenerAdapter - Downloading https://repo.maven.apache.org/maven2/org/codehaus/plexus/plexus-compiler/2.16.2/plexus-compiler-2.16.2.pom
2026-09-20 13:25:51,787 [Worker-10: Building] INFO  o.e.m.c.i.e.AbstractTransferListenerAdapter - Downloaded https://repo.maven.apache.org/maven2/org/codehaus/plexus/plexus-compiler/2.16.2/plexus-compiler-2.16.2.pom
2026-09-20 13:25:51,886 [Worker-10: Building] INFO  o.e.m.c.i.e.AbstractTransferListenerAdapter - Downloading https://repo.maven.apache.org/maven2/org/codehaus/plexus/plexus/25/plexus-25.pom
2026-09-20 13:25:51,905 [Worker-10: Building] INFO  o.e.m.c.i.e.AbstractTransferListenerAdapter - Downloaded https://repo.maven.apache.org/maven2/org/codehaus/plexus/plexus/25/plexus-25.pom
2026-09-20 13:25:52,009 [Worker-10: Building] INFO  o.e.m.c.i.e.AbstractTransferListenerAdapter - Downloading https://repo.maven.apache.org/maven2/org/junit/junit-bom/5.14.1/junit-bom-5.14.1.pom
2026-09-20 13:25:52,030 [Worker-10: Building] INFO  o.e.m.c.i.e.AbstractTransferListenerAdapter - Downloaded https://repo.maven.apache.org/maven2/org/junit/junit-bom/5.14.1/junit-bom-5.14.1.pom
2026-09-20 13:25:52,135 [Worker-10: Building] INFO  o.e.m.c.i.e.AbstractTransferListenerAdapter - Downloading https://repo.maven.apache.org/maven2/org/codehaus/plexus/plexus-utils/4.0.2/plexus-utils-4.0.2.pom
2026-09-20 13:25:52,152 [Worker-10: Building] INFO  o.e.m.c.i.e.AbstractTransferListenerAdapter - Downloaded https://repo.maven.apache.org/maven2/org/codehaus/plexus/plexus-utils/4.0.2/plexus-utils-4.0.2.pom
2026-09-20 13:25:52,254 [Worker-10: Building] INFO  o.e.m.c.i.e.AbstractTransferListenerAdapter - Downloading https://repo.maven.apache.org/maven2/org/codehaus/plexus/plexus-compiler-manager/2.16.2/plexus-compiler-manager-2.16.2.pom
2026-09-20 13:25:52,268 [Worker-10: Building] INFO  o.e.m.c.i.e.AbstractTransferListenerAdapter - Downloaded https://repo.maven.apache.org/maven2/org/codehaus/plexus/plexus-compiler-manager/2.16.2/plexus-compiler-manager-2.16.2.pom
2026-09-20 13:25:52,378 [Worker-10: Building] INFO  o.e.m.c.i.e.AbstractTransferListenerAdapter - Downloading https://repo.maven.apache.org/maven2/javax/inject/javax.inject/1/javax.inject-1.pom
2026-09-20 13:25:52,396 [Worker-10: Building] INFO  o.e.m.c.i.e.AbstractTransferListenerAdapter - Downloaded https://repo.maven.apache.org/maven2/javax/inject/javax.inject/1/javax.inject-1.pom
2026-09-20 13:25:52,503 [Worker-10: Building] INFO  o.e.m.c.i.e.AbstractTransferListenerAdapter - Downloading https://repo.maven.apache.org/maven2/org/codehaus/plexus/plexus-xml/3.0.1/plexus-xml-3.0.1.pom
2026-09-20 13:25:52,522 [Worker-10: Building] INFO  o.e.m.c.i.e.AbstractTransferListenerAdapter - Downloaded https://repo.maven.apache.org/maven2/org/codehaus/plexus/plexus-xml/3.0.1/plexus-xml-3.0.1.pom
2026-09-20 13:25:52,623 [Worker-10: Building] INFO  o.e.m.c.i.e.AbstractTransferListenerAdapter - Downloading https://repo.maven.apache.org/maven2/org/codehaus/plexus/plexus/18/plexus-18.pom
2026-09-20 13:25:52,638 [Worker-10: Building] INFO  o.e.m.c.i.e.AbstractTransferListenerAdapter - Downloaded https://repo.maven.apache.org/maven2/org/codehaus/plexus/plexus/18/plexus-18.pom
2026-09-20 13:25:52,748 [Worker-10: Building] INFO  o.e.m.c.i.e.AbstractTransferListenerAdapter - Downloading https://repo.maven.apache.org/maven2/org/junit/junit-bom/5.10.2/junit-bom-5.10.2.pom
2026-09-20 13:25:52,763 [Worker-10: Building] INFO  o.e.m.c.i.e.AbstractTransferListenerAdapter - Downloaded https://repo.maven.apache.org/maven2/org/junit/junit-bom/5.10.2/junit-bom-5.10.2.pom
2026-09-20 13:25:52,858 [Worker-10: Building] INFO  o.e.m.c.i.e.AbstractTransferListenerAdapter - Downloading https://repo.maven.apache.org/maven2/org/codehaus/plexus/plexus-compiler-javac/2.16.2/plexus-compiler-javac-2.16.2.pom
2026-09-20 13:25:52,872 [Worker-10: Building] INFO  o.e.m.c.i.e.AbstractTransferListenerAdapter - Downloaded https://repo.maven.apache.org/maven2/org/codehaus/plexus/plexus-compiler-javac/2.16.2/plexus-compiler-javac-2.16.2.pom
2026-09-20 13:25:52,975 [Worker-10: Building] INFO  o.e.m.c.i.e.AbstractTransferListenerAdapter - Downloading https://repo.maven.apache.org/maven2/org/codehaus/plexus/plexus-compilers/2.16.2/plexus-compilers-2.16.2.pom
2026-09-20 13:25:52,989 [Worker-10: Building] INFO  o.e.m.c.i.e.AbstractTransferListenerAdapter - Downloaded https://repo.maven.apache.org/maven2/org/codehaus/plexus/plexus-compilers/2.16.2/plexus-compilers-2.16.2.pom
2026-09-20 13:25:53,134 [Worker-10: Building] INFO  o.e.m.c.i.e.AbstractTransferListenerAdapter - Downloading https://repo.maven.apache.org/maven2/org/ow2/asm/asm/9.9.1/asm-9.9.1.jar
2026-09-20 13:25:53,156 [Worker-10: Building] INFO  o.e.m.c.i.e.AbstractTransferListenerAdapter - Downloaded https://repo.maven.apache.org/maven2/org/ow2/asm/asm/9.9.1/asm-9.9.1.jar
2026-09-20 13:25:53,236 [BasicRepositoryConnector-repo.maven.apache.org-1-1] INFO  o.e.m.c.i.e.AbstractTransferListenerAdapter - Downloading https://repo.maven.apache.org/maven2/org/slf4j/slf4j-api/1.7.36/slf4j-api-1.7.36.jar
2026-09-20 13:25:53,255 [BasicRepositoryConnector-repo.maven.apache.org-1-1] INFO  o.e.m.c.i.e.AbstractTransferListenerAdapter - Downloaded https://repo.maven.apache.org/maven2/org/slf4j/slf4j-api/1.7.36/slf4j-api-1.7.36.jar
2026-09-20 13:25:53,325 [BasicRepositoryConnector-repo.maven.apache.org-1-0] INFO  o.e.m.c.i.e.AbstractTransferListenerAdapter - Downloading https://repo.maven.apache.org/maven2/org/apache/maven/shared/maven-shared-utils/3.4.2/maven-shared-utils-3.4.2.jar
2026-09-20 13:25:53,325 [BasicRepositoryConnector-repo.maven.apache.org-1-4] INFO  o.e.m.c.i.e.AbstractTransferListenerAdapter - Downloading https://repo.maven.apache.org/maven2/org/codehaus/plexus/plexus-java/1.5.2/plexus-java-1.5.2.jar
2026-09-20 13:25:53,338 [BasicRepositoryConnector-repo.maven.apache.org-1-2] INFO  o.e.m.c.i.e.AbstractTransferListenerAdapter - Downloading https://repo.maven.apache.org/maven2/commons-io/commons-io/2.11.0/commons-io-2.11.0.jar
2026-09-20 13:25:53,348 [BasicRepositoryConnector-repo.maven.apache.org-1-1] INFO  o.e.m.c.i.e.AbstractTransferListenerAdapter - Downloading https://repo.maven.apache.org/maven2/com/thoughtworks/qdox/qdox/2.2.0/qdox-2.2.0.jar
2026-09-20 13:25:53,390 [BasicRepositoryConnector-repo.maven.apache.org-1-3] INFO  o.e.m.c.i.e.AbstractTransferListenerAdapter - Downloading https://repo.maven.apache.org/maven2/org/apache/maven/shared/maven-shared-incremental/1.1/maven-shared-incremental-1.1.jar
2026-09-20 13:25:53,400 [BasicRepositoryConnector-repo.maven.apache.org-1-4] INFO  o.e.m.c.i.e.AbstractTransferListenerAdapter - Downloaded https://repo.maven.apache.org/maven2/org/codehaus/plexus/plexus-java/1.5.2/plexus-java-1.5.2.jar
2026-09-20 13:25:53,411 [BasicRepositoryConnector-repo.maven.apache.org-1-3] INFO  o.e.m.c.i.e.AbstractTransferListenerAdapter - Downloaded https://repo.maven.apache.org/maven2/org/apache/maven/shared/maven-shared-incremental/1.1/maven-shared-incremental-1.1.jar
2026-09-20 13:25:53,421 [BasicRepositoryConnector-repo.maven.apache.org-1-0] INFO  o.e.m.c.i.e.AbstractTransferListenerAdapter - Downloaded https://repo.maven.apache.org/maven2/org/apache/maven/shared/maven-shared-utils/3.4.2/maven-shared-utils-3.4.2.jar
2026-09-20 13:25:53,457 [BasicRepositoryConnector-repo.maven.apache.org-1-4] INFO  o.e.m.c.i.e.AbstractTransferListenerAdapter - Downloading https://repo.maven.apache.org/maven2/org/codehaus/plexus/plexus-compiler-api/2.16.2/plexus-compiler-api-2.16.2.jar
2026-09-20 13:25:53,471 [BasicRepositoryConnector-repo.maven.apache.org-1-3] INFO  o.e.m.c.i.e.AbstractTransferListenerAdapter - Downloading https://repo.maven.apache.org/maven2/org/codehaus/plexus/plexus-compiler-manager/2.16.2/plexus-compiler-manager-2.16.2.jar
2026-09-20 13:25:53,478 [BasicRepositoryConnector-repo.maven.apache.org-1-4] INFO  o.e.m.c.i.e.AbstractTransferListenerAdapter - Downloaded https://repo.maven.apache.org/maven2/org/codehaus/plexus/plexus-compiler-api/2.16.2/plexus-compiler-api-2.16.2.jar
2026-09-20 13:25:53,481 [BasicRepositoryConnector-repo.maven.apache.org-1-2] INFO  o.e.m.c.i.e.AbstractTransferListenerAdapter - Downloaded https://repo.maven.apache.org/maven2/commons-io/commons-io/2.11.0/commons-io-2.11.0.jar
2026-09-20 13:25:53,488 [BasicRepositoryConnector-repo.maven.apache.org-1-3] INFO  o.e.m.c.i.e.AbstractTransferListenerAdapter - Downloaded https://repo.maven.apache.org/maven2/org/codehaus/plexus/plexus-compiler-manager/2.16.2/plexus-compiler-manager-2.16.2.jar
2026-09-20 13:25:53,496 [BasicRepositoryConnector-repo.maven.apache.org-1-1] INFO  o.e.m.c.i.e.AbstractTransferListenerAdapter - Downloaded https://repo.maven.apache.org/maven2/com/thoughtworks/qdox/qdox/2.2.0/qdox-2.2.0.jar
2026-09-20 13:25:53,499 [BasicRepositoryConnector-repo.maven.apache.org-1-0] INFO  o.e.m.c.i.e.AbstractTransferListenerAdapter - Downloading https://repo.maven.apache.org/maven2/javax/inject/javax.inject/1/javax.inject-1.jar
2026-09-20 13:25:53,513 [BasicRepositoryConnector-repo.maven.apache.org-1-0] INFO  o.e.m.c.i.e.AbstractTransferListenerAdapter - Downloaded https://repo.maven.apache.org/maven2/javax/inject/javax.inject/1/javax.inject-1.jar
2026-09-20 13:25:53,531 [BasicRepositoryConnector-repo.maven.apache.org-1-4] INFO  o.e.m.c.i.e.AbstractTransferListenerAdapter - Downloading https://repo.maven.apache.org/maven2/org/codehaus/plexus/plexus-xml/3.0.1/plexus-xml-3.0.1.jar
2026-09-20 13:25:53,542 [BasicRepositoryConnector-repo.maven.apache.org-1-2] INFO  o.e.m.c.i.e.AbstractTransferListenerAdapter - Downloading https://repo.maven.apache.org/maven2/org/codehaus/plexus/plexus-compiler-javac/2.16.2/plexus-compiler-javac-2.16.2.jar
2026-09-20 13:25:53,550 [BasicRepositoryConnector-repo.maven.apache.org-1-3] INFO  o.e.m.c.i.e.AbstractTransferListenerAdapter - Downloading https://repo.maven.apache.org/maven2/org/codehaus/plexus/plexus-utils/4.0.2/plexus-utils-4.0.2.jar
2026-09-20 13:25:53,559 [BasicRepositoryConnector-repo.maven.apache.org-1-2] INFO  o.e.m.c.i.e.AbstractTransferListenerAdapter - Downloaded https://repo.maven.apache.org/maven2/org/codehaus/plexus/plexus-compiler-javac/2.16.2/plexus-compiler-javac-2.16.2.jar
2026-09-20 13:25:53,566 [BasicRepositoryConnector-repo.maven.apache.org-1-4] INFO  o.e.m.c.i.e.AbstractTransferListenerAdapter - Downloaded https://repo.maven.apache.org/maven2/org/codehaus/plexus/plexus-xml/3.0.1/plexus-xml-3.0.1.jar
2026-09-20 13:25:53,574 [BasicRepositoryConnector-repo.maven.apache.org-1-3] INFO  o.e.m.c.i.e.AbstractTransferListenerAdapter - Downloaded https://repo.maven.apache.org/maven2/org/codehaus/plexus/plexus-utils/4.0.2/plexus-utils-4.0.2.jar
2026-09-20 13:25:54,106 [Worker-10: Building] INFO  o.e.m.c.i.l.LifecycleMappingFactory - Using org.eclipse.m2e.jdt.JarLifecycleMapping lifecycle mapping for MavenProject: org.cibertec:LPII_Sesion04_MV_GIT:0.0.1-SNAPSHOT @ D:\Programacion\LP2\LPII_Sesi贸n_04 - Rec\LPII_Sesion04_MV_GIT\pom.xml.
2026-09-20 13:25:54,119 [Worker-10: Building] WARN  o.e.m.c.i.embedder.EclipseLogger - The artifact mysql:mysql-connector-java:jar:8.0.33 has been relocated to com.mysql:mysql-connector-j:jar:8.0.33: MySQL Connector/J artifacts moved to reverse-DNS compliant Maven 2+ coordinates.
2026-09-20 13:25:54,782 [Worker-10: Building] INFO  o.e.m.c.i.e.AbstractTransferListenerAdapter - Downloading https://repo.maven.apache.org/maven2/org/apache/maven/plugins/maven-resources-plugin/3.4.0/maven-resources-plugin-3.4.0.pom
2026-09-20 13:25:54,798 [Worker-10: Building] INFO  o.e.m.c.i.e.AbstractTransferListenerAdapter - Downloaded https://repo.maven.apache.org/maven2/org/apache/maven/plugins/maven-resources-plugin/3.4.0/maven-resources-plugin-3.4.0.pom
2026-09-20 13:25:54,878 [Worker-10: Building] INFO  o.e.m.c.i.e.AbstractTransferListenerAdapter - Downloading https://repo.maven.apache.org/maven2/org/apache/maven/plugins/maven-plugins/45/maven-plugins-45.pom
2026-09-20 13:25:54,894 [Worker-10: Building] INFO  o.e.m.c.i.e.AbstractTransferListenerAdapter - Downloaded https://repo.maven.apache.org/maven2/org/apache/maven/plugins/maven-plugins/45/maven-plugins-45.pom
2026-09-20 13:25:54,976 [Worker-10: Building] INFO  o.e.m.c.i.e.AbstractTransferListenerAdapter - Downloading https://repo.maven.apache.org/maven2/org/apache/maven/maven-parent/45/maven-parent-45.pom
2026-09-20 13:25:54,994 [Worker-10: Building] INFO  o.e.m.c.i.e.AbstractTransferListenerAdapter - Downloaded https://repo.maven.apache.org/maven2/org/apache/maven/maven-parent/45/maven-parent-45.pom
2026-09-20 13:25:55,075 [Worker-10: Building] INFO  o.e.m.c.i.e.AbstractTransferListenerAdapter - Downloading https://repo.maven.apache.org/maven2/org/apache/apache/35/apache-35.pom
2026-09-20 13:25:55,088 [Worker-10: Building] INFO  o.e.m.c.i.e.AbstractTransferListenerAdapter - Downloaded https://repo.maven.apache.org/maven2/org/apache/apache/35/apache-35.pom
2026-09-20 13:25:55,174 [Worker-10: Building] INFO  o.e.m.c.i.e.AbstractTransferListenerAdapter - Downloading https://repo.maven.apache.org/maven2/org/junit/junit-bom/5.13.1/junit-bom-5.13.1.pom
2026-09-20 13:25:55,188 [Worker-10: Building] INFO  o.e.m.c.i.e.AbstractTransferListenerAdapter - Downloaded https://repo.maven.apache.org/maven2/org/junit/junit-bom/5.13.1/junit-bom-5.13.1.pom
2026-09-20 13:25:55,302 [Worker-10: Building] INFO  o.e.m.c.i.e.AbstractTransferListenerAdapter - Downloading https://repo.maven.apache.org/maven2/org/apache/maven/plugins/maven-jar-plugin/3.5.0/maven-jar-plugin-3.5.0.pom
2026-09-20 13:25:55,318 [Worker-10: Building] INFO  o.e.m.c.i.e.AbstractTransferListenerAdapter - Downloaded https://repo.maven.apache.org/maven2/org/apache/maven/plugins/maven-jar-plugin/3.5.0/maven-jar-plugin-3.5.0.pom
2026-09-20 13:25:55,467 [Worker-10: Building] INFO  o.e.m.c.i.e.AbstractTransferListenerAdapter - Downloading https://repo.maven.apache.org/maven2/org/apache/maven/shared/maven-filtering/3.4.0/maven-filtering-3.4.0.pom
2026-09-20 13:25:55,480 [Worker-10: Building] INFO  o.e.m.c.i.e.AbstractTransferListenerAdapter - Downloaded https://repo.maven.apache.org/maven2/org/apache/maven/shared/maven-filtering/3.4.0/maven-filtering-3.4.0.pom
2026-09-20 13:25:55,561 [Worker-10: Building] INFO  o.e.m.c.i.e.AbstractTransferListenerAdapter - Downloading https://repo.maven.apache.org/maven2/org/apache/maven/shared/maven-shared-components/43/maven-shared-components-43.pom
2026-09-20 13:25:55,576 [Worker-10: Building] INFO  o.e.m.c.i.e.AbstractTransferListenerAdapter - Downloaded https://repo.maven.apache.org/maven2/org/apache/maven/shared/maven-shared-components/43/maven-shared-components-43.pom
2026-09-20 13:25:55,643 [Worker-22: Download sources and javadoc] INFO  o.e.m.c.i.e.AbstractTransferListenerAdapter - Downloading https://repo.maven.apache.org/maven2/org/hibernate/orm/hibernate-core/6.4.4.Final/hibernate-core-6.4.4.Final-sources.jar
2026-09-20 13:25:55,666 [Worker-10: Building] INFO  o.e.m.c.i.e.AbstractTransferListenerAdapter - Downloading https://repo.maven.apache.org/maven2/org/apache/maven/maven-parent/43/maven-parent-43.pom
2026-09-20 13:25:55,686 [Worker-10: Building] INFO  o.e.m.c.i.e.AbstractTransferListenerAdapter - Downloaded https://repo.maven.apache.org/maven2/org/apache/maven/maven-parent/43/maven-parent-43.pom
2026-09-20 13:25:55,794 [Worker-10: Building] INFO  o.e.m.c.i.e.AbstractTransferListenerAdapter - Downloading https://repo.maven.apache.org/maven2/org/apache/apache/33/apache-33.pom
2026-09-20 13:25:55,808 [Worker-10: Building] INFO  o.e.m.c.i.e.AbstractTransferListenerAdapter - Downloaded https://repo.maven.apache.org/maven2/org/apache/apache/33/apache-33.pom
2026-09-20 13:25:55,910 [Worker-10: Building] INFO  o.e.m.c.i.e.AbstractTransferListenerAdapter - Downloading https://repo.maven.apache.org/maven2/org/junit/junit-bom/5.10.3/junit-bom-5.10.3.pom
2026-09-20 13:25:55,925 [Worker-10: Building] INFO  o.e.m.c.i.e.AbstractTransferListenerAdapter - Downloaded https://repo.maven.apache.org/maven2/org/junit/junit-bom/5.10.3/junit-bom-5.10.3.pom
2026-09-20 13:25:56,035 [Worker-10: Building] INFO  o.e.m.c.i.e.AbstractTransferListenerAdapter - Downloading https://repo.maven.apache.org/maven2/org/sonatype/plexus/plexus-build-api/0.0.7/plexus-build-api-0.0.7.pom
2026-09-20 13:25:56,049 [Worker-10: Building] INFO  o.e.m.c.i.e.AbstractTransferListenerAdapter - Downloaded https://repo.maven.apache.org/maven2/org/sonatype/plexus/plexus-build-api/0.0.7/plexus-build-api-0.0.7.pom
2026-09-20 13:25:56,192 [Worker-10: Building] INFO  o.e.m.c.i.e.AbstractTransferListenerAdapter - Downloading https://repo.maven.apache.org/maven2/org/sonatype/spice/spice-parent/15/spice-parent-15.pom
2026-09-20 13:25:56,209 [Worker-10: Building] INFO  o.e.m.c.i.e.AbstractTransferListenerAdapter - Downloaded https://repo.maven.apache.org/maven2/org/sonatype/spice/spice-parent/15/spice-parent-15.pom
2026-09-20 13:25:56,387 [Worker-10: Building] INFO  o.e.m.c.i.e.AbstractTransferListenerAdapter - Downloading https://repo.maven.apache.org/maven2/org/sonatype/forge/forge-parent/5/forge-parent-5.pom
2026-09-20 13:25:56,401 [Worker-10: Building] INFO  o.e.m.c.i.e.AbstractTransferListenerAdapter - Downloaded https://repo.maven.apache.org/maven2/org/sonatype/forge/forge-parent/5/forge-parent-5.pom
2026-09-20 13:25:56,584 [Worker-10: Building] INFO  o.e.m.c.i.e.AbstractTransferListenerAdapter - Downloading https://repo.maven.apache.org/maven2/org/codehaus/plexus/plexus-interpolation/1.27/plexus-interpolation-1.27.pom
2026-09-20 13:25:56,601 [Worker-10: Building] INFO  o.e.m.c.i.e.AbstractTransferListenerAdapter - Downloaded https://repo.maven.apache.org/maven2/org/codehaus/plexus/plexus-interpolation/1.27/plexus-interpolation-1.27.pom
2026-09-20 13:25:56,687 [Worker-10: Building] INFO  o.e.m.c.i.e.AbstractTransferListenerAdapter - Downloading https://repo.maven.apache.org/maven2/org/codehaus/plexus/plexus/16/plexus-16.pom
2026-09-20 13:25:56,702 [Worker-22: Download sources and javadoc] INFO  o.e.m.c.i.e.AbstractTransferListenerAdapter - Downloaded https://repo.maven.apache.org/maven2/org/hibernate/orm/hibernate-core/6.4.4.Final/hibernate-core-6.4.4.Final-sources.jar
2026-09-20 13:25:56,704 [Worker-10: Building] INFO  o.e.m.c.i.e.AbstractTransferListenerAdapter - Downloaded https://repo.maven.apache.org/maven2/org/codehaus/plexus/plexus/16/plexus-16.pom
2026-09-20 13:25:56,722 [Worker-22: Download sources and javadoc] INFO  o.e.m.j.internal.DownloadSourcesJob - Downloaded sources for org.hibernate.orm:hibernate-core:6.4.4.Final
2026-09-20 13:25:56,794 [Worker-10: Building] INFO  o.e.m.c.i.e.AbstractTransferListenerAdapter - Downloading https://repo.maven.apache.org/maven2/org/junit/junit-bom/5.10.1/junit-bom-5.10.1.pom
2026-09-20 13:25:56,810 [Worker-10: Building] INFO  o.e.m.c.i.e.AbstractTransferListenerAdapter - Downloaded https://repo.maven.apache.org/maven2/org/junit/junit-bom/5.10.1/junit-bom-5.10.1.pom
2026-09-20 13:25:56,876 [Worker-22: Download sources and javadoc] INFO  o.e.m.c.i.e.AbstractTransferListenerAdapter - Downloading https://repo.maven.apache.org/maven2/jakarta/persistence/jakarta.persistence-api/3.1.0/jakarta.persistence-api-3.1.0-sources.jar
2026-09-20 13:25:56,898 [Worker-10: Building] INFO  o.e.m.c.i.e.AbstractTransferListenerAdapter - Downloading https://repo.maven.apache.org/maven2/commons-io/commons-io/2.16.1/commons-io-2.16.1.pom
2026-09-20 13:25:56,915 [Worker-10: Building] INFO  o.e.m.c.i.e.AbstractTransferListenerAdapter - Downloaded https://repo.maven.apache.org/maven2/commons-io/commons-io/2.16.1/commons-io-2.16.1.pom
2026-09-20 13:25:57,010 [Worker-22: Download sources and javadoc] INFO  o.e.m.c.i.e.AbstractTransferListenerAdapter - Downloaded https://repo.maven.apache.org/maven2/jakarta/persistence/jakarta.persistence-api/3.1.0/jakarta.persistence-api-3.1.0-sources.jar
2026-09-20 13:25:57,029 [Worker-22: Download sources and javadoc] INFO  o.e.m.j.internal.DownloadSourcesJob - Downloaded sources for jakarta.persistence:jakarta.persistence-api:3.1.0
2026-09-20 13:25:57,056 [Worker-10: Building] INFO  o.e.m.c.i.e.AbstractTransferListenerAdapter - Downloading https://repo.maven.apache.org/maven2/org/apache/commons/commons-parent/69/commons-parent-69.pom
2026-09-20 13:25:57,074 [Worker-10: Building] INFO  o.e.m.c.i.e.AbstractTransferListenerAdapter - Downloaded https://repo.maven.apache.org/maven2/org/apache/commons/commons-parent/69/commons-parent-69.pom
2026-09-20 13:25:57,176 [Worker-10: Building] INFO  o.e.m.c.i.e.AbstractTransferListenerAdapter - Downloading https://repo.maven.apache.org/maven2/org/apache/apache/31/apache-31.pom
2026-09-20 13:25:57,189 [Worker-10: Building] INFO  o.e.m.c.i.e.AbstractTransferListenerAdapter - Downloaded https://repo.maven.apache.org/maven2/org/apache/apache/31/apache-31.pom
2026-09-20 13:25:57,229 [Worker-22: Download sources and javadoc] INFO  o.e.m.c.i.e.AbstractTransferListenerAdapter - Downloading https://repo.maven.apache.org/maven2/jakarta/transaction/jakarta.transaction-api/2.0.1/jakarta.transaction-api-2.0.1-sources.jar
2026-09-20 13:25:57,246 [Worker-22: Download sources and javadoc] INFO  o.e.m.c.i.e.AbstractTransferListenerAdapter - Downloaded https://repo.maven.apache.org/maven2/jakarta/transaction/jakarta.transaction-api/2.0.1/jakarta.transaction-api-2.0.1-sources.jar
2026-09-20 13:25:57,270 [Worker-22: Download sources and javadoc] INFO  o.e.m.j.internal.DownloadSourcesJob - Downloaded sources for jakarta.transaction:jakarta.transaction-api:2.0.1
2026-09-20 13:25:57,291 [Worker-10: Building] INFO  o.e.m.c.i.e.AbstractTransferListenerAdapter - Downloading https://repo.maven.apache.org/maven2/org/apache/commons/commons-lang3/3.16.0/commons-lang3-3.16.0.pom
2026-09-20 13:25:57,311 [Worker-10: Building] INFO  o.e.m.c.i.e.AbstractTransferListenerAdapter - Downloaded https://repo.maven.apache.org/maven2/org/apache/commons/commons-lang3/3.16.0/commons-lang3-3.16.0.pom
2026-09-20 13:25:57,418 [Worker-10: Building] INFO  o.e.m.c.i.e.AbstractTransferListenerAdapter - Downloading https://repo.maven.apache.org/maven2/org/apache/commons/commons-parent/72/commons-parent-72.pom
2026-09-20 13:25:57,440 [Worker-10: Building] INFO  o.e.m.c.i.e.AbstractTransferListenerAdapter - Downloaded https://repo.maven.apache.org/maven2/org/apache/commons/commons-parent/72/commons-parent-72.pom
2026-09-20 13:25:57,461 [Worker-22: Download sources and javadoc] INFO  o.e.m.c.i.e.AbstractTransferListenerAdapter - Downloading https://repo.maven.apache.org/maven2/org/jboss/logging/jboss-logging/3.5.0.Final/jboss-logging-3.5.0.Final-sources.jar
2026-09-20 13:25:57,547 [Worker-22: Download sources and javadoc] INFO  o.e.m.c.i.e.AbstractTransferListenerAdapter - Downloaded https://repo.maven.apache.org/maven2/org/jboss/logging/jboss-logging/3.5.0.Final/jboss-logging-3.5.0.Final-sources.jar
2026-09-20 13:25:57,550 [Worker-10: Building] INFO  o.e.m.c.i.e.AbstractTransferListenerAdapter - Downloading https://repo.maven.apache.org/maven2/org/junit/junit-bom/5.11.0-M2/junit-bom-5.11.0-M2.pom
2026-09-20 13:25:57,563 [Worker-10: Building] INFO  o.e.m.c.i.e.AbstractTransferListenerAdapter - Downloaded https://repo.maven.apache.org/maven2/org/junit/junit-bom/5.11.0-M2/junit-bom-5.11.0-M2.pom
2026-09-20 13:25:57,568 [Worker-22: Download sources and javadoc] INFO  o.e.m.j.internal.DownloadSourcesJob - Downloaded sources for org.jboss.logging:jboss-logging:3.5.0.Final
2026-09-20 13:25:57,657 [Worker-10: Building] INFO  o.e.m.c.i.e.AbstractTransferListenerAdapter - Downloading https://repo.maven.apache.org/maven2/org/apache/commons/commons-lang3/3.20.0/commons-lang3-3.20.0.pom
2026-09-20 13:25:57,676 [Worker-10: Building] INFO  o.e.m.c.i.e.AbstractTransferListenerAdapter - Downloaded https://repo.maven.apache.org/maven2/org/apache/commons/commons-lang3/3.20.0/commons-lang3-3.20.0.pom
2026-09-20 13:25:57,749 [Worker-22: Download sources and javadoc] INFO  o.e.m.c.i.e.AbstractTransferListenerAdapter - Downloading https://repo.maven.apache.org/maven2/org/hibernate/common/hibernate-commons-annotations/6.0.6.Final/hibernate-commons-annotations-6.0.6.Final-sources.jar
2026-09-20 13:25:57,774 [Worker-22: Download sources and javadoc] INFO  o.e.m.c.i.e.AbstractTransferListenerAdapter - Downloaded https://repo.maven.apache.org/maven2/org/hibernate/common/hibernate-commons-annotations/6.0.6.Final/hibernate-commons-annotations-6.0.6.Final-sources.jar
2026-09-20 13:25:57,795 [Worker-22: Download sources and javadoc] INFO  o.e.m.j.internal.DownloadSourcesJob - Downloaded sources for org.hibernate.common:hibernate-commons-annotations:6.0.6.Final
2026-09-20 13:25:57,834 [Worker-10: Building] INFO  o.e.m.c.i.e.AbstractTransferListenerAdapter - Downloading https://repo.maven.apache.org/maven2/org/apache/commons/commons-parent/92/commons-parent-92.pom
2026-09-20 13:25:57,860 [Worker-10: Building] INFO  o.e.m.c.i.e.AbstractTransferListenerAdapter - Downloaded https://repo.maven.apache.org/maven2/org/apache/commons/commons-parent/92/commons-parent-92.pom
2026-09-20 13:25:57,999 [Worker-10: Building] INFO  o.e.m.c.i.e.AbstractTransferListenerAdapter - Downloading https://repo.maven.apache.org/maven2/org/apache/maven/shared/maven-filtering/3.4.0/maven-filtering-3.4.0.jar
2026-09-20 13:25:58,030 [Worker-22: Download sources and javadoc] INFO  o.e.m.c.i.e.AbstractTransferListenerAdapter - Downloading https://repo.maven.apache.org/maven2/io/smallrye/jandex/3.1.2/jandex-3.1.2-sources.jar
2026-09-20 13:25:58,041 [Worker-10: Building] INFO  o.e.m.c.i.e.AbstractTransferListenerAdapter - Downloaded https://repo.maven.apache.org/maven2/org/apache/maven/shared/maven-filtering/3.4.0/maven-filtering-3.4.0.jar
2026-09-20 13:25:58,103 [BasicRepositoryConnector-repo.maven.apache.org-2-0] INFO  o.e.m.c.i.e.AbstractTransferListenerAdapter - Downloading https://repo.maven.apache.org/maven2/org/sonatype/plexus/plexus-build-api/0.0.7/plexus-build-api-0.0.7.jar
2026-09-20 13:25:58,104 [Worker-22: Download sources and javadoc] INFO  o.e.m.c.i.e.AbstractTransferListenerAdapter - Downloaded https://repo.maven.apache.org/maven2/io/smallrye/jandex/3.1.2/jandex-3.1.2-sources.jar
2026-09-20 13:25:58,109 [BasicRepositoryConnector-repo.maven.apache.org-2-2] INFO  o.e.m.c.i.e.AbstractTransferListenerAdapter - Downloading https://repo.maven.apache.org/maven2/commons-io/commons-io/2.16.1/commons-io-2.16.1.jar
2026-09-20 13:25:58,116 [BasicRepositoryConnector-repo.maven.apache.org-2-0] INFO  o.e.m.c.i.e.AbstractTransferListenerAdapter - Downloaded https://repo.maven.apache.org/maven2/org/sonatype/plexus/plexus-build-api/0.0.7/plexus-build-api-0.0.7.jar
2026-09-20 13:25:58,127 [BasicRepositoryConnector-repo.maven.apache.org-2-3] INFO  o.e.m.c.i.e.AbstractTransferListenerAdapter - Downloading https://repo.maven.apache.org/maven2/org/apache/commons/commons-lang3/3.20.0/commons-lang3-3.20.0.jar
2026-09-20 13:25:58,141 [Worker-22: Download sources and javadoc] INFO  o.e.m.j.internal.DownloadSourcesJob - Downloaded sources for io.smallrye:jandex:3.1.2
2026-09-20 13:25:58,215 [BasicRepositoryConnector-repo.maven.apache.org-2-1] INFO  o.e.m.c.i.e.AbstractTransferListenerAdapter - Downloading https://repo.maven.apache.org/maven2/org/codehaus/plexus/plexus-interpolation/1.27/plexus-interpolation-1.27.jar
2026-09-20 13:25:58,247 [BasicRepositoryConnector-repo.maven.apache.org-2-1] INFO  o.e.m.c.i.e.AbstractTransferListenerAdapter - Downloaded https://repo.maven.apache.org/maven2/org/codehaus/plexus/plexus-interpolation/1.27/plexus-interpolation-1.27.jar
2026-09-20 13:25:58,484 [Worker-22: Download sources and javadoc] INFO  o.e.m.c.i.e.AbstractTransferListenerAdapter - Downloading https://repo.maven.apache.org/maven2/com/fasterxml/classmate/1.5.1/classmate-1.5.1-sources.jar
2026-09-20 13:25:58,508 [Worker-22: Download sources and javadoc] INFO  o.e.m.c.i.e.AbstractTransferListenerAdapter - Downloaded https://repo.maven.apache.org/maven2/com/fasterxml/classmate/1.5.1/classmate-1.5.1-sources.jar
2026-09-20 13:25:58,526 [Worker-22: Download sources and javadoc] INFO  o.e.m.j.internal.DownloadSourcesJob - Downloaded sources for com.fasterxml:classmate:1.5.1
2026-09-20 13:25:58,544 [BasicRepositoryConnector-repo.maven.apache.org-2-2] INFO  o.e.m.c.i.e.AbstractTransferListenerAdapter - Downloaded https://repo.maven.apache.org/maven2/commons-io/commons-io/2.16.1/commons-io-2.16.1.jar
2026-09-20 13:25:58,576 [BasicRepositoryConnector-repo.maven.apache.org-2-3] INFO  o.e.m.c.i.e.AbstractTransferListenerAdapter - Downloaded https://repo.maven.apache.org/maven2/org/apache/commons/commons-lang3/3.20.0/commons-lang3-3.20.0.jar
2026-09-20 13:25:58,715 [Worker-22: Download sources and javadoc] INFO  o.e.m.c.i.e.AbstractTransferListenerAdapter - Downloading https://repo.maven.apache.org/maven2/net/bytebuddy/byte-buddy/1.14.11/byte-buddy-1.14.11-sources.jar
2026-09-20 13:25:58,856 [Worker-10: Building] INFO  o.a.m.s.f.DefaultMavenResourcesFiltering - Copying 1 resource from src\main\resources to target\classes
2026-09-20 13:25:58,898 [Worker-10: Building] INFO  o.a.m.s.f.DefaultMavenResourcesFiltering - Copying 0 resource from src\test\resources to target\test-classes
2026-09-20 13:25:58,984 [Worker-10: Building] INFO  o.e.m.c.i.e.AbstractTransferListenerAdapter - Downloading https://repo.maven.apache.org/maven2/org/apache/maven/plugins/maven-surefire-plugin/3.5.4/maven-surefire-plugin-3.5.4.pom
2026-09-20 13:25:59,000 [Worker-10: Building] INFO  o.e.m.c.i.e.AbstractTransferListenerAdapter - Downloaded https://repo.maven.apache.org/maven2/org/apache/maven/plugins/maven-surefire-plugin/3.5.4/maven-surefire-plugin-3.5.4.pom
2026-09-20 13:25:59,020 [Worker-22: Download sources and javadoc] INFO  o.e.m.c.i.e.AbstractTransferListenerAdapter - Downloaded https://repo.maven.apache.org/maven2/net/bytebuddy/byte-buddy/1.14.11/byte-buddy-1.14.11-sources.jar
2026-09-20 13:25:59,037 [Worker-22: Download sources and javadoc] INFO  o.e.m.j.internal.DownloadSourcesJob - Downloaded sources for net.bytebuddy:byte-buddy:1.14.11
2026-09-20 13:25:59,090 [Worker-10: Building] INFO  o.e.m.c.i.e.AbstractTransferListenerAdapter - Downloading https://repo.maven.apache.org/maven2/org/apache/maven/surefire/surefire/3.5.4/surefire-3.5.4.pom
2026-09-20 13:25:59,109 [Worker-10: Building] INFO  o.e.m.c.i.e.AbstractTransferListenerAdapter - Downloaded https://repo.maven.apache.org/maven2/org/apache/maven/surefire/surefire/3.5.4/surefire-3.5.4.pom
2026-09-20 13:25:59,201 [Worker-22: Download sources and javadoc] INFO  o.e.m.c.i.e.AbstractTransferListenerAdapter - Downloading https://repo.maven.apache.org/maven2/jakarta/xml/bind/jakarta.xml.bind-api/4.0.0/jakarta.xml.bind-api-4.0.0-sources.jar
2026-09-20 13:25:59,201 [Worker-10: Building] INFO  o.e.m.c.i.e.AbstractTransferListenerAdapter - Downloading https://repo.maven.apache.org/maven2/org/apache/maven/maven-parent/44/maven-parent-44.pom
2026-09-20 13:25:59,219 [Worker-10: Building] INFO  o.e.m.c.i.e.AbstractTransferListenerAdapter - Downloaded https://repo.maven.apache.org/maven2/org/apache/maven/maven-parent/44/maven-parent-44.pom
2026-09-20 13:25:59,285 [Worker-22: Download sources and javadoc] INFO  o.e.m.c.i.e.AbstractTransferListenerAdapter - Downloaded https://repo.maven.apache.org/maven2/jakarta/xml/bind/jakarta.xml.bind-api/4.0.0/jakarta.xml.bind-api-4.0.0-sources.jar
2026-09-20 13:25:59,303 [Worker-22: Download sources and javadoc] INFO  o.e.m.j.internal.DownloadSourcesJob - Downloaded sources for jakarta.xml.bind:jakarta.xml.bind-api:4.0.0
2026-09-20 13:25:59,308 [Worker-10: Building] INFO  o.e.m.c.i.e.AbstractTransferListenerAdapter - Downloading https://repo.maven.apache.org/maven2/org/apache/apache/34/apache-34.pom
2026-09-20 13:25:59,322 [Worker-10: Building] INFO  o.e.m.c.i.e.AbstractTransferListenerAdapter - Downloaded https://repo.maven.apache.org/maven2/org/apache/apache/34/apache-34.pom
2026-09-20 13:25:59,413 [Worker-10: Building] INFO  o.e.m.c.i.e.AbstractTransferListenerAdapter - Downloading https://repo.maven.apache.org/maven2/org/junit/junit-bom/5.12.1/junit-bom-5.12.1.pom
2026-09-20 13:25:59,429 [Worker-10: Building] INFO  o.e.m.c.i.e.AbstractTransferListenerAdapter - Downloaded https://repo.maven.apache.org/maven2/org/junit/junit-bom/5.12.1/junit-bom-5.12.1.pom
2026-09-20 13:25:59,473 [Worker-22: Download sources and javadoc] INFO  o.e.m.c.i.e.AbstractTransferListenerAdapter - Downloading https://repo.maven.apache.org/maven2/jakarta/activation/jakarta.activation-api/2.1.0/jakarta.activation-api-2.1.0-sources.jar
2026-09-20 13:25:59,535 [Worker-22: Download sources and javadoc] INFO  o.e.m.c.i.e.AbstractTransferListenerAdapter - Downloaded https://repo.maven.apache.org/maven2/jakarta/activation/jakarta.activation-api/2.1.0/jakarta.activation-api-2.1.0-sources.jar
2026-09-20 13:25:59,556 [Worker-22: Download sources and javadoc] INFO  o.e.m.j.internal.DownloadSourcesJob - Downloaded sources for jakarta.activation:jakarta.activation-api:2.1.0
2026-09-20 13:25:59,565 [Worker-10: Building] INFO  o.e.m.c.i.e.AbstractTransferListenerAdapter - Downloading https://repo.maven.apache.org/maven2/org/apache/maven/shared/file-management/3.2.0/file-management-3.2.0.pom
2026-09-20 13:25:59,581 [Worker-10: Building] INFO  o.e.m.c.i.e.AbstractTransferListenerAdapter - Downloaded https://repo.maven.apache.org/maven2/org/apache/maven/shared/file-management/3.2.0/file-management-3.2.0.pom
2026-09-20 13:25:59,671 [Worker-10: Building] INFO  o.e.m.c.i.e.AbstractTransferListenerAdapter - Downloading https://repo.maven.apache.org/maven2/org/apache/maven/shared/maven-shared-components/44/maven-shared-components-44.pom
2026-09-20 13:25:59,688 [Worker-10: Building] INFO  o.e.m.c.i.e.AbstractTransferListenerAdapter - Downloaded https://repo.maven.apache.org/maven2/org/apache/maven/shared/maven-shared-components/44/maven-shared-components-44.pom
2026-09-20 13:25:59,719 [Worker-22: Download sources and javadoc] INFO  o.e.m.c.i.e.AbstractTransferListenerAdapter - Downloading https://repo.maven.apache.org/maven2/org/glassfish/jaxb/jaxb-runtime/4.0.2/jaxb-runtime-4.0.2-sources.jar
2026-09-20 13:25:59,802 [Worker-10: Building] INFO  o.e.m.c.i.e.AbstractTransferListenerAdapter - Downloading https://repo.maven.apache.org/maven2/commons-io/commons-io/2.19.0/commons-io-2.19.0.pom
2026-09-20 13:25:59,819 [Worker-10: Building] INFO  o.e.m.c.i.e.AbstractTransferListenerAdapter - Downloaded https://repo.maven.apache.org/maven2/commons-io/commons-io/2.19.0/commons-io-2.19.0.pom
2026-09-20 13:25:59,912 [Worker-10: Building] INFO  o.e.m.c.i.e.AbstractTransferListenerAdapter - Downloading https://repo.maven.apache.org/maven2/org/apache/commons/commons-parent/81/commons-parent-81.pom
2026-09-20 13:25:59,934 [Worker-10: Building] INFO  o.e.m.c.i.e.AbstractTransferListenerAdapter - Downloaded https://repo.maven.apache.org/maven2/org/apache/commons/commons-parent/81/commons-parent-81.pom
2026-09-20 13:25:59,969 [Worker-22: Download sources and javadoc] INFO  o.e.m.c.i.e.AbstractTransferListenerAdapter - Downloaded https://repo.maven.apache.org/maven2/org/glassfish/jaxb/jaxb-runtime/4.0.2/jaxb-runtime-4.0.2-sources.jar
2026-09-20 13:25:59,990 [Worker-22: Download sources and javadoc] INFO  o.e.m.j.internal.DownloadSourcesJob - Downloaded sources for org.glassfish.jaxb:jaxb-runtime:4.0.2
2026-09-20 13:26:00,035 [Worker-10: Building] INFO  o.e.m.c.i.e.AbstractTransferListenerAdapter - Downloading https://repo.maven.apache.org/maven2/org/junit/junit-bom/5.11.4/junit-bom-5.11.4.pom
2026-09-20 13:26:00,050 [Worker-10: Building] INFO  o.e.m.c.i.e.AbstractTransferListenerAdapter - Downloaded https://repo.maven.apache.org/maven2/org/junit/junit-bom/5.11.4/junit-bom-5.11.4.pom
2026-09-20 13:26:00,150 [Worker-10: Building] INFO  o.e.m.c.i.e.AbstractTransferListenerAdapter - Downloading https://repo.maven.apache.org/maven2/org/apache/maven/maven-archiver/3.6.5/maven-archiver-3.6.5.pom
2026-09-20 13:26:00,165 [Worker-22: Download sources and javadoc] INFO  o.e.m.c.i.e.AbstractTransferListenerAdapter - Downloading https://repo.maven.apache.org/maven2/org/glassfish/jaxb/jaxb-core/4.0.2/jaxb-core-4.0.2-sources.jar
2026-09-20 13:26:00,165 [Worker-10: Building] INFO  o.e.m.c.i.e.AbstractTransferListenerAdapter - Downloaded https://repo.maven.apache.org/maven2/org/apache/maven/maven-archiver/3.6.5/maven-archiver-3.6.5.pom
2026-09-20 13:26:00,253 [Worker-10: Building] INFO  o.e.m.c.i.e.AbstractTransferListenerAdapter - Downloading https://repo.maven.apache.org/maven2/org/apache/maven/shared/maven-shared-components/45/maven-shared-components-45.pom
2026-09-20 13:26:00,268 [Worker-10: Building] INFO  o.e.m.c.i.e.AbstractTransferListenerAdapter - Downloaded https://repo.maven.apache.org/maven2/org/apache/maven/shared/maven-shared-components/45/maven-shared-components-45.pom
2026-09-20 13:26:00,279 [Worker-22: Download sources and javadoc] INFO  o.e.m.c.i.e.AbstractTransferListenerAdapter - Downloaded https://repo.maven.apache.org/maven2/org/glassfish/jaxb/jaxb-core/4.0.2/jaxb-core-4.0.2-sources.jar
2026-09-20 13:26:00,301 [Worker-22: Download sources and javadoc] INFO  o.e.m.j.internal.DownloadSourcesJob - Downloaded sources for org.glassfish.jaxb:jaxb-core:4.0.2
2026-09-20 13:26:00,379 [Worker-10: Building] INFO  o.e.m.c.i.e.AbstractTransferListenerAdapter - Downloading https://repo.maven.apache.org/maven2/org/codehaus/plexus/plexus-archiver/4.10.2/plexus-archiver-4.10.2.pom
2026-09-20 13:26:00,397 [Worker-10: Building] INFO  o.e.m.c.i.e.AbstractTransferListenerAdapter - Downloaded https://repo.maven.apache.org/maven2/org/codehaus/plexus/plexus-archiver/4.10.2/plexus-archiver-4.10.2.pom
2026-09-20 13:26:00,484 [Worker-10: Building] INFO  o.e.m.c.i.e.AbstractTransferListenerAdapter - Downloading https://repo.maven.apache.org/maven2/org/codehaus/plexus/plexus/23/plexus-23.pom
2026-09-20 13:26:00,489 [Worker-22: Download sources and javadoc] INFO  o.e.m.c.i.e.AbstractTransferListenerAdapter - Downloading https://repo.maven.apache.org/maven2/org/eclipse/angus/angus-activation/2.0.0/angus-activation-2.0.0-sources.jar
2026-09-20 13:26:00,499 [Worker-10: Building] INFO  o.e.m.c.i.e.AbstractTransferListenerAdapter - Downloaded https://repo.maven.apache.org/maven2/org/codehaus/plexus/plexus/23/plexus-23.pom
2026-09-20 13:26:00,505 [Worker-22: Download sources and javadoc] INFO  o.e.m.c.i.e.AbstractTransferListenerAdapter - Downloaded https://repo.maven.apache.org/maven2/org/eclipse/angus/angus-activation/2.0.0/angus-activation-2.0.0-sources.jar
2026-09-20 13:26:00,524 [Worker-22: Download sources and javadoc] INFO  o.e.m.j.internal.DownloadSourcesJob - Downloaded sources for org.eclipse.angus:angus-activation:2.0.0
2026-09-20 13:26:00,588 [Worker-10: Building] INFO  o.e.m.c.i.e.AbstractTransferListenerAdapter - Downloading https://repo.maven.apache.org/maven2/org/codehaus/plexus/plexus-io/3.5.1/plexus-io-3.5.1.pom
2026-09-20 13:26:00,608 [Worker-10: Building] INFO  o.e.m.c.i.e.AbstractTransferListenerAdapter - Downloaded https://repo.maven.apache.org/maven2/org/codehaus/plexus/plexus-io/3.5.1/plexus-io-3.5.1.pom
2026-09-20 13:26:00,695 [Worker-22: Download sources and javadoc] INFO  o.e.m.c.i.e.AbstractTransferListenerAdapter - Downloading https://repo.maven.apache.org/maven2/org/glassfish/jaxb/txw2/4.0.2/txw2-4.0.2-sources.jar
2026-09-20 13:26:00,724 [Worker-10: Building] INFO  o.e.m.c.i.e.AbstractTransferListenerAdapter - Downloading https://repo.maven.apache.org/maven2/commons-io/commons-io/2.20.0/commons-io-2.20.0.pom
2026-09-20 13:26:00,739 [Worker-10: Building] INFO  o.e.m.c.i.e.AbstractTransferListenerAdapter - Downloaded https://repo.maven.apache.org/maven2/commons-io/commons-io/2.20.0/commons-io-2.20.0.pom
2026-09-20 13:26:00,775 [Worker-22: Download sources and javadoc] INFO  o.e.m.c.i.e.AbstractTransferListenerAdapter - Downloaded https://repo.maven.apache.org/maven2/org/glassfish/jaxb/txw2/4.0.2/txw2-4.0.2-sources.jar
2026-09-20 13:26:00,804 [Worker-22: Download sources and javadoc] INFO  o.e.m.j.internal.DownloadSourcesJob - Downloaded sources for org.glassfish.jaxb:txw2:4.0.2
2026-09-20 13:26:00,833 [Worker-10: Building] INFO  o.e.m.c.i.e.AbstractTransferListenerAdapter - Downloading https://repo.maven.apache.org/maven2/org/apache/commons/commons-parent/85/commons-parent-85.pom
2026-09-20 13:26:00,854 [Worker-10: Building] INFO  o.e.m.c.i.e.AbstractTransferListenerAdapter - Downloaded https://repo.maven.apache.org/maven2/org/apache/commons/commons-parent/85/commons-parent-85.pom
2026-09-20 13:26:00,955 [Worker-10: Building] INFO  o.e.m.c.i.e.AbstractTransferListenerAdapter - Downloading https://repo.maven.apache.org/maven2/org/apache/commons/commons-compress/1.28.0/commons-compress-1.28.0.pom
2026-09-20 13:26:00,973 [Worker-22: Download sources and javadoc] INFO  o.e.m.c.i.e.AbstractTransferListenerAdapter - Downloading https://repo.maven.apache.org/maven2/com/sun/istack/istack-commons-runtime/4.1.1/istack-commons-runtime-4.1.1-sources.jar
2026-09-20 13:26:00,974 [Worker-10: Building] INFO  o.e.m.c.i.e.AbstractTransferListenerAdapter - Downloaded https://repo.maven.apache.org/maven2/org/apache/commons/commons-compress/1.28.0/commons-compress-1.28.0.pom
2026-09-20 13:26:00,990 [Worker-22: Download sources and javadoc] INFO  o.e.m.c.i.e.AbstractTransferListenerAdapter - Downloaded https://repo.maven.apache.org/maven2/com/sun/istack/istack-commons-runtime/4.1.1/istack-commons-runtime-4.1.1-sources.jar
2026-09-20 13:26:01,009 [Worker-22: Download sources and javadoc] INFO  o.e.m.j.internal.DownloadSourcesJob - Downloaded sources for com.sun.istack:istack-commons-runtime:4.1.1
2026-09-20 13:26:01,086 [Worker-10: Building] INFO  o.e.m.c.i.e.AbstractTransferListenerAdapter - Downloading https://repo.maven.apache.org/maven2/commons-codec/commons-codec/1.19.0/commons-codec-1.19.0.pom
2026-09-20 13:26:01,102 [Worker-10: Building] INFO  o.e.m.c.i.e.AbstractTransferListenerAdapter - Downloaded https://repo.maven.apache.org/maven2/commons-codec/commons-codec/1.19.0/commons-codec-1.19.0.pom
2026-09-20 13:26:01,179 [Worker-22: Download sources and javadoc] INFO  o.e.m.c.i.e.AbstractTransferListenerAdapter - Downloading https://repo.maven.apache.org/maven2/jakarta/inject/jakarta.inject-api/2.0.1/jakarta.inject-api-2.0.1-sources.jar
2026-09-20 13:26:01,194 [Worker-10: Building] INFO  o.e.m.c.i.e.AbstractTransferListenerAdapter - Downloading https://repo.maven.apache.org/maven2/org/apache/commons/commons-lang3/3.18.0/commons-lang3-3.18.0.pom
2026-09-20 13:26:01,196 [Worker-22: Download sources and javadoc] INFO  o.e.m.c.i.e.AbstractTransferListenerAdapter - Downloaded https://repo.maven.apache.org/maven2/jakarta/inject/jakarta.inject-api/2.0.1/jakarta.inject-api-2.0.1-sources.jar
2026-09-20 13:26:01,210 [Worker-10: Building] INFO  o.e.m.c.i.e.AbstractTransferListenerAdapter - Downloaded https://repo.maven.apache.org/maven2/org/apache/commons/commons-lang3/3.18.0/commons-lang3-3.18.0.pom
2026-09-20 13:26:01,216 [Worker-22: Download sources and javadoc] INFO  o.e.m.j.internal.DownloadSourcesJob - Downloaded sources for jakarta.inject:jakarta.inject-api:2.0.1
2026-09-20 13:26:01,316 [Worker-10: Building] INFO  o.e.m.c.i.e.AbstractTransferListenerAdapter - Downloading https://repo.maven.apache.org/maven2/io/airlift/aircompressor/0.27/aircompressor-0.27.pom
2026-09-20 13:26:01,330 [Worker-10: Building] INFO  o.e.m.c.i.e.AbstractTransferListenerAdapter - Downloaded https://repo.maven.apache.org/maven2/io/airlift/aircompressor/0.27/aircompressor-0.27.pom
2026-09-20 13:26:01,413 [Worker-22: Download sources and javadoc] INFO  o.e.m.c.i.e.AbstractTransferListenerAdapter - Downloading https://repo.maven.apache.org/maven2/org/antlr/antlr4-runtime/4.13.0/antlr4-runtime-4.13.0-sources.jar
2026-09-20 13:26:01,427 [Worker-10: Building] INFO  o.e.m.c.i.e.AbstractTransferListenerAdapter - Downloading https://repo.maven.apache.org/maven2/io/airlift/airbase/112/airbase-112.pom
2026-09-20 13:26:01,445 [Worker-10: Building] INFO  o.e.m.c.i.e.AbstractTransferListenerAdapter - Downloaded https://repo.maven.apache.org/maven2/io/airlift/airbase/112/airbase-112.pom
2026-09-20 13:26:01,543 [Worker-10: Building] INFO  o.e.m.c.i.e.AbstractTransferListenerAdapter - Downloading https://repo.maven.apache.org/maven2/org/junit/junit-bom/5.8.0-M1/junit-bom-5.8.0-M1.pom
2026-09-20 13:26:01,559 [Worker-10: Building] INFO  o.e.m.c.i.e.AbstractTransferListenerAdapter - Downloaded https://repo.maven.apache.org/maven2/org/junit/junit-bom/5.8.0-M1/junit-bom-5.8.0-M1.pom
2026-09-20 13:26:01,636 [Worker-22: Download sources and javadoc] INFO  o.e.m.c.i.e.AbstractTransferListenerAdapter - Downloaded https://repo.maven.apache.org/maven2/org/antlr/antlr4-runtime/4.13.0/antlr4-runtime-4.13.0-sources.jar
2026-09-20 13:26:01,643 [Worker-10: Building] INFO  o.e.m.c.i.e.AbstractTransferListenerAdapter - Downloading https://repo.maven.apache.org/maven2/org/tukaani/xz/1.10/xz-1.10.pom
2026-09-20 13:26:01,653 [Worker-22: Download sources and javadoc] INFO  o.e.m.j.internal.DownloadSourcesJob - Downloaded sources for org.antlr:antlr4-runtime:4.13.0
2026-09-20 13:26:01,656 [Worker-10: Building] INFO  o.e.m.c.i.e.AbstractTransferListenerAdapter - Downloaded https://repo.maven.apache.org/maven2/org/tukaani/xz/1.10/xz-1.10.pom
2026-09-20 13:26:01,746 [Worker-10: Building] INFO  o.e.m.c.i.e.AbstractTransferListenerAdapter - Downloading https://repo.maven.apache.org/maven2/com/github/luben/zstd-jni/1.5.7-4/zstd-jni-1.5.7-4.pom
2026-09-20 13:26:01,763 [Worker-10: Building] INFO  o.e.m.c.i.e.AbstractTransferListenerAdapter - Downloaded https://repo.maven.apache.org/maven2/com/github/luben/zstd-jni/1.5.7-4/zstd-jni-1.5.7-4.pom
2026-09-20 13:26:01,846 [Worker-22: Download sources and javadoc] INFO  o.e.m.c.i.e.AbstractTransferListenerAdapter - Downloading https://repo.maven.apache.org/maven2/org/projectlombok/lombok/1.18.38/lombok-1.18.38-sources.jar
2026-09-20 13:26:01,862 [Worker-10: Building] INFO  o.e.m.c.i.e.AbstractTransferListenerAdapter - Downloading https://repo.maven.apache.org/maven2/org/codehaus/plexus/plexus-interpolation/1.28/plexus-interpolation-1.28.pom
2026-09-20 13:26:01,876 [Worker-10: Building] INFO  o.e.m.c.i.e.AbstractTransferListenerAdapter - Downloaded https://repo.maven.apache.org/maven2/org/codehaus/plexus/plexus-interpolation/1.28/plexus-interpolation-1.28.pom
2026-09-20 13:26:01,964 [Worker-10: Building] INFO  o.e.m.c.i.e.AbstractTransferListenerAdapter - Downloading https://repo.maven.apache.org/maven2/org/codehaus/plexus/plexus/20/plexus-20.pom
2026-09-20 13:26:01,985 [Worker-10: Building] INFO  o.e.m.c.i.e.AbstractTransferListenerAdapter - Downloaded https://repo.maven.apache.org/maven2/org/codehaus/plexus/plexus/20/plexus-20.pom
2026-09-20 13:26:02,080 [Worker-10: Building] INFO  o.e.m.c.i.e.AbstractTransferListenerAdapter - Downloading https://repo.maven.apache.org/maven2/org/codehaus/plexus/plexus-archiver/4.10.4/plexus-archiver-4.10.4.pom
2026-09-20 13:26:02,095 [Worker-10: Building] INFO  o.e.m.c.i.e.AbstractTransferListenerAdapter - Downloaded https://repo.maven.apache.org/maven2/org/codehaus/plexus/plexus-archiver/4.10.4/plexus-archiver-4.10.4.pom
2026-09-20 13:26:02,185 [Worker-10: Building] INFO  o.e.m.c.i.e.AbstractTransferListenerAdapter - Downloading https://repo.maven.apache.org/maven2/org/codehaus/plexus/plexus-io/3.6.0/plexus-io-3.6.0.pom
2026-09-20 13:26:02,192 [Worker-22: Download sources and javadoc] INFO  o.e.m.c.i.e.AbstractTransferListenerAdapter - Downloaded https://repo.maven.apache.org/maven2/org/projectlombok/lombok/1.18.38/lombok-1.18.38-sources.jar
2026-09-20 13:26:02,199 [Worker-10: Building] INFO  o.e.m.c.i.e.AbstractTransferListenerAdapter - Downloaded https://repo.maven.apache.org/maven2/org/codehaus/plexus/plexus-io/3.6.0/plexus-io-3.6.0.pom
2026-09-20 13:26:02,210 [Worker-22: Download sources and javadoc] INFO  o.e.m.j.internal.DownloadSourcesJob - Downloaded sources for org.projectlombok:lombok:1.18.38
2026-09-20 13:26:02,293 [Worker-10: Building] INFO  o.e.m.c.i.e.AbstractTransferListenerAdapter - Downloading https://repo.maven.apache.org/maven2/com/github/luben/zstd-jni/1.5.7-6/zstd-jni-1.5.7-6.pom
2026-09-20 13:26:02,310 [Worker-10: Building] INFO  o.e.m.c.i.e.AbstractTransferListenerAdapter - Downloaded https://repo.maven.apache.org/maven2/com/github/luben/zstd-jni/1.5.7-6/zstd-jni-1.5.7-6.pom
2026-09-20 13:26:02,389 [Worker-22: Download sources and javadoc] INFO  o.e.m.c.i.e.AbstractTransferListenerAdapter - Downloading https://repo.maven.apache.org/maven2/com/mysql/mysql-connector-j/8.0.33/mysql-connector-j-8.0.33-sources.jar
2026-09-20 13:26:02,443 [Worker-10: Building] INFO  o.e.m.c.i.e.AbstractTransferListenerAdapter - Downloading https://repo.maven.apache.org/maven2/commons-io/commons-io/2.21.0/commons-io-2.21.0.pom
2026-09-20 13:26:02,458 [Worker-10: Building] INFO  o.e.m.c.i.e.AbstractTransferListenerAdapter - Downloaded https://repo.maven.apache.org/maven2/commons-io/commons-io/2.21.0/commons-io-2.21.0.pom
2026-09-20 13:26:02,549 [Worker-10: Building] INFO  o.e.m.c.i.e.AbstractTransferListenerAdapter - Downloading https://repo.maven.apache.org/maven2/org/apache/commons/commons-parent/91/commons-parent-91.pom
2026-09-20 13:26:02,570 [Worker-10: Building] INFO  o.e.m.c.i.e.AbstractTransferListenerAdapter - Downloaded https://repo.maven.apache.org/maven2/org/apache/commons/commons-parent/91/commons-parent-91.pom
2026-09-20 13:26:02,714 [Worker-10: Building] INFO  o.e.m.c.i.e.AbstractTransferListenerAdapter - Downloading https://repo.maven.apache.org/maven2/org/apache/maven/shared/file-management/3.2.0/file-management-3.2.0.jar
2026-09-20 13:26:02,720 [Worker-22: Download sources and javadoc] INFO  o.e.m.c.i.e.AbstractTransferListenerAdapter - Downloaded https://repo.maven.apache.org/maven2/com/mysql/mysql-connector-j/8.0.33/mysql-connector-j-8.0.33-sources.jar
2026-09-20 13:26:02,729 [Worker-10: Building] INFO  o.e.m.c.i.e.AbstractTransferListenerAdapter - Downloaded https://repo.maven.apache.org/maven2/org/apache/maven/shared/file-management/3.2.0/file-management-3.2.0.jar
2026-09-20 13:26:02,738 [Worker-22: Download sources and javadoc] INFO  o.e.m.j.internal.DownloadSourcesJob - Downloaded sources for com.mysql:mysql-connector-j:8.0.33
2026-09-20 13:26:02,782 [BasicRepositoryConnector-repo.maven.apache.org-3-0] INFO  o.e.m.c.i.e.AbstractTransferListenerAdapter - Downloading https://repo.maven.apache.org/maven2/org/apache/maven/maven-archiver/3.6.5/maven-archiver-3.6.5.jar
2026-09-20 13:26:02,789 [BasicRepositoryConnector-repo.maven.apache.org-3-3] INFO  o.e.m.c.i.e.AbstractTransferListenerAdapter - Downloading https://repo.maven.apache.org/maven2/org/codehaus/plexus/plexus-io/3.6.0/plexus-io-3.6.0.jar
2026-09-20 13:26:02,798 [BasicRepositoryConnector-repo.maven.apache.org-3-2] INFO  o.e.m.c.i.e.AbstractTransferListenerAdapter - Downloading https://repo.maven.apache.org/maven2/org/codehaus/plexus/plexus-archiver/4.10.4/plexus-archiver-4.10.4.jar
2026-09-20 13:26:02,798 [BasicRepositoryConnector-repo.maven.apache.org-3-1] INFO  o.e.m.c.i.e.AbstractTransferListenerAdapter - Downloading https://repo.maven.apache.org/maven2/org/codehaus/plexus/plexus-interpolation/1.28/plexus-interpolation-1.28.jar
2026-09-20 13:26:02,809 [BasicRepositoryConnector-repo.maven.apache.org-3-0] INFO  o.e.m.c.i.e.AbstractTransferListenerAdapter - Downloaded https://repo.maven.apache.org/maven2/org/apache/maven/maven-archiver/3.6.5/maven-archiver-3.6.5.jar
2026-09-20 13:26:02,811 [BasicRepositoryConnector-repo.maven.apache.org-3-3] INFO  o.e.m.c.i.e.AbstractTransferListenerAdapter - Downloaded https://repo.maven.apache.org/maven2/org/codehaus/plexus/plexus-io/3.6.0/plexus-io-3.6.0.jar
2026-09-20 13:26:02,822 [BasicRepositoryConnector-repo.maven.apache.org-3-4] INFO  o.e.m.c.i.e.AbstractTransferListenerAdapter - Downloading https://repo.maven.apache.org/maven2/org/apache/commons/commons-compress/1.28.0/commons-compress-1.28.0.jar
2026-09-20 13:26:02,849 [BasicRepositoryConnector-repo.maven.apache.org-3-1] INFO  o.e.m.c.i.e.AbstractTransferListenerAdapter - Downloaded https://repo.maven.apache.org/maven2/org/codehaus/plexus/plexus-interpolation/1.28/plexus-interpolation-1.28.jar
2026-09-20 13:26:02,866 [BasicRepositoryConnector-repo.maven.apache.org-3-3] INFO  o.e.m.c.i.e.AbstractTransferListenerAdapter - Downloading https://repo.maven.apache.org/maven2/org/apache/commons/commons-lang3/3.18.0/commons-lang3-3.18.0.jar
2026-09-20 13:26:02,881 [BasicRepositoryConnector-repo.maven.apache.org-3-0] INFO  o.e.m.c.i.e.AbstractTransferListenerAdapter - Downloading https://repo.maven.apache.org/maven2/commons-codec/commons-codec/1.19.0/commons-codec-1.19.0.jar
2026-09-20 13:26:02,894 [BasicRepositoryConnector-repo.maven.apache.org-3-2] INFO  o.e.m.c.i.e.AbstractTransferListenerAdapter - Downloaded https://repo.maven.apache.org/maven2/org/codehaus/plexus/plexus-archiver/4.10.4/plexus-archiver-4.10.4.jar
2026-09-20 13:26:02,952 [BasicRepositoryConnector-repo.maven.apache.org-3-1] INFO  o.e.m.c.i.e.AbstractTransferListenerAdapter - Downloading https://repo.maven.apache.org/maven2/io/airlift/aircompressor/0.27/aircompressor-0.27.jar
2026-09-20 13:26:02,960 [BasicRepositoryConnector-repo.maven.apache.org-3-0] INFO  o.e.m.c.i.e.AbstractTransferListenerAdapter - Downloaded https://repo.maven.apache.org/maven2/commons-codec/commons-codec/1.19.0/commons-codec-1.19.0.jar
2026-09-20 13:26:02,975 [Worker-22: Download sources and javadoc] INFO  o.e.m.c.i.e.AbstractTransferListenerAdapter - Downloading https://repo.maven.apache.org/maven2/com/google/protobuf/protobuf-java/3.21.9/protobuf-java-3.21.9-sources.jar
2026-09-20 13:26:03,004 [BasicRepositoryConnector-repo.maven.apache.org-3-2] INFO  o.e.m.c.i.e.AbstractTransferListenerAdapter - Downloading https://repo.maven.apache.org/maven2/org/tukaani/xz/1.10/xz-1.10.jar
2026-09-20 13:26:03,009 [BasicRepositoryConnector-repo.maven.apache.org-3-4] INFO  o.e.m.c.i.e.AbstractTransferListenerAdapter - Downloaded https://repo.maven.apache.org/maven2/org/apache/commons/commons-compress/1.28.0/commons-compress-1.28.0.jar
2026-09-20 13:26:03,031 [BasicRepositoryConnector-repo.maven.apache.org-3-2] INFO  o.e.m.c.i.e.AbstractTransferListenerAdapter - Downloaded https://repo.maven.apache.org/maven2/org/tukaani/xz/1.10/xz-1.10.jar
2026-09-20 13:26:03,041 [BasicRepositoryConnector-repo.maven.apache.org-3-0] INFO  o.e.m.c.i.e.AbstractTransferListenerAdapter - Downloading https://repo.maven.apache.org/maven2/com/github/luben/zstd-jni/1.5.7-6/zstd-jni-1.5.7-6.jar
2026-09-20 13:26:03,048 [BasicRepositoryConnector-repo.maven.apache.org-3-1] INFO  o.e.m.c.i.e.AbstractTransferListenerAdapter - Downloaded https://repo.maven.apache.org/maven2/io/airlift/aircompressor/0.27/aircompressor-0.27.jar
2026-09-20 13:26:03,077 [BasicRepositoryConnector-repo.maven.apache.org-3-4] INFO  o.e.m.c.i.e.AbstractTransferListenerAdapter - Downloading https://repo.maven.apache.org/maven2/commons-io/commons-io/2.21.0/commons-io-2.21.0.jar
2026-09-20 13:26:03,175 [BasicRepositoryConnector-repo.maven.apache.org-3-4] INFO  o.e.m.c.i.e.AbstractTransferListenerAdapter - Downloaded https://repo.maven.apache.org/maven2/commons-io/commons-io/2.21.0/commons-io-2.21.0.jar
2026-09-20 13:26:03,345 [BasicRepositoryConnector-repo.maven.apache.org-3-3] INFO  o.e.m.c.i.e.AbstractTransferListenerAdapter - Downloaded https://repo.maven.apache.org/maven2/org/apache/commons/commons-lang3/3.18.0/commons-lang3-3.18.0.jar
2026-09-20 13:26:03,474 [Worker-22: Download sources and javadoc] INFO  o.e.m.c.i.e.AbstractTransferListenerAdapter - Downloaded https://repo.maven.apache.org/maven2/com/google/protobuf/protobuf-java/3.21.9/protobuf-java-3.21.9-sources.jar
2026-09-20 13:26:03,498 [Worker-22: Download sources and javadoc] INFO  o.e.m.j.internal.DownloadSourcesJob - Downloaded sources for com.google.protobuf:protobuf-java:3.21.9
2026-09-20 13:26:03,891 [Worker-22: Download sources and javadoc] INFO  o.e.m.c.i.e.AbstractTransferListenerAdapter - Downloading https://repo.maven.apache.org/maven2/org/datanucleus/jakarta.persistence/3.1.1/jakarta.persistence-3.1.1-sources.jar
2026-09-20 13:26:04,024 [Worker-22: Download sources and javadoc] INFO  o.e.m.c.i.e.AbstractTransferListenerAdapter - Downloaded https://repo.maven.apache.org/maven2/org/datanucleus/jakarta.persistence/3.1.1/jakarta.persistence-3.1.1-sources.jar
2026-09-20 13:26:04,045 [Worker-22: Download sources and javadoc] INFO  o.e.m.j.internal.DownloadSourcesJob - Downloaded sources for org.datanucleus:jakarta.persistence:3.1.1
2026-09-20 13:26:04,135 [BasicRepositoryConnector-repo.maven.apache.org-3-0] INFO  o.e.m.c.i.e.AbstractTransferListenerAdapter - Downloaded https://repo.maven.apache.org/maven2/com/github/luben/zstd-jni/1.5.7-6/zstd-jni-1.5.7-6.jar
2026-09-20 13:26:04,960 [Worker-10: Building] WARN  o.apache.maven.project.MavenProject - Plugin is modifying compileSourceRoots through clear(), which will not work in Maven 4.0.0. Use MavenProject.addCompileSourceRoot()/removeCompileSourceRoot() methods instead. If using a plugin, please upgrade to the latest version or report the issue to the plugin maintainer. To disable these warnings, set -Dmaven.project.sourceRoots.warningsDisabled=true on the command line, in the .mvn/maven.config file, or in project POM properties.
2026-09-20 13:26:04,962 [Worker-10: Building] WARN  o.apache.maven.project.MavenProject - Plugin is modifying compileSourceRoots through add(), which will not work in Maven 4.0.0. Use MavenProject.addCompileSourceRoot()/removeCompileSourceRoot() methods instead. If using a plugin, please upgrade to the latest version or report the issue to the plugin maintainer. To disable these warnings, set -Dmaven.project.sourceRoots.warningsDisabled=true on the command line, in the .mvn/maven.config file, or in project POM properties.
2026-09-20 13:26:04,963 [Worker-10: Building] WARN  o.apache.maven.project.MavenProject - Plugin is modifying testCompileSourceRoots through clear(), which will not work in Maven 4.0.0. Use MavenProject.addTestCompileSourceRoot()/removeTestCompileSourceRoot() methods instead. If using a plugin, please upgrade to the latest version or report the issue to the plugin maintainer. To disable these warnings, set -Dmaven.project.sourceRoots.warningsDisabled=true on the command line, in the .mvn/maven.config file, or in project POM properties.
2026-09-20 13:26:04,964 [Worker-10: Building] WARN  o.apache.maven.project.MavenProject - Plugin is modifying testCompileSourceRoots through add(), which will not work in Maven 4.0.0. Use MavenProject.addTestCompileSourceRoot()/removeTestCompileSourceRoot() methods instead. If using a plugin, please upgrade to the latest version or report the issue to the plugin maintainer. To disable these warnings, set -Dmaven.project.sourceRoots.warningsDisabled=true on the command line, in the .mvn/maven.config file, or in project POM properties.
2026-09-20 13:26:05,976 [Worker-23: Build] INFO  o.a.m.s.f.DefaultMavenResourcesFiltering - Copying 1 resource from src\main\resources to target\classes
2026-09-20 13:26:06,002 [Worker-23: Build] INFO  o.a.m.s.f.DefaultMavenResourcesFiltering - Copying 0 resource from src\test\resources to target\test-classes
2026-09-20 13:26:06,069 [Worker-23: Build] WARN  o.apache.maven.project.MavenProject - Plugin is modifying compileSourceRoots through clear(), which will not work in Maven 4.0.0. Use MavenProject.addCompileSourceRoot()/removeCompileSourceRoot() methods instead. If using a plugin, please upgrade to the latest version or report the issue to the plugin maintainer. To disable these warnings, set -Dmaven.project.sourceRoots.warningsDisabled=true on the command line, in the .mvn/maven.config file, or in project POM properties.
2026-09-20 13:26:06,074 [Worker-23: Build] WARN  o.apache.maven.project.MavenProject - Plugin is modifying compileSourceRoots through add(), which will not work in Maven 4.0.0. Use MavenProject.addCompileSourceRoot()/removeCompileSourceRoot() methods instead. If using a plugin, please upgrade to the latest version or report the issue to the plugin maintainer. To disable these warnings, set -Dmaven.project.sourceRoots.warningsDisabled=true on the command line, in the .mvn/maven.config file, or in project POM properties.
2026-09-20 13:26:06,075 [Worker-23: Build] WARN  o.apache.maven.project.MavenProject - Plugin is modifying testCompileSourceRoots through clear(), which will not work in Maven 4.0.0. Use MavenProject.addTestCompileSourceRoot()/removeTestCompileSourceRoot() methods instead. If using a plugin, please upgrade to the latest version or report the issue to the plugin maintainer. To disable these warnings, set -Dmaven.project.sourceRoots.warningsDisabled=true on the command line, in the .mvn/maven.config file, or in project POM properties.
2026-09-20 13:26:06,076 [Worker-23: Build] WARN  o.apache.maven.project.MavenProject - Plugin is modifying testCompileSourceRoots through add(), which will not work in Maven 4.0.0. Use MavenProject.addTestCompileSourceRoot()/removeTestCompileSourceRoot() methods instead. If using a plugin, please upgrade to the latest version or report the issue to the plugin maintainer. To disable these warnings, set -Dmaven.project.sourceRoots.warningsDisabled=true on the command line, in the .mvn/maven.config file, or in project POM properties.
2026-09-20 13:26:06,534 [Worker-9: Updating Maven Project] INFO  o.e.m.c.i.p.ProjectConfigurationManager - Update started
2026-09-20 13:26:07,446 [Worker-9: Updating Maven Project] INFO  o.e.m.c.i.l.LifecycleMappingFactory - Using org.eclipse.m2e.jdt.JarLifecycleMapping lifecycle mapping for MavenProject: org.cibertec:LPII_Sesion04_MV_GIT:0.0.1-SNAPSHOT @ D:\Programacion\LP2\LPII_Sesi贸n_04 - Rec\LPII_Sesion04_MV_GIT\pom.xml.
2026-09-20 13:26:07,853 [Worker-9: Updating Maven Project] WARN  o.e.m.c.i.embedder.EclipseLogger - The artifact mysql:mysql-connector-java:jar:8.0.33 has been relocated to com.mysql:mysql-connector-j:jar:8.0.33: MySQL Connector/J artifacts moved to reverse-DNS compliant Maven 2+ coordinates.
2026-09-20 13:26:08,931 [Worker-9: Updating Maven Project] INFO  o.e.m.j.i.AbstractJavaProjectConfigurator - Adding source folder /LPII_Sesion04_MV_GIT/src/main/java
2026-09-20 13:26:08,938 [Worker-9: Updating Maven Project] INFO  o.e.m.j.i.AbstractJavaProjectConfigurator - Adding resource folder /LPII_Sesion04_MV_GIT/src/main/resources
2026-09-20 13:26:08,941 [Worker-9: Updating Maven Project] INFO  o.e.m.j.i.AbstractJavaProjectConfigurator - Adding source folder /LPII_Sesion04_MV_GIT/src/test/java
2026-09-20 13:26:08,944 [Worker-9: Updating Maven Project] INFO  o.e.m.j.i.AbstractJavaProjectConfigurator - Adding resource folder /LPII_Sesion04_MV_GIT/src/test/resources
2026-09-20 13:26:09,429 [Worker-9: Updating Maven Project] WARN  o.apache.maven.project.MavenProject - Plugin is modifying compileSourceRoots through clear(), which will not work in Maven 4.0.0. Use MavenProject.addCompileSourceRoot()/removeCompileSourceRoot() methods instead. If using a plugin, please upgrade to the latest version or report the issue to the plugin maintainer. To disable these warnings, set -Dmaven.project.sourceRoots.warningsDisabled=true on the command line, in the .mvn/maven.config file, or in project POM properties.
2026-09-20 13:26:09,431 [Worker-9: Updating Maven Project] WARN  o.apache.maven.project.MavenProject - Plugin is modifying compileSourceRoots through add(), which will not work in Maven 4.0.0. Use MavenProject.addCompileSourceRoot()/removeCompileSourceRoot() methods instead. If using a plugin, please upgrade to the latest version or report the issue to the plugin maintainer. To disable these warnings, set -Dmaven.project.sourceRoots.warningsDisabled=true on the command line, in the .mvn/maven.config file, or in project POM properties.
2026-09-20 13:26:09,432 [Worker-9: Updating Maven Project] WARN  o.apache.maven.project.MavenProject - Plugin is modifying testCompileSourceRoots through clear(), which will not work in Maven 4.0.0. Use MavenProject.addTestCompileSourceRoot()/removeTestCompileSourceRoot() methods instead. If using a plugin, please upgrade to the latest version or report the issue to the plugin maintainer. To disable these warnings, set -Dmaven.project.sourceRoots.warningsDisabled=true on the command line, in the .mvn/maven.config file, or in project POM properties.
2026-09-20 13:26:09,433 [Worker-9: Updating Maven Project] WARN  o.apache.maven.project.MavenProject - Plugin is modifying testCompileSourceRoots through add(), which will not work in Maven 4.0.0. Use MavenProject.addTestCompileSourceRoot()/removeTestCompileSourceRoot() methods instead. If using a plugin, please upgrade to the latest version or report the issue to the plugin maintainer. To disable these warnings, set -Dmaven.project.sourceRoots.warningsDisabled=true on the command line, in the .mvn/maven.config file, or in project POM properties.
2026-09-20 13:26:09,880 [Worker-9: Updating Maven Project] INFO  o.e.m.c.i.p.ProjectConfigurationManager - Update completed for 1 poms: local refresh takes 0.00 sec, refresh facades takes 1.00 sec, update config takes 1.00 sec 
2026-09-20 13:26:10,864 [Worker-18: Building] INFO  o.a.m.s.f.DefaultMavenResourcesFiltering - Copying 1 resource from src\main\resources to target\classes
2026-09-20 13:26:10,891 [Worker-18: Building] INFO  o.a.m.s.f.DefaultMavenResourcesFiltering - Copying 0 resource from src\test\resources to target\test-classes
2026-09-20 13:26:12,459 [Worker-18: Building] WARN  o.apache.maven.project.MavenProject - Plugin is modifying compileSourceRoots through clear(), which will not work in Maven 4.0.0. Use MavenProject.addCompileSourceRoot()/removeCompileSourceRoot() methods instead. If using a plugin, please upgrade to the latest version or report the issue to the plugin maintainer. To disable these warnings, set -Dmaven.project.sourceRoots.warningsDisabled=true on the command line, in the .mvn/maven.config file, or in project POM properties.
2026-09-20 13:26:12,461 [Worker-18: Building] WARN  o.apache.maven.project.MavenProject - Plugin is modifying compileSourceRoots through add(), which will not work in Maven 4.0.0. Use MavenProject.addCompileSourceRoot()/removeCompileSourceRoot() methods instead. If using a plugin, please upgrade to the latest version or report the issue to the plugin maintainer. To disable these warnings, set -Dmaven.project.sourceRoots.warningsDisabled=true on the command line, in the .mvn/maven.config file, or in project POM properties.
2026-09-20 13:26:12,463 [Worker-18: Building] WARN  o.apache.maven.project.MavenProject - Plugin is modifying testCompileSourceRoots through clear(), which will not work in Maven 4.0.0. Use MavenProject.addTestCompileSourceRoot()/removeTestCompileSourceRoot() methods instead. If using a plugin, please upgrade to the latest version or report the issue to the plugin maintainer. To disable these warnings, set -Dmaven.project.sourceRoots.warningsDisabled=true on the command line, in the .mvn/maven.config file, or in project POM properties.
2026-09-20 13:26:12,464 [Worker-18: Building] WARN  o.apache.maven.project.MavenProject - Plugin is modifying testCompileSourceRoots through add(), which will not work in Maven 4.0.0. Use MavenProject.addTestCompileSourceRoot()/removeTestCompileSourceRoot() methods instead. If using a plugin, please upgrade to the latest version or report the issue to the plugin maintainer. To disable these warnings, set -Dmaven.project.sourceRoots.warningsDisabled=true on the command line, in the .mvn/maven.config file, or in project POM properties.
2026-09-20 13:27:46,779 [Worker-5: Loading available Gradle versions] INFO  o.e.b.c.i.u.g.PublishedGradleVersions - Gradle version information cache is up-to-date. Trying to read.
2026-09-20 13:55:57,408 [Worker-3: Loading available Gradle versions] INFO  o.e.b.c.i.u.g.PublishedGradleVersions - Gradle version information cache is up-to-date. Trying to read.
2026-09-20 13:56:17,420 [Worker-2: Build] WARN  o.e.m.c.i.embedder.EclipseLogger - The artifact mysql:mysql-connector-java:jar:8.0.33 has been relocated to com.mysql:mysql-connector-j:jar:8.0.33: MySQL Connector/J artifacts moved to reverse-DNS compliant Maven 2+ coordinates.
2026-09-20 13:56:18,420 [Worker-2: Build] INFO  o.a.m.s.f.DefaultMavenResourcesFiltering - Copying 1 resource from src\main\resources to target\classes
2026-09-20 13:56:18,459 [Worker-2: Build] INFO  o.a.m.s.f.DefaultMavenResourcesFiltering - Copying 0 resource from src\test\resources to target\test-classes
2026-09-20 13:56:19,887 [Worker-2: Build] WARN  o.apache.maven.project.MavenProject - Plugin is modifying compileSourceRoots through clear(), which will not work in Maven 4.0.0. Use MavenProject.addCompileSourceRoot()/removeCompileSourceRoot() methods instead. If using a plugin, please upgrade to the latest version or report the issue to the plugin maintainer. To disable these warnings, set -Dmaven.project.sourceRoots.warningsDisabled=true on the command line, in the .mvn/maven.config file, or in project POM properties.
2026-09-20 13:56:19,888 [Worker-2: Build] WARN  o.apache.maven.project.MavenProject - Plugin is modifying compileSourceRoots through add(), which will not work in Maven 4.0.0. Use MavenProject.addCompileSourceRoot()/removeCompileSourceRoot() methods instead. If using a plugin, please upgrade to the latest version or report the issue to the plugin maintainer. To disable these warnings, set -Dmaven.project.sourceRoots.warningsDisabled=true on the command line, in the .mvn/maven.config file, or in project POM properties.
2026-09-20 13:56:19,891 [Worker-2: Build] WARN  o.apache.maven.project.MavenProject - Plugin is modifying testCompileSourceRoots through clear(), which will not work in Maven 4.0.0. Use MavenProject.addTestCompileSourceRoot()/removeTestCompileSourceRoot() methods instead. If using a plugin, please upgrade to the latest version or report the issue to the plugin maintainer. To disable these warnings, set -Dmaven.project.sourceRoots.warningsDisabled=true on the command line, in the .mvn/maven.config file, or in project POM properties.
2026-09-20 13:56:19,892 [Worker-2: Build] WARN  o.apache.maven.project.MavenProject - Plugin is modifying testCompileSourceRoots through add(), which will not work in Maven 4.0.0. Use MavenProject.addTestCompileSourceRoot()/removeTestCompileSourceRoot() methods instead. If using a plugin, please upgrade to the latest version or report the issue to the plugin maintainer. To disable these warnings, set -Dmaven.project.sourceRoots.warningsDisabled=true on the command line, in the .mvn/maven.config file, or in project POM properties.
2026-09-20 16:34:10,582 [Worker-39: Building] INFO  o.a.m.s.f.DefaultMavenResourcesFiltering - Copying 0 resource from src\main\resources to target\classes
2026-09-20 16:34:10,588 [Worker-39: Building] INFO  o.a.m.s.f.DefaultMavenResourcesFiltering - Copying 0 resource from src\test\resources to target\test-classes
2026-09-20 16:34:10,591 [Worker-39: Building] WARN  o.apache.maven.project.MavenProject - Plugin is modifying compileSourceRoots through clear(), which will not work in Maven 4.0.0. Use MavenProject.addCompileSourceRoot()/removeCompileSourceRoot() methods instead. If using a plugin, please upgrade to the latest version or report the issue to the plugin maintainer. To disable these warnings, set -Dmaven.project.sourceRoots.warningsDisabled=true on the command line, in the .mvn/maven.config file, or in project POM properties.
2026-09-20 16:34:10,594 [Worker-39: Building] WARN  o.apache.maven.project.MavenProject - Plugin is modifying compileSourceRoots through add(), which will not work in Maven 4.0.0. Use MavenProject.addCompileSourceRoot()/removeCompileSourceRoot() methods instead. If using a plugin, please upgrade to the latest version or report the issue to the plugin maintainer. To disable these warnings, set -Dmaven.project.sourceRoots.warningsDisabled=true on the command line, in the .mvn/maven.config file, or in project POM properties.
2026-09-20 16:34:10,595 [Worker-39: Building] WARN  o.apache.maven.project.MavenProject - Plugin is modifying testCompileSourceRoots through clear(), which will not work in Maven 4.0.0. Use MavenProject.addTestCompileSourceRoot()/removeTestCompileSourceRoot() methods instead. If using a plugin, please upgrade to the latest version or report the issue to the plugin maintainer. To disable these warnings, set -Dmaven.project.sourceRoots.warningsDisabled=true on the command line, in the .mvn/maven.config file, or in project POM properties.
2026-09-20 16:34:10,595 [Worker-39: Building] WARN  o.apache.maven.project.MavenProject - Plugin is modifying testCompileSourceRoots through add(), which will not work in Maven 4.0.0. Use MavenProject.addTestCompileSourceRoot()/removeTestCompileSourceRoot() methods instead. If using a plugin, please upgrade to the latest version or report the issue to the plugin maintainer. To disable these warnings, set -Dmaven.project.sourceRoots.warningsDisabled=true on the command line, in the .mvn/maven.config file, or in project POM properties.
2026-09-20 16:45:20,164 [Worker-2: Loading available Gradle versions] INFO  o.e.b.c.i.u.g.PublishedGradleVersions - Gradle version information cache is up-to-date. Trying to read.
2026-09-20 16:45:21,181 [Worker-3: reload maven project] WARN  o.e.m.c.i.embedder.EclipseLogger - The artifact mysql:mysql-connector-java:jar:8.0.33 has been relocated to com.mysql:mysql-connector-j:jar:8.0.33: MySQL Connector/J artifacts moved to reverse-DNS compliant Maven 2+ coordinates.
2026-09-20 16:46:38,591 [Worker-2: Updating Maven Project] INFO  o.e.m.c.i.p.ProjectConfigurationManager - Update started
2026-09-20 16:46:39,126 [Worker-2: Updating Maven Project] INFO  o.e.m.c.i.l.LifecycleMappingFactory - Using org.eclipse.m2e.jdt.JarLifecycleMapping lifecycle mapping for MavenProject: org.cibertec:LPII_Sesion04_MV_GIT:0.0.1-SNAPSHOT @ D:\Programacion\LP2\LPII_Sesi贸n_04 - Rec\LPII_Sesion04_MV_GIT\pom.xml.
2026-09-20 16:46:39,300 [Worker-2: Updating Maven Project] WARN  o.e.m.c.i.embedder.EclipseLogger - The artifact mysql:mysql-connector-java:jar:8.0.33 has been relocated to com.mysql:mysql-connector-j:jar:8.0.33: MySQL Connector/J artifacts moved to reverse-DNS compliant Maven 2+ coordinates.
2026-09-20 16:46:39,776 [Worker-2: Updating Maven Project] INFO  o.e.m.j.i.AbstractJavaProjectConfigurator - Adding source folder /LPII_Sesion04_MV_GIT/src/main/java
2026-09-20 16:46:39,779 [Worker-2: Updating Maven Project] INFO  o.e.m.j.i.AbstractJavaProjectConfigurator - Adding resource folder /LPII_Sesion04_MV_GIT/src/main/resources
2026-09-20 16:46:39,781 [Worker-2: Updating Maven Project] INFO  o.e.m.j.i.AbstractJavaProjectConfigurator - Adding source folder /LPII_Sesion04_MV_GIT/src/test/java
2026-09-20 16:46:39,782 [Worker-2: Updating Maven Project] INFO  o.e.m.j.i.AbstractJavaProjectConfigurator - Adding resource folder /LPII_Sesion04_MV_GIT/src/test/resources
2026-09-20 16:46:40,075 [Worker-2: Updating Maven Project] WARN  o.apache.maven.project.MavenProject - Plugin is modifying compileSourceRoots through clear(), which will not work in Maven 4.0.0. Use MavenProject.addCompileSourceRoot()/removeCompileSourceRoot() methods instead. If using a plugin, please upgrade to the latest version or report the issue to the plugin maintainer. To disable these warnings, set -Dmaven.project.sourceRoots.warningsDisabled=true on the command line, in the .mvn/maven.config file, or in project POM properties.
2026-09-20 16:46:40,076 [Worker-2: Updating Maven Project] WARN  o.apache.maven.project.MavenProject - Plugin is modifying compileSourceRoots through add(), which will not work in Maven 4.0.0. Use MavenProject.addCompileSourceRoot()/removeCompileSourceRoot() methods instead. If using a plugin, please upgrade to the latest version or report the issue to the plugin maintainer. To disable these warnings, set -Dmaven.project.sourceRoots.warningsDisabled=true on the command line, in the .mvn/maven.config file, or in project POM properties.
2026-09-20 16:46:40,077 [Worker-2: Updating Maven Project] WARN  o.apache.maven.project.MavenProject - Plugin is modifying testCompileSourceRoots through clear(), which will not work in Maven 4.0.0. Use MavenProject.addTestCompileSourceRoot()/removeTestCompileSourceRoot() methods instead. If using a plugin, please upgrade to the latest version or report the issue to the plugin maintainer. To disable these warnings, set -Dmaven.project.sourceRoots.warningsDisabled=true on the command line, in the .mvn/maven.config file, or in project POM properties.
2026-09-20 16:46:40,077 [Worker-2: Updating Maven Project] WARN  o.apache.maven.project.MavenProject - Plugin is modifying testCompileSourceRoots through add(), which will not work in Maven 4.0.0. Use MavenProject.addTestCompileSourceRoot()/removeTestCompileSourceRoot() methods instead. If using a plugin, please upgrade to the latest version or report the issue to the plugin maintainer. To disable these warnings, set -Dmaven.project.sourceRoots.warningsDisabled=true on the command line, in the .mvn/maven.config file, or in project POM properties.
2026-09-20 16:46:40,677 [Worker-2: Updating Maven Project] INFO  o.e.m.c.i.p.ProjectConfigurationManager - Update completed for 1 poms: local refresh takes 0.00 sec, refresh facades takes 0.00 sec, update config takes 0.00 sec 
2026-09-20 16:46:41,836 [Worker-21: Building] INFO  o.a.m.s.f.DefaultMavenResourcesFiltering - Copying 1 resource from src\main\resources to target\classes
2026-09-20 16:46:41,846 [Worker-21: Building] INFO  o.a.m.s.f.DefaultMavenResourcesFiltering - Copying 0 resource from src\test\resources to target\test-classes
2026-09-20 16:46:42,537 [Worker-21: Building] WARN  o.apache.maven.project.MavenProject - Plugin is modifying compileSourceRoots through clear(), which will not work in Maven 4.0.0. Use MavenProject.addCompileSourceRoot()/removeCompileSourceRoot() methods instead. If using a plugin, please upgrade to the latest version or report the issue to the plugin maintainer. To disable these warnings, set -Dmaven.project.sourceRoots.warningsDisabled=true on the command line, in the .mvn/maven.config file, or in project POM properties.
2026-09-20 16:46:42,538 [Worker-21: Building] WARN  o.apache.maven.project.MavenProject - Plugin is modifying compileSourceRoots through add(), which will not work in Maven 4.0.0. Use MavenProject.addCompileSourceRoot()/removeCompileSourceRoot() methods instead. If using a plugin, please upgrade to the latest version or report the issue to the plugin maintainer. To disable these warnings, set -Dmaven.project.sourceRoots.warningsDisabled=true on the command line, in the .mvn/maven.config file, or in project POM properties.
2026-09-20 16:46:42,539 [Worker-21: Building] WARN  o.apache.maven.project.MavenProject - Plugin is modifying testCompileSourceRoots through clear(), which will not work in Maven 4.0.0. Use MavenProject.addTestCompileSourceRoot()/removeTestCompileSourceRoot() methods instead. If using a plugin, please upgrade to the latest version or report the issue to the plugin maintainer. To disable these warnings, set -Dmaven.project.sourceRoots.warningsDisabled=true on the command line, in the .mvn/maven.config file, or in project POM properties.
2026-09-20 16:46:42,539 [Worker-21: Building] WARN  o.apache.maven.project.MavenProject - Plugin is modifying testCompileSourceRoots through add(), which will not work in Maven 4.0.0. Use MavenProject.addTestCompileSourceRoot()/removeTestCompileSourceRoot() methods instead. If using a plugin, please upgrade to the latest version or report the issue to the plugin maintainer. To disable these warnings, set -Dmaven.project.sourceRoots.warningsDisabled=true on the command line, in the .mvn/maven.config file, or in project POM properties.
2026-09-20 16:47:22,031 [Worker-22: Updating Maven Project] INFO  o.e.m.c.i.p.ProjectConfigurationManager - Update started
2026-09-20 16:47:22,324 [Worker-22: Updating Maven Project] INFO  o.e.m.c.i.l.LifecycleMappingFactory - Using org.eclipse.m2e.jdt.JarLifecycleMapping lifecycle mapping for MavenProject: org.cibertec:LPII_Sesion04_MV_GIT:0.0.1-SNAPSHOT @ D:\Programacion\LP2\LPII_Sesi贸n_04 - Rec\LPII_Sesion04_MV_GIT\pom.xml.
2026-09-20 16:47:22,467 [Worker-22: Updating Maven Project] WARN  o.e.m.c.i.embedder.EclipseLogger - The artifact mysql:mysql-connector-java:jar:8.0.33 has been relocated to com.mysql:mysql-connector-j:jar:8.0.33: MySQL Connector/J artifacts moved to reverse-DNS compliant Maven 2+ coordinates.
2026-09-20 16:47:22,831 [Worker-22: Updating Maven Project] INFO  o.e.m.j.i.AbstractJavaProjectConfigurator - Adding source folder /LPII_Sesion04_MV_GIT/src/main/java
2026-09-20 16:47:22,832 [Worker-22: Updating Maven Project] INFO  o.e.m.j.i.AbstractJavaProjectConfigurator - Adding resource folder /LPII_Sesion04_MV_GIT/src/main/resources
2026-09-20 16:47:22,833 [Worker-22: Updating Maven Project] INFO  o.e.m.j.i.AbstractJavaProjectConfigurator - Adding source folder /LPII_Sesion04_MV_GIT/src/test/java
2026-09-20 16:47:22,834 [Worker-22: Updating Maven Project] INFO  o.e.m.j.i.AbstractJavaProjectConfigurator - Adding resource folder /LPII_Sesion04_MV_GIT/src/test/resources
2026-09-20 16:47:23,030 [Worker-22: Updating Maven Project] WARN  o.apache.maven.project.MavenProject - Plugin is modifying compileSourceRoots through clear(), which will not work in Maven 4.0.0. Use MavenProject.addCompileSourceRoot()/removeCompileSourceRoot() methods instead. If using a plugin, please upgrade to the latest version or report the issue to the plugin maintainer. To disable these warnings, set -Dmaven.project.sourceRoots.warningsDisabled=true on the command line, in the .mvn/maven.config file, or in project POM properties.
2026-09-20 16:47:23,031 [Worker-22: Updating Maven Project] WARN  o.apache.maven.project.MavenProject - Plugin is modifying compileSourceRoots through add(), which will not work in Maven 4.0.0. Use MavenProject.addCompileSourceRoot()/removeCompileSourceRoot() methods instead. If using a plugin, please upgrade to the latest version or report the issue to the plugin maintainer. To disable these warnings, set -Dmaven.project.sourceRoots.warningsDisabled=true on the command line, in the .mvn/maven.config file, or in project POM properties.
2026-09-20 16:47:23,032 [Worker-22: Updating Maven Project] WARN  o.apache.maven.project.MavenProject - Plugin is modifying testCompileSourceRoots through clear(), which will not work in Maven 4.0.0. Use MavenProject.addTestCompileSourceRoot()/removeTestCompileSourceRoot() methods instead. If using a plugin, please upgrade to the latest version or report the issue to the plugin maintainer. To disable these warnings, set -Dmaven.project.sourceRoots.warningsDisabled=true on the command line, in the .mvn/maven.config file, or in project POM properties.
2026-09-20 16:47:23,033 [Worker-22: Updating Maven Project] WARN  o.apache.maven.project.MavenProject - Plugin is modifying testCompileSourceRoots through add(), which will not work in Maven 4.0.0. Use MavenProject.addTestCompileSourceRoot()/removeTestCompileSourceRoot() methods instead. If using a plugin, please upgrade to the latest version or report the issue to the plugin maintainer. To disable these warnings, set -Dmaven.project.sourceRoots.warningsDisabled=true on the command line, in the .mvn/maven.config file, or in project POM properties.
2026-09-20 16:47:23,130 [Worker-22: Updating Maven Project] INFO  o.e.m.c.i.p.ProjectConfigurationManager - Update completed for 1 poms: local refresh takes 0.00 sec, refresh facades takes 0.00 sec, update config takes 0.00 sec 
2026-09-20 16:47:23,874 [Worker-16: Building] INFO  o.a.m.s.f.DefaultMavenResourcesFiltering - Copying 1 resource from src\main\resources to target\classes
2026-09-20 16:47:23,885 [Worker-16: Building] INFO  o.a.m.s.f.DefaultMavenResourcesFiltering - Copying 0 resource from src\test\resources to target\test-classes
2026-09-20 16:47:24,339 [Worker-16: Building] WARN  o.apache.maven.project.MavenProject - Plugin is modifying compileSourceRoots through clear(), which will not work in Maven 4.0.0. Use MavenProject.addCompileSourceRoot()/removeCompileSourceRoot() methods instead. If using a plugin, please upgrade to the latest version or report the issue to the plugin maintainer. To disable these warnings, set -Dmaven.project.sourceRoots.warningsDisabled=true on the command line, in the .mvn/maven.config file, or in project POM properties.
2026-09-20 16:47:24,339 [Worker-16: Building] WARN  o.apache.maven.project.MavenProject - Plugin is modifying compileSourceRoots through add(), which will not work in Maven 4.0.0. Use MavenProject.addCompileSourceRoot()/removeCompileSourceRoot() methods instead. If using a plugin, please upgrade to the latest version or report the issue to the plugin maintainer. To disable these warnings, set -Dmaven.project.sourceRoots.warningsDisabled=true on the command line, in the .mvn/maven.config file, or in project POM properties.
2026-09-20 16:47:24,340 [Worker-16: Building] WARN  o.apache.maven.project.MavenProject - Plugin is modifying testCompileSourceRoots through clear(), which will not work in Maven 4.0.0. Use MavenProject.addTestCompileSourceRoot()/removeTestCompileSourceRoot() methods instead. If using a plugin, please upgrade to the latest version or report the issue to the plugin maintainer. To disable these warnings, set -Dmaven.project.sourceRoots.warningsDisabled=true on the command line, in the .mvn/maven.config file, or in project POM properties.
2026-09-20 16:47:24,341 [Worker-16: Building] WARN  o.apache.maven.project.MavenProject - Plugin is modifying testCompileSourceRoots through add(), which will not work in Maven 4.0.0. Use MavenProject.addTestCompileSourceRoot()/removeTestCompileSourceRoot() methods instead. If using a plugin, please upgrade to the latest version or report the issue to the plugin maintainer. To disable these warnings, set -Dmaven.project.sourceRoots.warningsDisabled=true on the command line, in the .mvn/maven.config file, or in project POM properties.
2026-09-20 17:11:21,068 [Worker-1: Loading available Gradle versions] INFO  o.e.b.c.i.u.g.PublishedGradleVersions - Gradle version information cache is up-to-date. Trying to read.
2026-09-20 17:14:07,814 [Worker-3: Loading available Gradle versions] INFO  o.e.b.c.i.u.g.PublishedGradleVersions - Gradle version information cache is up-to-date. Trying to read.
2026-09-20 17:37:11,507 [Worker-29: reload maven project] WARN  o.e.m.c.i.embedder.EclipseLogger - The artifact mysql:mysql-connector-java:jar:8.0.33 has been relocated to com.mysql:mysql-connector-j:jar:8.0.33: MySQL Connector/J artifacts moved to reverse-DNS compliant Maven 2+ coordinates.
2026-09-20 17:41:51,804 [main] INFO  o.e.m2e.actions.ExecutePomAction - Creating new launch configuration
2026-09-20 17:42:00,295 [Worker-34: Launching LPII_Sesion04_MV_GIT] INFO  o.eclipse.m2e.core.internal.Bundles - getClasspathEntries(Bundle=org.eclipse.m2e.maven.runtime_3.9.1601.20260722-2149 [306])
2026-09-20 17:42:00,297 [Worker-34: Launching LPII_Sesion04_MV_GIT] INFO  o.eclipse.m2e.core.internal.Bundles - 	Entry: C:\Users\bryan\.p2\pool\plugins\org.eclipse.m2e.maven.runtime_3.9.1601.20260722-2149
2026-09-20 17:42:00,297 [Worker-34: Launching LPII_Sesion04_MV_GIT] INFO  o.eclipse.m2e.core.internal.Bundles - 	Entry: C:\Users\bryan\.p2\pool\plugins\org.eclipse.m2e.maven.runtime_3.9.1601.20260722-2149\jars\aopalliance-1.0.jar
2026-09-20 17:42:00,298 [Worker-34: Launching LPII_Sesion04_MV_GIT] INFO  o.eclipse.m2e.core.internal.Bundles - 	Entry: C:\Users\bryan\.p2\pool\plugins\org.eclipse.m2e.maven.runtime_3.9.1601.20260722-2149\jars\asm-9.9.1.jar
2026-09-20 17:42:00,298 [Worker-34: Launching LPII_Sesion04_MV_GIT] INFO  o.eclipse.m2e.core.internal.Bundles - 	Entry: C:\Users\bryan\.p2\pool\plugins\org.eclipse.m2e.maven.runtime_3.9.1601.20260722-2149\jars\error_prone_annotations-2.41.0.jar
2026-09-20 17:42:00,298 [Worker-34: Launching LPII_Sesion04_MV_GIT] INFO  o.eclipse.m2e.core.internal.Bundles - 	Entry: C:\Users\bryan\.p2\pool\plugins\org.eclipse.m2e.maven.runtime_3.9.1601.20260722-2149\jars\gson-2.13.2.jar
2026-09-20 17:42:00,299 [Worker-34: Launching LPII_Sesion04_MV_GIT] INFO  o.eclipse.m2e.core.internal.Bundles - 	Entry: C:\Users\bryan\.p2\pool\plugins\org.eclipse.m2e.maven.runtime_3.9.1601.20260722-2149\jars\guice-5.1.0-classes.jar
2026-09-20 17:42:00,299 [Worker-34: Launching LPII_Sesion04_MV_GIT] INFO  o.eclipse.m2e.core.internal.Bundles - 	Entry: C:\Users\bryan\.p2\pool\plugins\org.eclipse.m2e.maven.runtime_3.9.1601.20260722-2149\jars\httpclient-4.5.14.jar
2026-09-20 17:42:00,299 [Worker-34: Launching LPII_Sesion04_MV_GIT] INFO  o.eclipse.m2e.core.internal.Bundles - 	Entry: C:\Users\bryan\.p2\pool\plugins\org.eclipse.m2e.maven.runtime_3.9.1601.20260722-2149\jars\httpcore-4.4.16.jar
2026-09-20 17:42:00,299 [Worker-34: Launching LPII_Sesion04_MV_GIT] INFO  o.eclipse.m2e.core.internal.Bundles - 	Entry: C:\Users\bryan\.p2\pool\plugins\org.eclipse.m2e.maven.runtime_3.9.1601.20260722-2149\jars\jansi-2.4.3.jar
2026-09-20 17:42:00,300 [Worker-34: Launching LPII_Sesion04_MV_GIT] INFO  o.eclipse.m2e.core.internal.Bundles - 	Entry: C:\Users\bryan\.p2\pool\plugins\org.eclipse.m2e.maven.runtime_3.9.1601.20260722-2149\jars\jcl-over-slf4j-2.0.18.jar
2026-09-20 17:42:00,300 [Worker-34: Launching LPII_Sesion04_MV_GIT] INFO  o.eclipse.m2e.core.internal.Bundles - 	Entry: C:\Users\bryan\.p2\pool\plugins\org.eclipse.m2e.maven.runtime_3.9.1601.20260722-2149\jars\maven-artifact-3.9.16.jar
2026-09-20 17:42:00,301 [Worker-34: Launching LPII_Sesion04_MV_GIT] INFO  o.eclipse.m2e.core.internal.Bundles - 	Entry: C:\Users\bryan\.p2\pool\plugins\org.eclipse.m2e.maven.runtime_3.9.1601.20260722-2149\jars\maven-builder-support-3.9.16.jar
2026-09-20 17:42:00,301 [Worker-34: Launching LPII_Sesion04_MV_GIT] INFO  o.eclipse.m2e.core.internal.Bundles - 	Entry: C:\Users\bryan\.p2\pool\plugins\org.eclipse.m2e.maven.runtime_3.9.1601.20260722-2149\jars\maven-compat-3.9.16.jar
2026-09-20 17:42:00,301 [Worker-34: Launching LPII_Sesion04_MV_GIT] INFO  o.eclipse.m2e.core.internal.Bundles - 	Entry: C:\Users\bryan\.p2\pool\plugins\org.eclipse.m2e.maven.runtime_3.9.1601.20260722-2149\jars\maven-core-3.9.16.jar
2026-09-20 17:42:00,301 [Worker-34: Launching LPII_Sesion04_MV_GIT] INFO  o.eclipse.m2e.core.internal.Bundles - 	Entry: C:\Users\bryan\.p2\pool\plugins\org.eclipse.m2e.maven.runtime_3.9.1601.20260722-2149\jars\maven-embedder-3.9.16.jar
2026-09-20 17:42:00,302 [Worker-34: Launching LPII_Sesion04_MV_GIT] INFO  o.eclipse.m2e.core.internal.Bundles - 	Entry: C:\Users\bryan\.p2\pool\plugins\org.eclipse.m2e.maven.runtime_3.9.1601.20260722-2149\jars\maven-model-3.9.16.jar
2026-09-20 17:42:00,302 [Worker-34: Launching LPII_Sesion04_MV_GIT] INFO  o.eclipse.m2e.core.internal.Bundles - 	Entry: C:\Users\bryan\.p2\pool\plugins\org.eclipse.m2e.maven.runtime_3.9.1601.20260722-2149\jars\maven-model-builder-3.9.16.jar
2026-09-20 17:42:00,302 [Worker-34: Launching LPII_Sesion04_MV_GIT] INFO  o.eclipse.m2e.core.internal.Bundles - 	Entry: C:\Users\bryan\.p2\pool\plugins\org.eclipse.m2e.maven.runtime_3.9.1601.20260722-2149\jars\maven-plugin-api-3.9.16.jar
2026-09-20 17:42:00,303 [Worker-34: Launching LPII_Sesion04_MV_GIT] INFO  o.eclipse.m2e.core.internal.Bundles - 	Entry: C:\Users\bryan\.p2\pool\plugins\org.eclipse.m2e.maven.runtime_3.9.1601.20260722-2149\jars\maven-repository-metadata-3.9.16.jar
2026-09-20 17:42:00,303 [Worker-34: Launching LPII_Sesion04_MV_GIT] INFO  o.eclipse.m2e.core.internal.Bundles - 	Entry: C:\Users\bryan\.p2\pool\plugins\org.eclipse.m2e.maven.runtime_3.9.1601.20260722-2149\jars\maven-resolver-api-1.9.27.jar
2026-09-20 17:42:00,303 [Worker-34: Launching LPII_Sesion04_MV_GIT] INFO  o.eclipse.m2e.core.internal.Bundles - 	Entry: C:\Users\bryan\.p2\pool\plugins\org.eclipse.m2e.maven.runtime_3.9.1601.20260722-2149\jars\maven-resolver-connector-basic-1.9.27.jar
2026-09-20 17:42:00,304 [Worker-34: Launching LPII_Sesion04_MV_GIT] INFO  o.eclipse.m2e.core.internal.Bundles - 	Entry: C:\Users\bryan\.p2\pool\plugins\org.eclipse.m2e.maven.runtime_3.9.1601.20260722-2149\jars\maven-resolver-impl-1.9.27.jar
2026-09-20 17:42:00,304 [Worker-34: Launching LPII_Sesion04_MV_GIT] INFO  o.eclipse.m2e.core.internal.Bundles - 	Entry: C:\Users\bryan\.p2\pool\plugins\org.eclipse.m2e.maven.runtime_3.9.1601.20260722-2149\jars\maven-resolver-named-locks-1.9.27.jar
2026-09-20 17:42:00,304 [Worker-34: Launching LPII_Sesion04_MV_GIT] INFO  o.eclipse.m2e.core.internal.Bundles - 	Entry: C:\Users\bryan\.p2\pool\plugins\org.eclipse.m2e.maven.runtime_3.9.1601.20260722-2149\jars\maven-resolver-provider-3.9.16.jar
2026-09-20 17:42:00,305 [Worker-34: Launching LPII_Sesion04_MV_GIT] INFO  o.eclipse.m2e.core.internal.Bundles - 	Entry: C:\Users\bryan\.p2\pool\plugins\org.eclipse.m2e.maven.runtime_3.9.1601.20260722-2149\jars\maven-resolver-spi-1.9.27.jar
2026-09-20 17:42:00,305 [Worker-34: Launching LPII_Sesion04_MV_GIT] INFO  o.eclipse.m2e.core.internal.Bundles - 	Entry: C:\Users\bryan\.p2\pool\plugins\org.eclipse.m2e.maven.runtime_3.9.1601.20260722-2149\jars\maven-resolver-transport-file-1.9.27.jar
2026-09-20 17:42:00,305 [Worker-34: Launching LPII_Sesion04_MV_GIT] INFO  o.eclipse.m2e.core.internal.Bundles - 	Entry: C:\Users\bryan\.p2\pool\plugins\org.eclipse.m2e.maven.runtime_3.9.1601.20260722-2149\jars\maven-resolver-transport-http-1.9.27.jar
2026-09-20 17:42:00,305 [Worker-34: Launching LPII_Sesion04_MV_GIT] INFO  o.eclipse.m2e.core.internal.Bundles - 	Entry: C:\Users\bryan\.p2\pool\plugins\org.eclipse.m2e.maven.runtime_3.9.1601.20260722-2149\jars\maven-resolver-transport-wagon-1.9.27.jar
2026-09-20 17:42:00,306 [Worker-34: Launching LPII_Sesion04_MV_GIT] INFO  o.eclipse.m2e.core.internal.Bundles - 	Entry: C:\Users\bryan\.p2\pool\plugins\org.eclipse.m2e.maven.runtime_3.9.1601.20260722-2149\jars\maven-resolver-util-1.9.27.jar
2026-09-20 17:42:00,306 [Worker-34: Launching LPII_Sesion04_MV_GIT] INFO  o.eclipse.m2e.core.internal.Bundles - 	Entry: C:\Users\bryan\.p2\pool\plugins\org.eclipse.m2e.maven.runtime_3.9.1601.20260722-2149\jars\maven-settings-3.9.16.jar
2026-09-20 17:42:00,306 [Worker-34: Launching LPII_Sesion04_MV_GIT] INFO  o.eclipse.m2e.core.internal.Bundles - 	Entry: C:\Users\bryan\.p2\pool\plugins\org.eclipse.m2e.maven.runtime_3.9.1601.20260722-2149\jars\maven-settings-builder-3.9.16.jar
2026-09-20 17:42:00,307 [Worker-34: Launching LPII_Sesion04_MV_GIT] INFO  o.eclipse.m2e.core.internal.Bundles - 	Entry: C:\Users\bryan\.p2\pool\plugins\org.eclipse.m2e.maven.runtime_3.9.1601.20260722-2149\jars\maven-shared-utils-3.4.2.jar
2026-09-20 17:42:00,307 [Worker-34: Launching LPII_Sesion04_MV_GIT] INFO  o.eclipse.m2e.core.internal.Bundles - 	Entry: C:\Users\bryan\.p2\pool\plugins\org.eclipse.m2e.maven.runtime_3.9.1601.20260722-2149\jars\org.eclipse.sisu.inject-1.0.0.jar
2026-09-20 17:42:00,308 [Worker-34: Launching LPII_Sesion04_MV_GIT] INFO  o.eclipse.m2e.core.internal.Bundles - 	Entry: C:\Users\bryan\.p2\pool\plugins\org.eclipse.m2e.maven.runtime_3.9.1601.20260722-2149\jars\org.eclipse.sisu.plexus-1.0.0.jar
2026-09-20 17:42:00,308 [Worker-34: Launching LPII_Sesion04_MV_GIT] INFO  o.eclipse.m2e.core.internal.Bundles - 	Entry: C:\Users\bryan\.p2\pool\plugins\org.eclipse.m2e.maven.runtime_3.9.1601.20260722-2149\jars\plexus-build-api-0.0.7.jar
2026-09-20 17:42:00,308 [Worker-34: Launching LPII_Sesion04_MV_GIT] INFO  o.eclipse.m2e.core.internal.Bundles - 	Entry: C:\Users\bryan\.p2\pool\plugins\org.eclipse.m2e.maven.runtime_3.9.1601.20260722-2149\jars\plexus-build-api-1.2.0.jar
2026-09-20 17:42:00,308 [Worker-34: Launching LPII_Sesion04_MV_GIT] INFO  o.eclipse.m2e.core.internal.Bundles - 	Entry: C:\Users\bryan\.p2\pool\plugins\org.eclipse.m2e.maven.runtime_3.9.1601.20260722-2149\jars\plexus-cipher-2.0.jar
2026-09-20 17:42:00,309 [Worker-34: Launching LPII_Sesion04_MV_GIT] INFO  o.eclipse.m2e.core.internal.Bundles - 	Entry: C:\Users\bryan\.p2\pool\plugins\org.eclipse.m2e.maven.runtime_3.9.1601.20260722-2149\jars\plexus-classworlds-2.11.0.jar
2026-09-20 17:42:00,309 [Worker-34: Launching LPII_Sesion04_MV_GIT] INFO  o.eclipse.m2e.core.internal.Bundles - 	Entry: C:\Users\bryan\.p2\pool\plugins\org.eclipse.m2e.maven.runtime_3.9.1601.20260722-2149\jars\plexus-component-annotations-2.2.0.jar
2026-09-20 17:42:00,310 [Worker-34: Launching LPII_Sesion04_MV_GIT] INFO  o.eclipse.m2e.core.internal.Bundles - 	Entry: C:\Users\bryan\.p2\pool\plugins\org.eclipse.m2e.maven.runtime_3.9.1601.20260722-2149\jars\plexus-interpolation-1.29.jar
2026-09-20 17:42:00,310 [Worker-34: Launching LPII_Sesion04_MV_GIT] INFO  o.eclipse.m2e.core.internal.Bundles - 	Entry: C:\Users\bryan\.p2\pool\plugins\org.eclipse.m2e.maven.runtime_3.9.1601.20260722-2149\jars\plexus-sec-dispatcher-2.0.jar
2026-09-20 17:42:00,310 [Worker-34: Launching LPII_Sesion04_MV_GIT] INFO  o.eclipse.m2e.core.internal.Bundles - 	Entry: C:\Users\bryan\.p2\pool\plugins\org.eclipse.m2e.maven.runtime_3.9.1601.20260722-2149\jars\plexus-utils-3.6.1.jar
2026-09-20 17:42:00,310 [Worker-34: Launching LPII_Sesion04_MV_GIT] INFO  o.eclipse.m2e.core.internal.Bundles - 	Entry: C:\Users\bryan\.p2\pool\plugins\org.eclipse.m2e.maven.runtime_3.9.1601.20260722-2149\jars\wagon-file-3.5.3.jar
2026-09-20 17:42:00,311 [Worker-34: Launching LPII_Sesion04_MV_GIT] INFO  o.eclipse.m2e.core.internal.Bundles - 	Entry: C:\Users\bryan\.p2\pool\plugins\org.eclipse.m2e.maven.runtime_3.9.1601.20260722-2149\jars\wagon-http-3.5.3.jar
2026-09-20 17:42:00,311 [Worker-34: Launching LPII_Sesion04_MV_GIT] INFO  o.eclipse.m2e.core.internal.Bundles - 	Entry: C:\Users\bryan\.p2\pool\plugins\org.eclipse.m2e.maven.runtime_3.9.1601.20260722-2149\jars\wagon-http-shared-3.5.3.jar
2026-09-20 17:42:00,312 [Worker-34: Launching LPII_Sesion04_MV_GIT] INFO  o.eclipse.m2e.core.internal.Bundles - 	Entry: C:\Users\bryan\.p2\pool\plugins\org.eclipse.m2e.maven.runtime_3.9.1601.20260722-2149\jars\wagon-provider-api-3.5.3.jar
2026-09-20 17:42:00,314 [Worker-34: Launching LPII_Sesion04_MV_GIT] INFO  o.eclipse.m2e.core.internal.Bundles - getClasspathEntries(Bundle=com.google.guava_33.7.1.jre [14])
2026-09-20 17:42:00,315 [Worker-34: Launching LPII_Sesion04_MV_GIT] INFO  o.eclipse.m2e.core.internal.Bundles - 	Entry: C:\Users\bryan\.p2\pool\plugins\com.google.guava_33.7.1.jre.jar
2026-09-20 17:42:00,315 [Worker-34: Launching LPII_Sesion04_MV_GIT] INFO  o.eclipse.m2e.core.internal.Bundles - getClasspathEntries(Bundle=slf4j.api_2.0.18 [530])
2026-09-20 17:42:00,316 [Worker-34: Launching LPII_Sesion04_MV_GIT] INFO  o.eclipse.m2e.core.internal.Bundles - 	Entry: C:\Users\bryan\.p2\pool\plugins\slf4j.api_2.0.18.jar
2026-09-20 17:42:00,316 [Worker-34: Launching LPII_Sesion04_MV_GIT] INFO  o.eclipse.m2e.core.internal.Bundles - getClasspathEntries(Bundle=jakarta.inject.jakarta.inject-api_1.0.5 [26])
2026-09-20 17:42:00,317 [Worker-34: Launching LPII_Sesion04_MV_GIT] INFO  o.eclipse.m2e.core.internal.Bundles - 	Entry: C:\Users\bryan\.p2\pool\plugins\jakarta.inject.jakarta.inject-api_1.0.5.jar
2026-09-20 17:42:00,317 [Worker-34: Launching LPII_Sesion04_MV_GIT] INFO  o.eclipse.m2e.core.internal.Bundles - getClasspathEntries(Bundle=jakarta.annotation-api_1.3.5 [24])
2026-09-20 17:42:00,318 [Worker-34: Launching LPII_Sesion04_MV_GIT] INFO  o.eclipse.m2e.core.internal.Bundles - 	Entry: C:\Users\bryan\.p2\pool\plugins\jakarta.annotation-api_1.3.5.jar
2026-09-20 17:42:00,318 [Worker-34: Launching LPII_Sesion04_MV_GIT] INFO  o.eclipse.m2e.core.internal.Bundles - getClasspathEntries(Bundle=org.apache.commons.cli_1.11.0 [56])
2026-09-20 17:42:00,318 [Worker-34: Launching LPII_Sesion04_MV_GIT] INFO  o.eclipse.m2e.core.internal.Bundles - 	Entry: C:\Users\bryan\.p2\pool\plugins\org.apache.commons.cli_1.11.0.jar
2026-09-20 17:42:00,318 [Worker-34: Launching LPII_Sesion04_MV_GIT] INFO  o.eclipse.m2e.core.internal.Bundles - getClasspathEntries(Bundle=org.apache.commons.commons-codec_1.22.1 [57])
2026-09-20 17:42:00,319 [Worker-34: Launching LPII_Sesion04_MV_GIT] INFO  o.eclipse.m2e.core.internal.Bundles - 	Entry: C:\Users\bryan\.p2\pool\plugins\org.apache.commons.commons-codec_1.22.1.jar
2026-09-20 17:42:00,319 [Worker-34: Launching LPII_Sesion04_MV_GIT] INFO  o.eclipse.m2e.core.internal.Bundles - getClasspathEntries(Bundle=com.google.guava.failureaccess_1.0.3 [15])
2026-09-20 17:42:00,320 [Worker-34: Launching LPII_Sesion04_MV_GIT] INFO  o.eclipse.m2e.core.internal.Bundles - 	Entry: C:\Users\bryan\.p2\pool\plugins\com.google.guava.failureaccess_1.0.3.jar
2026-09-20 17:42:00,322 [Worker-34: Launching LPII_Sesion04_MV_GIT] INFO  o.e.m.i.launch.MavenLaunchDelegate - Run build in "D:\Programacion\LP2\LPII_Sesi贸n_04 - Rec\LPII_Sesion04_MV_GIT":
2026-09-20 17:42:00,323 [Worker-34: Launching LPII_Sesion04_MV_GIT] INFO  o.e.m.i.launch.MavenLaunchDelegate -  mvn  -B -Dstyle.color=always 
2026-09-20 18:05:33,446 [Worker-45: Building] INFO  o.a.m.s.f.DefaultMavenResourcesFiltering - Copying 1 resource from src\main\resources to target\classes
2026-09-20 18:05:33,460 [Worker-45: Building] INFO  o.a.m.s.f.DefaultMavenResourcesFiltering - Copying 0 resource from src\test\resources to target\test-classes
2026-09-20 18:05:34,101 [Worker-45: Building] WARN  o.apache.maven.project.MavenProject - Plugin is modifying compileSourceRoots through clear(), which will not work in Maven 4.0.0. Use MavenProject.addCompileSourceRoot()/removeCompileSourceRoot() methods instead. If using a plugin, please upgrade to the latest version or report the issue to the plugin maintainer. To disable these warnings, set -Dmaven.project.sourceRoots.warningsDisabled=true on the command line, in the .mvn/maven.config file, or in project POM properties.
2026-09-20 18:05:34,102 [Worker-45: Building] WARN  o.apache.maven.project.MavenProject - Plugin is modifying compileSourceRoots through add(), which will not work in Maven 4.0.0. Use MavenProject.addCompileSourceRoot()/removeCompileSourceRoot() methods instead. If using a plugin, please upgrade to the latest version or report the issue to the plugin maintainer. To disable these warnings, set -Dmaven.project.sourceRoots.warningsDisabled=true on the command line, in the .mvn/maven.config file, or in project POM properties.
2026-09-20 18:05:34,103 [Worker-45: Building] WARN  o.apache.maven.project.MavenProject - Plugin is modifying testCompileSourceRoots through clear(), which will not work in Maven 4.0.0. Use MavenProject.addTestCompileSourceRoot()/removeTestCompileSourceRoot() methods instead. If using a plugin, please upgrade to the latest version or report the issue to the plugin maintainer. To disable these warnings, set -Dmaven.project.sourceRoots.warningsDisabled=true on the command line, in the .mvn/maven.config file, or in project POM properties.
2026-09-20 18:05:34,103 [Worker-45: Building] WARN  o.apache.maven.project.MavenProject - Plugin is modifying testCompileSourceRoots through add(), which will not work in Maven 4.0.0. Use MavenProject.addTestCompileSourceRoot()/removeTestCompileSourceRoot() methods instead. If using a plugin, please upgrade to the latest version or report the issue to the plugin maintainer. To disable these warnings, set -Dmaven.project.sourceRoots.warningsDisabled=true on the command line, in the .mvn/maven.config file, or in project POM properties.
2026-09-20 18:14:16,644 [Worker-52: Building] ERROR o.e.m.c.i.p.r.ProjectRegistryManager - Could not read pom.xml
org.eclipse.core.runtime.CoreException: Could not read pom.xml
	at org.eclipse.m2e.core.internal.IMavenToolbox.readModel(IMavenToolbox.java:245)
	at org.eclipse.m2e.core.internal.project.registry.ProjectRegistryManager.refreshPhase2(ProjectRegistryManager.java:596)
	at org.eclipse.m2e.core.internal.project.registry.ProjectRegistryManager.refresh(ProjectRegistryManager.java:496)
	at org.eclipse.m2e.core.internal.project.registry.ProjectRegistryManager.refresh(ProjectRegistryManager.java:370)
	at org.eclipse.m2e.core.internal.project.registry.ProjectRegistryManager.refresh(ProjectRegistryManager.java:322)
	at org.eclipse.m2e.core.internal.builder.MavenBuilder$BuildMethod.getProjectFacade(MavenBuilder.java:146)
	at org.eclipse.m2e.core.internal.builder.MavenBuilder$BuildMethod.lambda$0(MavenBuilder.java:84)
	at org.eclipse.m2e.core.internal.embedder.MavenExecutionContext.executeBare(MavenExecutionContext.java:462)
	at org.eclipse.m2e.core.internal.embedder.MavenExecutionContext.execute(MavenExecutionContext.java:342)
	at org.eclipse.m2e.core.internal.embedder.MavenExecutionContext.execute(MavenExecutionContext.java:281)
	at org.eclipse.m2e.core.internal.builder.MavenBuilder$BuildMethod.execute(MavenBuilder.java:83)
	at org.eclipse.m2e.core.internal.builder.MavenBuilder.build(MavenBuilder.java:192)
	at org.eclipse.core.internal.events.BuildManager$2.run(BuildManager.java:1146)
	at org.eclipse.core.runtime.SafeRunner.run(SafeRunner.java:47)
	at org.eclipse.core.internal.events.BuildManager.basicBuild(BuildManager.java:303)
	at org.eclipse.core.internal.events.BuildManager.basicBuild(BuildManager.java:363)
	at org.eclipse.core.internal.events.BuildManager$1.run(BuildManager.java:486)
	at org.eclipse.core.runtime.SafeRunner.run(SafeRunner.java:47)
	at org.eclipse.core.internal.events.BuildManager.basicBuild(BuildManager.java:489)
	at org.eclipse.core.internal.events.BuildManager.basicBuildLoop(BuildManager.java:601)
	at org.eclipse.core.internal.events.BuildManager.basicBuildLoop(BuildManager.java:549)
	at org.eclipse.core.internal.events.BuildManager.build(BuildManager.java:631)
	at org.eclipse.core.internal.events.AutoBuildJob.doBuild(AutoBuildJob.java:208)
	at org.eclipse.core.internal.events.AutoBuildJob.run(AutoBuildJob.java:309)
	at org.eclipse.core.internal.jobs.Worker.run(Worker.java:63)
Caused by: org.apache.maven.model.io.ModelParseException: only whitespace content allowed before start tag and not * (position: START_DOCUMENT seen *... @1:2) 
	at org.apache.maven.model.io.DefaultModelReader.read(DefaultModelReader.java:96)
	at org.apache.maven.model.io.DefaultModelReader.read(DefaultModelReader.java:74)
	at org.eclipse.m2e.core.internal.IMavenToolbox.readModel(IMavenToolbox.java:243)
	... 24 common frames omitted
Caused by: org.codehaus.plexus.util.xml.pull.XmlPullParserException: only whitespace content allowed before start tag and not * (position: START_DOCUMENT seen *... @1:2) 
	at org.codehaus.plexus.util.xml.pull.MXParser.parseProlog(MXParser.java:1544)
	at org.codehaus.plexus.util.xml.pull.MXParser.nextImpl(MXParser.java:1421)
	at org.codehaus.plexus.util.xml.pull.MXParser.next(MXParser.java:1131)
	at org.apache.maven.model.io.xpp3.MavenXpp3Reader.read(MavenXpp3Reader.java:645)
	at org.apache.maven.model.io.xpp3.MavenXpp3Reader.read(MavenXpp3Reader.java:672)
	at org.apache.maven.model.io.DefaultModelReader.read(DefaultModelReader.java:93)
	... 26 common frames omitted
2026-09-20 18:14:18,073 [Worker-50: Building] ERROR o.e.m.c.i.p.r.ProjectRegistryManager - Could not read pom.xml
org.eclipse.core.runtime.CoreException: Could not read pom.xml
	at org.eclipse.m2e.core.internal.IMavenToolbox.readModel(IMavenToolbox.java:245)
	at org.eclipse.m2e.core.internal.project.registry.ProjectRegistryManager.refreshPhase2(ProjectRegistryManager.java:596)
	at org.eclipse.m2e.core.internal.project.registry.ProjectRegistryManager.refresh(ProjectRegistryManager.java:496)
	at org.eclipse.m2e.core.internal.project.registry.ProjectRegistryManager.refresh(ProjectRegistryManager.java:370)
	at org.eclipse.m2e.core.internal.project.registry.ProjectRegistryManager.refresh(ProjectRegistryManager.java:322)
	at org.eclipse.m2e.core.internal.builder.MavenBuilder$BuildMethod.getProjectFacade(MavenBuilder.java:146)
	at org.eclipse.m2e.core.internal.builder.MavenBuilder$BuildMethod.lambda$0(MavenBuilder.java:84)
	at org.eclipse.m2e.core.internal.embedder.MavenExecutionContext.executeBare(MavenExecutionContext.java:462)
	at org.eclipse.m2e.core.internal.embedder.MavenExecutionContext.execute(MavenExecutionContext.java:342)
	at org.eclipse.m2e.core.internal.embedder.MavenExecutionContext.execute(MavenExecutionContext.java:281)
	at org.eclipse.m2e.core.internal.builder.MavenBuilder$BuildMethod.execute(MavenBuilder.java:83)
	at org.eclipse.m2e.core.internal.builder.MavenBuilder.build(MavenBuilder.java:192)
	at org.eclipse.core.internal.events.BuildManager$2.run(BuildManager.java:1146)
	at org.eclipse.core.runtime.SafeRunner.run(SafeRunner.java:47)
	at org.eclipse.core.internal.events.BuildManager.basicBuild(BuildManager.java:303)
	at org.eclipse.core.internal.events.BuildManager.basicBuild(BuildManager.java:363)
	at org.eclipse.core.internal.events.BuildManager$1.run(BuildManager.java:486)
	at org.eclipse.core.runtime.SafeRunner.run(SafeRunner.java:47)
	at org.eclipse.core.internal.events.BuildManager.basicBuild(BuildManager.java:489)
	at org.eclipse.core.internal.events.BuildManager.basicBuildLoop(BuildManager.java:601)
	at org.eclipse.core.internal.events.BuildManager.basicBuildLoop(BuildManager.java:549)
	at org.eclipse.core.internal.events.BuildManager.build(BuildManager.java:631)
	at org.eclipse.core.internal.events.AutoBuildJob.doBuild(AutoBuildJob.java:208)
	at org.eclipse.core.internal.events.AutoBuildJob.run(AutoBuildJob.java:309)
	at org.eclipse.core.internal.jobs.Worker.run(Worker.java:63)
Caused by: org.apache.maven.model.io.ModelParseException: only whitespace content allowed before start tag and not * (position: START_DOCUMENT seen *... @1:2) 
	at org.apache.maven.model.io.DefaultModelReader.read(DefaultModelReader.java:96)
	at org.apache.maven.model.io.DefaultModelReader.read(DefaultModelReader.java:74)
	at org.eclipse.m2e.core.internal.IMavenToolbox.readModel(IMavenToolbox.java:243)
	... 24 common frames omitted
Caused by: org.codehaus.plexus.util.xml.pull.XmlPullParserException: only whitespace content allowed before start tag and not * (position: START_DOCUMENT seen *... @1:2) 
	at org.codehaus.plexus.util.xml.pull.MXParser.parseProlog(MXParser.java:1544)
	at org.codehaus.plexus.util.xml.pull.MXParser.nextImpl(MXParser.java:1421)
	at org.codehaus.plexus.util.xml.pull.MXParser.next(MXParser.java:1131)
	at org.apache.maven.model.io.xpp3.MavenXpp3Reader.read(MavenXpp3Reader.java:645)
	at org.apache.maven.model.io.xpp3.MavenXpp3Reader.read(MavenXpp3Reader.java:672)
	at org.apache.maven.model.io.DefaultModelReader.read(DefaultModelReader.java:93)
	... 26 common frames omitted
2026-09-20 18:14:55,487 [Worker-52: reload maven project] WARN  o.e.m.c.i.embedder.EclipseLogger - The artifact mysql:mysql-connector-java:jar:8.0.33 has been relocated to com.mysql:mysql-connector-j:jar:8.0.33: MySQL Connector/J artifacts moved to reverse-DNS compliant Maven 2+ coordinates.
2026-09-20 18:14:55,513 [Worker-51: reload maven project] WARN  o.e.m.c.i.embedder.EclipseLogger - The artifact mysql:mysql-connector-java:jar:8.0.33 has been relocated to com.mysql:mysql-connector-j:jar:8.0.33: MySQL Connector/J artifacts moved to reverse-DNS compliant Maven 2+ coordinates.
2026-09-20 18:14:55,926 [Worker-50: Building] INFO  o.e.m.c.i.l.LifecycleMappingFactory - Using org.eclipse.m2e.jdt.JarLifecycleMapping lifecycle mapping for MavenProject: org.cibertec:LPII_Sesion04_MV_GIT:0.0.1-SNAPSHOT @ D:\Programacion\LP2\LPII_Sesi贸n_04 - Rec\LPII_Sesion04_MV_GIT\pom.xml.
2026-09-20 18:14:56,141 [Worker-50: Building] WARN  o.e.m.c.i.embedder.EclipseLogger - The artifact mysql:mysql-connector-java:jar:8.0.33 has been relocated to com.mysql:mysql-connector-j:jar:8.0.33: MySQL Connector/J artifacts moved to reverse-DNS compliant Maven 2+ coordinates.
2026-09-20 18:14:57,668 [Worker-50: Building] INFO  o.a.m.s.f.DefaultMavenResourcesFiltering - Copying 1 resource from src\main\resources to target\classes
2026-09-20 18:14:57,685 [Worker-50: Building] INFO  o.a.m.s.f.DefaultMavenResourcesFiltering - Copying 0 resource from src\test\resources to target\test-classes
2026-09-20 18:14:57,707 [Worker-50: Building] WARN  o.apache.maven.project.MavenProject - Plugin is modifying compileSourceRoots through clear(), which will not work in Maven 4.0.0. Use MavenProject.addCompileSourceRoot()/removeCompileSourceRoot() methods instead. If using a plugin, please upgrade to the latest version or report the issue to the plugin maintainer. To disable these warnings, set -Dmaven.project.sourceRoots.warningsDisabled=true on the command line, in the .mvn/maven.config file, or in project POM properties.
2026-09-20 18:14:57,709 [Worker-50: Building] WARN  o.apache.maven.project.MavenProject - Plugin is modifying compileSourceRoots through add(), which will not work in Maven 4.0.0. Use MavenProject.addCompileSourceRoot()/removeCompileSourceRoot() methods instead. If using a plugin, please upgrade to the latest version or report the issue to the plugin maintainer. To disable these warnings, set -Dmaven.project.sourceRoots.warningsDisabled=true on the command line, in the .mvn/maven.config file, or in project POM properties.
2026-09-20 18:14:57,710 [Worker-50: Building] WARN  o.apache.maven.project.MavenProject - Plugin is modifying testCompileSourceRoots through clear(), which will not work in Maven 4.0.0. Use MavenProject.addTestCompileSourceRoot()/removeTestCompileSourceRoot() methods instead. If using a plugin, please upgrade to the latest version or report the issue to the plugin maintainer. To disable these warnings, set -Dmaven.project.sourceRoots.warningsDisabled=true on the command line, in the .mvn/maven.config file, or in project POM properties.
2026-09-20 18:14:57,711 [Worker-50: Building] WARN  o.apache.maven.project.MavenProject - Plugin is modifying testCompileSourceRoots through add(), which will not work in Maven 4.0.0. Use MavenProject.addTestCompileSourceRoot()/removeTestCompileSourceRoot() methods instead. If using a plugin, please upgrade to the latest version or report the issue to the plugin maintainer. To disable these warnings, set -Dmaven.project.sourceRoots.warningsDisabled=true on the command line, in the .mvn/maven.config file, or in project POM properties.
2026-09-20 18:15:37,613 [Worker-1: Loading available Gradle versions] INFO  o.e.b.c.i.u.g.PublishedGradleVersions - Gradle version information cache is up-to-date. Trying to read.
2026-09-20 18:15:39,551 [Worker-0: reload maven project] WARN  o.e.m.c.i.embedder.EclipseLogger - The artifact mysql:mysql-connector-java:jar:8.0.33 has been relocated to com.mysql:mysql-connector-j:jar:8.0.33: MySQL Connector/J artifacts moved to reverse-DNS compliant Maven 2+ coordinates.
2026-09-20 18:15:56,115 [Worker-4: Build] INFO  o.a.m.s.f.DefaultMavenResourcesFiltering - Copying 1 resource from src\main\resources to target\classes
2026-09-20 18:15:56,138 [Worker-4: Build] INFO  o.a.m.s.f.DefaultMavenResourcesFiltering - Copying 0 resource from src\test\resources to target\test-classes
2026-09-20 18:15:57,039 [Worker-4: Build] WARN  o.apache.maven.project.MavenProject - Plugin is modifying compileSourceRoots through clear(), which will not work in Maven 4.0.0. Use MavenProject.addCompileSourceRoot()/removeCompileSourceRoot() methods instead. If using a plugin, please upgrade to the latest version or report the issue to the plugin maintainer. To disable these warnings, set -Dmaven.project.sourceRoots.warningsDisabled=true on the command line, in the .mvn/maven.config file, or in project POM properties.
2026-09-20 18:15:57,040 [Worker-4: Build] WARN  o.apache.maven.project.MavenProject - Plugin is modifying compileSourceRoots through add(), which will not work in Maven 4.0.0. Use MavenProject.addCompileSourceRoot()/removeCompileSourceRoot() methods instead. If using a plugin, please upgrade to the latest version or report the issue to the plugin maintainer. To disable these warnings, set -Dmaven.project.sourceRoots.warningsDisabled=true on the command line, in the .mvn/maven.config file, or in project POM properties.
2026-09-20 18:15:57,041 [Worker-4: Build] WARN  o.apache.maven.project.MavenProject - Plugin is modifying testCompileSourceRoots through clear(), which will not work in Maven 4.0.0. Use MavenProject.addTestCompileSourceRoot()/removeTestCompileSourceRoot() methods instead. If using a plugin, please upgrade to the latest version or report the issue to the plugin maintainer. To disable these warnings, set -Dmaven.project.sourceRoots.warningsDisabled=true on the command line, in the .mvn/maven.config file, or in project POM properties.
2026-09-20 18:15:57,042 [Worker-4: Build] WARN  o.apache.maven.project.MavenProject - Plugin is modifying testCompileSourceRoots through add(), which will not work in Maven 4.0.0. Use MavenProject.addTestCompileSourceRoot()/removeTestCompileSourceRoot() methods instead. If using a plugin, please upgrade to the latest version or report the issue to the plugin maintainer. To disable these warnings, set -Dmaven.project.sourceRoots.warningsDisabled=true on the command line, in the .mvn/maven.config file, or in project POM properties.
